item_id,year,date_norm,date_raw,date_method,title_ascii
micro_IA04244210_0002,2010,2010,2010-01-01T00:00:00Z,exact,Irrigation water quality and food safety final report Agriculture Development Fund project # 20060056
micro_IA04244210_0211,2010,2010,2010-01-01T00:00:00Z,exact,"Quarterly compliance and enforcement summary January 1, 2010 to March 31, 2010"
micro_IA04244210_0212,2010,2010,2010-01-01T00:00:00Z,exact,"Quarterly compliance and enforcement summary April 1, 2010 to June 30, 2010"
micro_IA04244210_0213,2010,2010,2010-01-01T00:00:00Z,exact,"Quarterly environmental compliance and enforcement summary July 1, 2010 to September 30, 2010"
micro_IA04244210_0214,2010,2010,2010-01-01T00:00:00Z,exact,"Quarterly environmental compliance and enforcement summary October 1, 2010 to December 31, 2010"
micro_IA04244210_0258,2010,2010,2010-01-01T00:00:00Z,exact,City of Cranbrook 2009 annual report
micro_IA04244210_0337,2010,2010,2010-01-01T00:00:00Z,exact,Selected vital statistics and health status indicators one hundred and thirty-eighth annual report 2009
micro_IA04244212_1865,2010,2010,2010-01-01T00:00:00Z,exact,Locally planned care annual business plan 2010-2011
micro_IA04244212_1866,2010,2010,2010-01-01T00:00:00Z,exact,Annual report 2009-2010
micro_IA04244212_2317,2010,2010,2010-01-01T00:00:00Z,exact,"Saskatchewan Disease Control Laboratory newsletter. Volume 1, number 1 (January 2010)"
micro_IA04244212_2318,2010,2010,2010-01-01T00:00:00Z,exact,"Saskatchewan Disease Control Laboratory newsletter. Volume 1, number 2 (October 2010)"
micro_IA24402414_0250,2010,2010,2010-01-01T00:00:00Z,exact,CNSC staff integrated safety assessment of Canadian nuclear power plants for 2009
micro_IA24402414_0262,2010,2010,2010-01-01T00:00:00Z,exact,Annual report on the Privacy Act 2009-10 Rapport annuel concernant la loi sur la protection des renseignements personnels 2009-2010
micro_IA24402414_0268,2010,2010,2010-01-01T00:00:00Z,exact,Annual report on the Access to Information Act 2009-10 INFO-0803 = rapport annuel concernant la loi sur l'acces a l'information 2009-2010 : INFO-0803
micro_IA40242401_0671,2010,2010,2010-01-01T00:00:00Z,exact,09-10 annual report
micro_IA40242401_1955,2010,2010,2010-01-01T00:00:00Z,exact,Annual report 2009/2010
micro_IA40242402_0123,2010,2010,2010-01-01T00:00:00Z,exact,"Flash grippe. Volume 1, numero 2 (le mardi 21 decembre 2010), L'activite grippale augmente au Quebec : les efforts de vaccination doivent s'intensifier"
micro_IA40242402_2068,2010,2010,2010-01-01T00:00:00Z,exact,2009 report to members
micro_IA40242403_0304,2010,2010,2010-01-01T00:00:00Z,exact,"HIV and AIDS in Saskatchewan, 2009"
micro_IA40242403_0478,2010,2010,2010-01-01T00:00:00Z,exact,Aluminum and magnesium phosphide
micro_IA40242403_0479,2010,2010,2010-01-01T00:00:00Z,exact,Acrolein
micro_IA40242403_0480,2010,2010,2010-01-01T00:00:00Z,exact,Discontinuation of agricultural and non-agricultural pest control products under re-evaluation and proposed changes to maximum residue limits : update 6
micro_IA40242403_0481,2010,2010,2010-01-01T00:00:00Z,exact,Progress report on the Pest Management Regulatory Agency re-evaluation workplan (April 2009 to March 2010)
micro_IA40242403_0515,2010,2010,2010-01-01T00:00:00Z,exact,Report on human biomonitoring of environmental chemicals in Canada : results of the Canadian Health Measures Survey Cycle 1 (2007-2009)
micro_IA40242403_0518,2010,2010,2010-01-01T00:00:00Z,exact,Rapport sur la biosurveillance humaine des substances chimiques de l'environnement au Canada : resultats de l'Enquete canadienne sur les mesures de la sante cycle 1 (2007 a 2009)
micro_IA40242403_0733,2010,2010,2010-01-01T00:00:00Z,exact,Business plan 2010-13
micro_IA40242403_1047,2010,2010,2010-01-01T00:00:00Z,exact,"Business plan April 1, 2010-March 31, 2011"
micro_IA40242403_1743,2010,2010,2010-01-01T00:00:00Z,exact,Update on the status of the revisions to the residue chemistry crop groups
micro_IA40242403_1744,2010,2010,2010-01-01T00:00:00Z,exact,Label improvements for spot-on pesticides used for flea and tick control on companion animals
micro_IA40242403_1746,2010,2010,2010-01-01T00:00:00Z,exact,Guidelines for reliance on proprietary data under the pest control products regulations
micro_IA40242403_1747,2010,2010,2010-01-01T00:00:00Z,exact,Revisions to the residue chemistry crop field trial requirements
micro_IA40242403_3479,2010,2010,2010-01-01T00:00:00Z,exact,Health care and social assistance industry
micro_IA40242404_0518,2010,2010,2010-01-01T00:00:00Z,exact,2009-10 annual report
micro_IA40242404_0588,2010,2010,2010-01-01T00:00:00Z,exact,PEI Health System strategic plan 2009-2012
micro_IA40243313_0627,2010,2010,,title_extracted,The Path to health and wellness : making British Columbians healthier by 2010
micro_IA40244205_1918,2010,2010,2010-01-01T00:00:00Z,exact,Uncoupling of fertilizer-pesticide combination products for lawn and turf uses
micro_IA40244205_1920,2010,2010,2010-01-01T00:00:00Z,exact,Reevaluation work plan for glyphosate
micro_IA40244205_1922,2010,2010,2010-01-01T00:00:00Z,exact,Acetamiprid
micro_IA40244205_1924,2010,2010,2010-01-01T00:00:00Z,exact,RootShield biological fungicide trichoderma harzianum rifai strain KRL-AG2
micro_IA40244205_1926,2010,2010,2010-01-01T00:00:00Z,exact,Propiconazole
micro_IA40244205_1928,2010,2010,2010-01-01T00:00:00Z,exact,Imazamox
micro_IA40244205_1930,2010,2010,2010-01-01T00:00:00Z,exact,Isoxaflutole
micro_IA40244205_1932,2010,2010,2010-01-01T00:00:00Z,exact,Fosetyl-aluminum
micro_IA40244205_1934,2010,2010,2010-01-01T00:00:00Z,exact,Chlorothalonil
micro_IA40244205_1936,2010,2010,2010-01-01T00:00:00Z,exact,Prothioconazole
micro_IA40244205_1938,2010,2010,2010-01-01T00:00:00Z,exact,Sethoxydim
micro_IA40244205_1940,2010,2010,2010-01-01T00:00:00Z,exact,Trifloxystrobin
micro_IA40244205_1942,2010,2010,2010-01-01T00:00:00Z,exact,Fluazinam
micro_IA40244205_1944,2010,2010,2010-01-01T00:00:00Z,exact,Chlorothalonil
micro_IA40244205_1946,2010,2010,2010-01-01T00:00:00Z,exact,Azoxystrobin
micro_IA40244205_1948,2010,2010,2010-01-01T00:00:00Z,exact,Pyrimethanil
micro_IA40244205_1950,2010,2010,2010-01-01T00:00:00Z,exact,Topramezone
micro_IA40244205_1952,2010,2010,2010-01-01T00:00:00Z,exact,Boscalid
micro_IA40244205_1982,2010,2010,2010-01-01T00:00:00Z,exact,New immigrants' assessments of their life in Canada
micro_IA40244205_2006,2010,2010,2010-01-01T00:00:00Z,exact,Participation and activity limitation survey 2006. Tables (part VI)
micro_IA40244205_2254,2010,2010,2010-01-01T00:00:00Z,exact,Population report. December 2009
micro_IA40244205_2255,2010,2010,2010-01-01T00:00:00Z,exact,Diallyl disulfide and related sulfides
micro_IA40244205_2259,2010,2010,2010-01-01T00:00:00Z,exact,"GDP income from labour, 2008"
micro_IA40244205_2265,2010,2010,2010-01-01T00:00:00Z,exact,Mesosulfuron-methyl
micro_IA40244205_2267,2010,2010,2010-01-01T00:00:00Z,exact,Metarhizium anisopliae strain F52
micro_IA40244205_2396,2010,2010,2010-01-01T00:00:00Z,exact,Occupational Health and Safety Act and Regulations for construction projects: Revised statutes of Ontario (January 2010)
micro_IA40244205_2399,2010,2010,2010-01-01T00:00:00Z,exact,Guide to weed control 2010-2011 publication 75
micro_IA40244205_2703,2010,2010,2010-01-01T00:00:00Z,exact,Tefluthrin
micro_IA40244205_2705,2010,2010,2010-01-01T00:00:00Z,exact,Requirements for designing peel-back and multi-component labels of domestic class pest control products
micro_IA40244205_2707,2010,2010,2010-01-01T00:00:00Z,exact,Guidance to improve statements on labels of domestic class pest control products
micro_IA40244205_2709,2010,2010,2010-01-01T00:00:00Z,exact,Guidance for designing marketplace labels of domestic class pest control products
micro_IA40244205_2711,2010,2010,2010-01-01T00:00:00Z,exact,Pesticide labelling framework
micro_IA40244205_3126,2010,2010,2010-01-01T00:00:00Z,exact,"Breaking the cycle, the first year Ontario's poverty reduction strategy 2009 annual report"
micro_IA40244205_3131,2010,2010,2010-01-01T00:00:00Z,exact,Vegetable production recommendations 2010-2011
micro_IA40244205_3139,2010,2010,2010-01-01T00:00:00Z,exact,Speech from the Throne open Ontario plan
micro_IA40244205_3141,2010,2010,2010-01-01T00:00:00Z,exact,"New relationships with Aboriginal people and communities in B.C. measuring outcomes, 2008-2009"
micro_IA40244205_3142,2010,2010,2010-01-01T00:00:00Z,exact,Precautions taken to avoid victimization a gender perspective
micro_IA40244205_3144,2010,2010,2010-01-01T00:00:00Z,exact,Life satisfaction of working-age women with disabilities
micro_IA40244205_3146,2010,2010,2010-01-01T00:00:00Z,exact,Vitamin D status of Canadians as measured in the 2007 to 2009 Canadian health measures survey
micro_IA40244205_3148,2010,2010,2010-01-01T00:00:00Z,exact,The effect of supplement use on vitamin C intake
micro_IA40244205_3150,2010,2010,2010-01-01T00:00:00Z,exact,2006 Aboriginal population profile for Vancouver
micro_IA40244205_3152,2010,2010,2010-01-01T00:00:00Z,exact,2006 Aboriginal population profile for Victoria
micro_IA40244205_3154,2010,2010,2010-01-01T00:00:00Z,exact,2006 Aboriginal population profile for Prince George
micro_IA40244205_3156,2010,2010,2010-01-01T00:00:00Z,exact,2006 Aboriginal population profile for Kamloops
micro_IA40244205_3166,2010,2010,2010-01-01T00:00:00Z,exact,Caring for a parent who lives far away the consequences
micro_IA40244205_3172,2010,2010,2010-01-01T00:00:00Z,exact,Maintenance enforcement by neighbourhood income in seven reporting census metropolitan areas
micro_IA40244205_3274,2010,2010,2010-01-01T00:00:00Z,exact,Imazethapyr
micro_IA40244205_3275,2010,2010,2010-01-01T00:00:00Z,exact,Tefluthrin
micro_IA40244205_3283,2010,2010,2010-01-01T00:00:00Z,exact,2006 Aboriginal population profile for Edmonton
micro_IA40244205_3389,2010,2010,2010-01-01T00:00:00Z,exact,Population highlights. 09-04 (fourth quarter 2009)
micro_IA40244205_3489,2010,2010,2010-01-01T00:00:00Z,exact,FeHEDTA
micro_IA40244206_0072,2010,2010,2010-01-01T00:00:00Z,exact,Hand-in-hand a review of First Nations child welfare in New Brunswick
micro_IA40244206_0076,2010,2010,2010-01-01T00:00:00Z,exact,New Brunswick trauma system final report
micro_IA40244206_0098,2010,2010,2010-01-01T00:00:00Z,exact,The PARIS system for community care services access and security
micro_IA40244206_0122,2010,2010,2010-01-01T00:00:00Z,exact,Budget and fiscal plan 2010/11-2012/13
micro_IA40244206_0127,2010,2010,2010-01-01T00:00:00Z,exact,Electronic health record implementation in British Columbia
micro_IA40244206_0130,2010,2010,2010-01-01T00:00:00Z,exact,Operation and maintenance estimates 2010-2011
micro_IA40244206_0131,2010,2010,2010-01-01T00:00:00Z,exact,"Capital estimates, 2010-2011"
micro_IA40244206_0136,2010,2010,2010-01-01T00:00:00Z,exact,A primer on scientific risk assessment at Health Canada
micro_IA40244206_0137,2010,2010,2010-01-01T00:00:00Z,exact,"Let's talk. Volume 34, no. 2 (March 2010)"
micro_IA40244206_0402,2010,2010,2010-01-01T00:00:00Z,exact,Health policy research bulletin. Issue 16 (March 2010)
micro_IA40244206_0417,2010,2010,2010-01-01T00:00:00Z,exact,2009 annual report
micro_IA40244206_0424,2010,2010,2010-01-01T00:00:00Z,exact,Integrated health service plan (IHSP) 2010-2013
micro_IA40244206_0465,2010,2010,2010-01-01T00:00:00Z,exact,Revised management of submissions policy
micro_IA40244206_0467,2010,2010,2010-01-01T00:00:00Z,exact,Mandipropamid
micro_IA40244206_0469,2010,2010,2010-01-01T00:00:00Z,exact,Diodofon
micro_IA40244206_0471,2010,2010,2010-01-01T00:00:00Z,exact,Butoxypolypropylene glycol
micro_IA40244206_0473,2010,2010,2010-01-01T00:00:00Z,exact,"Hexahydro-1,3,5-tris (2-hydroxyethyl)-s-triazine (hexahydrotriazine)"
micro_IA40244206_0475,2010,2010,2010-01-01T00:00:00Z,exact,Sclerotinia minor strain IMI 344141
micro_IA40244206_0477,2010,2010,2010-01-01T00:00:00Z,exact,Acequinocyl
micro_IA40244206_0479,2010,2010,2010-01-01T00:00:00Z,exact,"Liquid carbon dioxide, cryonite"
micro_IA40244206_0481,2010,2010,2010-01-01T00:00:00Z,exact,Garlic oil
micro_IA40244206_0483,2010,2010,2010-01-01T00:00:00Z,exact,Bacillus subtilis strain QST 713
micro_IA40244206_0485,2010,2010,2010-01-01T00:00:00Z,exact,Bacillus subtilis strain MBI 600 Integral Liquid Biological Fungicide
micro_IA40244206_0487,2010,2010,2010-01-01T00:00:00Z,exact,Acetamiprid
micro_IA40244206_0489,2010,2010,2010-01-01T00:00:00Z,exact,Clodinafop-propargyl
micro_IA40244206_0491,2010,2010,2010-01-01T00:00:00Z,exact,Tribenuron-methyl
micro_IA40244206_0493,2010,2010,2010-01-01T00:00:00Z,exact,Lambda-cyhalothrin
micro_IA40244206_0495,2010,2010,2010-01-01T00:00:00Z,exact,Cyazofamid
micro_IA40244206_0497,2010,2010,2010-01-01T00:00:00Z,exact,Tepraloxydim
micro_IA40244206_0499,2010,2010,2010-01-01T00:00:00Z,exact,Fenbuconazole
micro_IA40244206_0501,2010,2010,2010-01-01T00:00:00Z,exact,Pyraclostrobin
micro_IA40244206_0503,2010,2010,2010-01-01T00:00:00Z,exact,Deltamethrin
micro_IA40244206_0505,2010,2010,2010-01-01T00:00:00Z,exact,Simazine
micro_IA40244206_0507,2010,2010,2010-01-01T00:00:00Z,exact,Chlormequat chloride
micro_IA40244206_0509,2010,2010,2010-01-01T00:00:00Z,exact,Diquat dibromide
micro_IA40244206_0511,2010,2010,2010-01-01T00:00:00Z,exact,Clethodim
micro_IA40244206_0513,2010,2010,2010-01-01T00:00:00Z,exact,Tetrakis (Hydroxymethyl) phosphonium sulfate
micro_IA40244206_0515,2010,2010,2010-01-01T00:00:00Z,exact,Thiencarbazone-methyl
micro_IA40244206_0567,2010,2010,2010-01-01T00:00:00Z,exact,Plan for 2010-11
micro_IA40244206_0585,2010,2010,2010-01-01T00:00:00Z,exact,[State of the watershed report]
micro_IA40244206_0598,2010,2010,2010-01-01T00:00:00Z,exact,"Financial statements of Hospitality Network Canada Inc. December 31, 2009"
micro_IA40244206_0618,2010,2010,2010-01-01T00:00:00Z,exact,"Current housing research. Volume 17, number 1 (spring 2010)"
micro_IA40244206_0761,2010,2010,2010-01-01T00:00:00Z,exact,Insectary notes. January/February 2010
micro_IA40244206_0784,2010,2010,2010-01-01T00:00:00Z,exact,Community contact. March/April 2010
micro_IA40244206_0811,2010,2010,2010-01-01T00:00:00Z,exact,Fiscal challenges in the Atlantic Provinces
micro_IA40244206_0887,2010,2010,2010-01-01T00:00:00Z,exact,An action plan for self-sufficiency in northern New Brunswick
micro_IA40244206_1014,2010,2010,2010-01-01T00:00:00Z,exact,3-Trimethoxysilyl propyldimethyl octadecyl ammonium chloride
micro_IA40244206_1016,2010,2010,2010-01-01T00:00:00Z,exact,Garlic powder
micro_IA40244206_1018,2010,2010,2010-01-01T00:00:00Z,exact,Pyroxsulam
micro_IA40244206_1022,2010,2010,2010-01-01T00:00:00Z,exact,Pyraclostrobin
micro_IA40244206_1024,2010,2010,2010-01-01T00:00:00Z,exact,"Lactobacillus casei strain LPT-111, Lactobacillus rhamnosus strain LPT-21, Lactococcus lactis ssp. lactis strain LL64/CSL, Lactococcus lactis ssp. lactis strain LL102/CSL, Lactococcus lactis ssp. cremoris strain M11/CSL"
micro_IA40244206_1026,2010,2010,2010-01-01T00:00:00Z,exact,Sodium fluoride
micro_IA40244206_1028,2010,2010,2010-01-01T00:00:00Z,exact,Imazethapyr
micro_IA40244206_1030,2010,2010,2010-01-01T00:00:00Z,exact,Para-dichlorobenzene
micro_IA40244206_1048,2010,2010,2010-01-01T00:00:00Z,exact,2009 annual report Public Employees Disability Income Fund
micro_IA40244206_1053,2010,2010,2010-01-01T00:00:00Z,exact,2009 annual report Extended Health Care Plan for Retired Employees
micro_IA40244206_1054,2010,2010,2010-01-01T00:00:00Z,exact,2009 annual report Extended Health Care Plan for Certain Other Retired Employees
micro_IA40244206_1056,2010,2010,2010-01-01T00:00:00Z,exact,2009 annual report Public Employees Dental Fund
micro_IA40244206_1057,2010,2010,2010-01-01T00:00:00Z,exact,2009 annual report Extended Health Care Plan for Certain Other Employees
micro_IA40244206_1059,2010,2010,2010-01-01T00:00:00Z,exact,2009 annual report Extended Health Care Plan
micro_IA40244206_1087,2010,2010,2010-01-01T00:00:00Z,exact,Municipal Financing Corporation of Saskatchewan 2009 annual report
micro_IA40244206_1114,2010,2010,2010-01-01T00:00:00Z,exact,Tritium activity in garden produce from Pembroke in 2007 and dose to the public part of the Tritium Studies Project
micro_IA40244206_1115,2010,2010,2010-01-01T00:00:00Z,exact,"Health effects, dosimetry and radiological protection of tritium part of the Tritium Studies Project"
micro_IA40244206_1120,2010,2010,2010-01-01T00:00:00Z,exact,Evaluation of facilities handling tritium part of the Tritium Studies Project
micro_IA40244206_1198,2010,2010,2010-01-01T00:00:00Z,exact,Population highlights. 10-01 (first quarter 2010)
micro_IA40244206_1214,2010,2010,2010-01-01T00:00:00Z,exact,Flumioxazin
micro_IA40244206_1216,2010,2010,2010-01-01T00:00:00Z,exact,Nosema (Paranosema) locustae Canning
micro_IA40244206_1218,2010,2010,2010-01-01T00:00:00Z,exact,Pseudomonas fluorescens Strain A506
micro_IA40244206_1220,2010,2010,2010-01-01T00:00:00Z,exact,Abamectin
micro_IA40244206_1222,2010,2010,2010-01-01T00:00:00Z,exact,Azoxystrobin
micro_IA40244206_1224,2010,2010,2010-01-01T00:00:00Z,exact,Sethoxydim
micro_IA40244206_1226,2010,2010,2010-01-01T00:00:00Z,exact,Azoxystrobin
micro_IA40244206_1228,2010,2010,2010-01-01T00:00:00Z,exact,Bromoxynil
micro_IA40244206_1230,2010,2010,2010-01-01T00:00:00Z,exact,Pyroxsulam
micro_IA40244206_1285,2010,2010,2010-01-01T00:00:00Z,exact,"EpiNorth the Northwest Territories epidemiology newsletter. Volume 21, issue 1"
micro_IA40244206_1288,2010,2010,2010-01-01T00:00:00Z,exact,Supplementary health benefits a conversation with Northerners
micro_IA40244206_1289,2010,2010,2010-01-01T00:00:00Z,exact,Beauveria bassiana strain HF23
micro_IA40244206_1291,2010,2010,2010-01-01T00:00:00Z,exact,Update of re-evaluation of Bacillus thuringiensis
micro_IA40244206_1293,2010,2010,2010-01-01T00:00:00Z,exact,Prothioconazole
micro_IA40244206_1295,2010,2010,2010-01-01T00:00:00Z,exact,Oxalic acid dihydrate
micro_IA40244206_1297,2010,2010,2010-01-01T00:00:00Z,exact,Prothioconazole
micro_IA40244206_1433,2010,2010,2010-01-01T00:00:00Z,exact,WSIB 2010 premium rates manual
micro_IA40244206_1444,2010,2010,2010-01-01T00:00:00Z,exact,Workplace violence and harassment understanding the law
micro_IA40244206_1446,2010,2010,2010-01-01T00:00:00Z,exact,Naphthalene
micro_IA40244206_1604,2010,2010,2010-01-01T00:00:00Z,exact,Weaning beef calves
micro_IA40244206_1640,2010,2010,2010-01-01T00:00:00Z,exact,Occupational health & safety magazine. January 2010
micro_IA40244206_1641,2010,2010,2010-01-01T00:00:00Z,exact,Occupational health & safety magazine. May 2010
micro_IA40244206_1648,2010,2010,2010-01-01T00:00:00Z,exact,Annual report 2009
micro_IA40244206_1728,2010,2010,2010-01-01T00:00:00Z,exact,Bulletin #62 Manitoba drug benefits and interchangeability formulary amendments
micro_IA40244206_1729,2010,2010,2010-01-01T00:00:00Z,exact,Bulletin #63 Manitoba drug benefits and interchangeability formulary amendments
micro_IA40244206_2070,2010,2010,2010-01-01T00:00:00Z,exact,Pseudomonas syringae strain ESC-10
micro_IA40244206_2072,2010,2010,2010-01-01T00:00:00Z,exact,Flumioxazin
micro_IA40244206_2074,2010,2010,2010-01-01T00:00:00Z,exact,Cyazofamid
micro_IA40244206_2076,2010,2010,2010-01-01T00:00:00Z,exact,Difenoconazole
micro_IA40244206_2078,2010,2010,2010-01-01T00:00:00Z,exact,Propiconazole
micro_IA40244206_2080,2010,2010,2010-01-01T00:00:00Z,exact,Quintozene
micro_IA40244206_2082,2010,2010,2010-01-01T00:00:00Z,exact,S-metolachlor
micro_IA40244206_2084,2010,2010,2010-01-01T00:00:00Z,exact,Update on picloram
micro_IA40244206_2086,2010,2010,2010-01-01T00:00:00Z,exact,Copper pesticides
micro_IA40244206_2092,2010,2010,2010-01-01T00:00:00Z,exact,Interim report
micro_IA40244206_2110,2010,2010,2010-01-01T00:00:00Z,exact,Engaging middle years students in learning transforming middle years education in Manitoba
micro_IA40244206_2123,2010,2010,2010-01-01T00:00:00Z,exact,2009/10 quarterly financial report April to December 2009
micro_IA40244206_2135,2010,2010,2010-01-01T00:00:00Z,exact,Population report. June 2010
micro_IA40244206_2137,2010,2010,2010-01-01T00:00:00Z,exact,Mono- and di-potassium salts of phosphorous acid
micro_IA40244206_2140,2010,2010,2010-01-01T00:00:00Z,exact,"(E,Z)-11-tetradecenal"
micro_IA40244206_2142,2010,2010,2010-01-01T00:00:00Z,exact,Proposed maximum residue limits for chemicals/commodities currently registered in Canada and covered by the 0.1 parts per million general maximum residue limit
micro_IA40244206_2144,2010,2010,2010-01-01T00:00:00Z,exact,Methomyl
micro_IA40244206_2146,2010,2010,2010-01-01T00:00:00Z,exact,Sulfentrazone
micro_IA40244206_2148,2010,2010,2010-01-01T00:00:00Z,exact,Sulfentrazone
micro_IA40244206_2165,2010,2010,2010-01-01T00:00:00Z,exact,"Charting a path forward report of the independent review of the Accessibility for Ontarians with Disabilities Act, 2005"
micro_IA40244206_2189,2010,2010,2010-01-01T00:00:00Z,exact,"Brampton Civic Hospital public-private partnership project (section 3.03, 2008 Annual report of the Auditor General of Ontario)"
micro_IA40244206_2191,2010,2010,2010-01-01T00:00:00Z,exact,"Community mental health (section 3.06, 2008 Annual report of the Auditor General of Ontario)"
micro_IA40244206_2245,2010,2010,2010-01-01T00:00:00Z,exact,Report on plans and priorities 2010-2011
micro_IA40244206_2269,2010,2010,2010-01-01T00:00:00Z,exact,2010-2011 report on plans and priorities
micro_IA40244206_2332,2010,2010,2010-01-01T00:00:00Z,exact,Disease resistance screening for spring wheat breeding programs at the University of Saskatchewan
micro_IA40244206_2336,2010,2010,2010-01-01T00:00:00Z,exact,"Improving yields, quality and product utilization of Saskatchewan-grown milk thistle"
micro_IA40244206_2358,2010,2010,2010-01-01T00:00:00Z,exact,Budget 2010-11 for a more efficient and better funded health-care system
micro_IA40244206_2359,2010,2010,2010-01-01T00:00:00Z,exact,Budget 2010-11 maintaining control over our choices : budget at a glance
micro_IA40244206_2362,2010,2010,2010-01-01T00:00:00Z,exact,Budget 2010-11 choices for the future : economic and budgetary action plan
micro_IA40244206_2420,2010,2010,2010-01-01T00:00:00Z,exact,All terrain vehicle (ATV) safety for agricultural workers
micro_IA40244206_2422,2010,2010,2010-01-01T00:00:00Z,exact,A health and safety guide for handling farm animals and poultry
micro_IA40244206_2431,2010,2010,2010-01-01T00:00:00Z,exact,Supplementary information for legislative review 2010-2011 expenditures estimates
micro_IA40244206_2441,2010,2010,2010-01-01T00:00:00Z,exact,2009 annual report
micro_IA40244206_2442,2010,2010,2010-01-01T00:00:00Z,exact,Overview of the current state of knowledge on societal outcomes of housing
micro_IA40244206_2443,2010,2010,2010-01-01T00:00:00Z,exact,A longitudinal study of housing for mental health consumer-survivors
micro_IA40244206_2449,2010,2010,2010-01-01T00:00:00Z,exact,Biological synopsis of phytoplankton new to the Bay of Fundy
micro_IA40244206_2460,2010,2010,2010-01-01T00:00:00Z,exact,2009 annual report
micro_IA40244206_2462,2010,2010,2010-01-01T00:00:00Z,exact,2009 annual report
micro_IA40244206_2466,2010,2010,2010-01-01T00:00:00Z,exact,Five year plan 2010-2014
micro_IA40244206_2611,2010,2010,2010-01-01T00:00:00Z,exact,2010 to 2013 ministry business plan
micro_IA40244206_2617,2010,2010,2010-01-01T00:00:00Z,exact,Government of Alberta strategic business plan
micro_IA40244206_2640,2010,2010,2010-01-01T00:00:00Z,exact,Guidelines for reclamation to forest vegetation in the Athabasca Oil Sands Region
micro_IA40244206_2648,2010,2010,2010-01-01T00:00:00Z,exact,GNWT report on drinking water
micro_IA40244206_2797,2010,2010,2010-01-01T00:00:00Z,exact,"Newsletter. Volume 14, issue no. 3 (July 2010)"
micro_IA40244206_2804,2010,2010,2010-01-01T00:00:00Z,exact,"Ontario influenza bulletin. 2006-2007 season. Surveillance week 41-42 (October 8-October 21, 2006)"
micro_IA40244206_2884,2010,2010,2010-01-01T00:00:00Z,exact,Business indicators. 10-05 (May 2010)
micro_IA40244206_2899,2010,2010,2010-01-01T00:00:00Z,exact,Population highlights. 10-02 (second quarter 2010)
micro_IA40244206_2952,2010,2010,2010-01-01T00:00:00Z,exact,Public Health and Primary Health Care Community Water Fluoridation Program 2009/2010
micro_IA40244206_3029,2010,2010,2010-01-01T00:00:00Z,exact,The employer's guide to workplace safety and insurance
micro_IA40244206_3032,2010,2010,2010-01-01T00:00:00Z,exact,A guide to programs and services for seniors in Ontario
micro_IA40244206_3049,2010,2010,2010-01-01T00:00:00Z,exact,"Code and guide for plumbing 2006 containing the Building Code Act, 1992 and O.Reg. 350/06. Volume 1"
micro_IA40244206_3057,2010,2010,2010-01-01T00:00:00Z,exact,2007-2009 final report for does bovine respiratory disease treatment strategy influence the expression of chronic pneumonia and polyarthritis syndrome
micro_IA40244206_3244,2010,2010,2010-01-01T00:00:00Z,exact,"Annual report to the Minister of Health for the 2009-10 fiscal year ended March 31, 2010"
micro_IA40244206_3247,2010,2010,2010-01-01T00:00:00Z,exact,Increasing Nunavut housing ventilation rates with HRVs
micro_IA40244206_3261,2010,2010,2010-01-01T00:00:00Z,exact,Effect of snow and ice on exterior ramp navigation by wheelchair users
micro_IA40244206_3365,2010,2010,2010-01-01T00:00:00Z,exact,Annual report 2009-2010
micro_IA40244206_3376,2010,2010,2010-01-01T00:00:00Z,exact,Toward an improved health system in French in New Brunswick
micro_IA40244206_3377,2010,2010,2010-01-01T00:00:00Z,exact,2008 annual report
micro_IA40244206_3383,2010,2010,2010-01-01T00:00:00Z,exact,A chronic disease prevention and management framework for New Brunswick
micro_IA40244206_3390,2010,2010,2010-01-01T00:00:00Z,exact,2009 annual report
micro_IA40244206_3406,2010,2010,2010-01-01T00:00:00Z,exact,Annual report 2009
micro_IA40244206_3436,2010,2010,2010-01-01T00:00:00Z,exact,"Best practices guidelines for occupational health and safety in the healthcare industry. Volume 3, Best practices for the assessment and control of chemical hazards"
micro_IA40244206_3437,2010,2010,2010-01-01T00:00:00Z,exact,2010-13 ministry business plan
micro_IA40244206_3446,2010,2010,2010-01-01T00:00:00Z,exact,Research capacity impacts 2009 annual report
micro_IA40244206_3452,2010,2010,2010-01-01T00:00:00Z,exact,Service plan guidelines for 2010/2011 student health under review
micro_IA40244206_3453,2010,2010,2010-01-01T00:00:00Z,exact,Annual report guidelines for 2009/2010 school year under review
micro_IA40244206_3458,2010,2010,2010-01-01T00:00:00Z,exact,"2009 annual Alberta labour market review employment, unemployment, economic regions, migration, Aboriginal people, industries, occupations, education, age groups"
micro_IA40244207_0044,2010,2010,2010-01-01T00:00:00Z,exact,"Infoline. Issue 10-19 (May 14, 2010)"
micro_IA40244207_0050,2010,2010,2010-01-01T00:00:00Z,exact,"Infoline. Issue 10-25 (June 25, 2010)"
micro_IA40244207_0058,2010,2010,2010-01-01T00:00:00Z,exact,"Infoline. Issue 10-33 (August 20, 2010)"
micro_IA40244207_0062,2010,2010,2010-01-01T00:00:00Z,exact,"Infoline. Issue 10-37 (September 17, 2010)"
micro_IA40244207_0064,2010,2010,2010-01-01T00:00:00Z,exact,"Infoline. Issue 10-39 (October 1, 2010)"
micro_IA40244207_0127,2010,2010,2010-01-01T00:00:00Z,exact,Livestock guardian dogs and their care in winter
micro_IA40244207_0134,2010,2010,2010-01-01T00:00:00Z,exact,Horse barn ventilation
micro_IA40244207_0205,2010,2010,2010-01-01T00:00:00Z,exact,"Ceptor animal health news. Volume 18, issue no. 1 (April 2010)"
micro_IA40244207_0206,2010,2010,2010-01-01T00:00:00Z,exact,"Ceptor animal health news. Volume 18, issue no. 2 (June 2010)"
micro_IA40244207_0279,2010,2010,2010-01-01T00:00:00Z,exact,2010 Canadian marine ecosystem status and trends report
micro_IA40244207_0309,2010,2010,2010-01-01T00:00:00Z,exact,Impact of at sea disposal on resident killer whale (Orcinus orca) critical habitat science in support of risk management
micro_IA40244207_0324,2010,2010,2010-01-01T00:00:00Z,exact,Dazomet proposed mitigation measures
micro_IA40244207_0326,2010,2010,2010-01-01T00:00:00Z,exact,"Heavy duty wood preservatives creosote, pentachlorophenol, chromated copper arsenate (CCA) and ammoniacal copper zinc arsenate (ACZA)"
micro_IA40244207_0328,2010,2010,2010-01-01T00:00:00Z,exact,Endosulfan
micro_IA40244207_0330,2010,2010,2010-01-01T00:00:00Z,exact,Paraformaldehyde
micro_IA40244207_0332,2010,2010,2010-01-01T00:00:00Z,exact,Soil fumigants proposed mitigation measures
micro_IA40244207_0334,2010,2010,2010-01-01T00:00:00Z,exact,"Call for risk management proposals for heavy duty wood preservatives (creosote, pentachlorophenol, chromated copper arsenate and ammoniacal copper zinc arsenate)"
micro_IA40244207_0336,2010,2010,2010-01-01T00:00:00Z,exact,Chloropicrin proposed mitigation measures
micro_IA40244207_0338,2010,2010,2010-01-01T00:00:00Z,exact,Metam sodium and metam potassium proposed mitigation measures
micro_IA40244207_0340,2010,2010,2010-01-01T00:00:00Z,exact,"Chronic diseases in Canada. Volume 30, number 4 (September 2010)"
micro_IA40244207_0392,2010,2010,2010-01-01T00:00:00Z,exact,Northwest Territories Aboriginal languages plan a shared responsibility
micro_IA40244207_0396,2010,2010,2010-01-01T00:00:00Z,exact,Traditional knowledge annual report 2009-2010
micro_IA40244207_0441,2010,2010,2010-01-01T00:00:00Z,exact,"Financial statements for the period from March 1 to 31, 2010"
micro_IA40244207_0456,2010,2010,2010-01-01T00:00:00Z,exact,Off-season evaluation of chickpea breeding lines (phase II) final report
micro_IA40244207_0471,2010,2010,2010-01-01T00:00:00Z,exact,"Ombudsman report investigation into the Hamilton Niagara Haldimand Brant Local Health Integration Network's use of community engagement in its decision-making process : ""the LHIN spin"""
micro_IA40244207_0472,2010,2010,2010-01-01T00:00:00Z,exact,"Rapport de l'Ombudsman enquete sur la place faite a l'engagement de la collectivite par le Reseau local d'integration des services de sante de Hamilton Niagara Haldimand Brant dans son processus decisionnel : ""la combine du RLISS"""
micro_IA40244207_0489,2010,2010,2010-01-01T00:00:00Z,exact,Securing our future Early Childhood Development progress report 2007/2008
micro_IA40244207_0490,2010,2010,2010-01-01T00:00:00Z,exact,"2006 building code compendium January 1, 2010 update"
micro_IA40244207_0510,2010,2010,2010-01-01T00:00:00Z,exact,"2006 building code compendium January 1, 2010 update"
micro_IA40244207_0526,2010,2010,2010-01-01T00:00:00Z,exact,"Public accounts for the fiscal year ended March 31, 2010 2009/2010"
micro_IA40244207_0557,2010,2010,2010-01-01T00:00:00Z,exact,Programs and services for Ontario farmers
micro_IA40244207_0560,2010,2010,2010-01-01T00:00:00Z,exact,Le sevrage des veaux de boucherie
micro_IA40244207_0593,2010,2010,2010-01-01T00:00:00Z,exact,Sustaining growth 2009-2010 annual report
micro_IA40244207_0598,2010,2010,2010-01-01T00:00:00Z,exact,Status report 2010 women in New Brunswick : a statistical profile
micro_IA40244207_1000,2010,2010,2010-01-01T00:00:00Z,exact,Physicians' newsletter. Spring 2010
micro_IA40244207_1001,2010,2010,2010-01-01T00:00:00Z,exact,Physicians' newsletter. Fall 2010
micro_IA40244207_1011,2010,2010,2010-01-01T00:00:00Z,exact,"Alberta Hansard. 27th Legislature, third session, issue 1 (Thursday, February 4, 2010)"
micro_IA40244207_1015,2010,2010,2010-01-01T00:00:00Z,exact,"Speech from the throne at the opening of the fifth session of the 39th Legislature, November 16, 2010"
micro_IA40244207_1027,2010,2010,2010-01-01T00:00:00Z,exact,"Speech from the throne delivered at the opening of the third session of the forty-sixth General Assembly of the Province of Newfoundland and Labrador on Monday, March 22, 2010"
micro_IA40244207_1029,2010,2010,2010-01-01T00:00:00Z,exact,Making life better for you and your family speech from the throne 2010
micro_IA40244207_1037,2010,2010,2010-01-01T00:00:00Z,exact,"An island together speech from the throne : 4th session of the 63rd General Assembly of Prince Edward Island : November 12th, 2010 at 2 p.m."
micro_IA40244207_1044,2010,2010,2010-01-01T00:00:00Z,exact,"The new road speech from the throne 2010 delivered on the occasion of the opening of the fourth session of the twenty-sixth Legislature, Province of Saskatchewan : Wednesday, October 27, 2010"
micro_IA40244207_1065,2010,2010,2010-01-01T00:00:00Z,exact,Perennial chickpea potential for improving ascochyta rabiei resistance
micro_IA40244207_1069,2010,2010,2010-01-01T00:00:00Z,exact,Hard white wheat improvement
micro_IA40244207_1081,2010,2010,2010-01-01T00:00:00Z,exact,09-10 annual statistical report
micro_IA40244207_1083,2010,2010,2010-01-01T00:00:00Z,exact,2009/2010 annual report
micro_IA40244207_1240,2010,2010,2010-01-01T00:00:00Z,exact,Downy mildew in curcurbits
micro_IA40244207_1249,2010,2010,2010-01-01T00:00:00Z,exact,HIV/AIDS epi updates
micro_IA40244207_1263,2010,2010,2010-01-01T00:00:00Z,exact,"Proceedings of the central and Arctic regional science advisory process to select indicators for the Tarium Niryutait Marine Protected Area (TNMPA) 30-31 March and 13 April 2010, Freshwater Institute, Winnipeg, MB"
micro_IA40244207_1285,2010,2010,2010-01-01T00:00:00Z,exact,"Proceedings of the National Advisory Meeting on Aquaculture Pathways of Effects 19-23 October 2009, Crowne Plaza Hotel, Ottawa, Ontario"
micro_IA40244207_1302,2010,2010,2010-01-01T00:00:00Z,exact,"HIV and AIDS in Canada surveillance report to December 31, 2009"
micro_IA40244207_1424,2010,2010,2010-01-01T00:00:00Z,exact,Annual report of the Standing Committee on Community Services 2009-2010 first and second sessions of the sixty-first General Assembly
micro_IA40244207_1490,2010,2010,2010-01-01T00:00:00Z,exact,Alberta Health: Annual report (2009-2010)
micro_IA40244207_1629,2010,2010,2010-01-01T00:00:00Z,exact,Information forestry. April 2006
micro_IA40244207_1630,2010,2010,2010-01-01T00:00:00Z,exact,Information forestry. December 2010
micro_IA40244207_1656,2010,2010,2010-01-01T00:00:00Z,exact,"Nominal rolls lessons learned from developing the ""mustard gas list"""
micro_IA40244207_1662,2010,2010,2010-01-01T00:00:00Z,exact,Population highlights. 10-03 (third quarter 2010)
micro_IA40244207_1693,2010,2010,2010-01-01T00:00:00Z,exact,2009 annual report
micro_IA40244207_1704,2010,2010,2010-01-01T00:00:00Z,exact,Safe business is smart business a guide for employers
micro_IA40244207_1706,2010,2010,2010-01-01T00:00:00Z,exact,Advancing health evidence-based advice on health technology : OHTAC 2009 progress report
micro_IA40244207_1752,2010,2010,2010-01-01T00:00:00Z,exact,"Student Health provincial summary of annual reports 2008/2009 school year : September 1, 2008 to August 31, 2009"
micro_IA40244207_1913,2010,2010,2010-01-01T00:00:00Z,exact,09-10 annual report
micro_IA40244207_1952,2010,2010,2010-01-01T00:00:00Z,exact,"Building on our strategy Surgeon General's report, 2010"
micro_IA40244207_1975,2010,2010,2010-01-01T00:00:00Z,exact,"2009-2010 performance report for the period ending March 31, 2010"
micro_IA40244207_2017,2010,2010,2010-01-01T00:00:00Z,exact,"Departmental performance report for the period ending March 31, 2010"
micro_IA40244207_2027,2010,2010,2010-01-01T00:00:00Z,exact,2009-10 departmental performance report
micro_IA40244207_2028,2010,2010,2010-01-01T00:00:00Z,exact,2009-2010 rapport ministeriel sur le rendement
micro_IA40244207_2039,2010,2010,2010-01-01T00:00:00Z,exact,"Departmental performance report for the period ending March 31, 2010"
micro_IA40244207_2055,2010,2010,2010-01-01T00:00:00Z,exact,Annual report 2009-2010
micro_IA40244207_2060,2010,2010,2010-01-01T00:00:00Z,exact,The H1N1 pandemic how Ontario fared : a report
micro_IA40244207_2061,2010,2010,2010-01-01T00:00:00Z,exact,Pandemie de grippe H1N1 repercussions pour l'Ontario : rapport du medecin hygieniste en chef de l'Ontario
micro_IA40244207_2072,2010,2010,2010-01-01T00:00:00Z,exact,"Unfunded liability of the Workplace Safety and Insurance Board (section 3.14, 2009 annual report of the Auditor General of Ontario)"
micro_IA40244207_2158,2010,2010,2010-01-01T00:00:00Z,exact,Annual report 2009-2010
micro_IA40244207_2452,2010,2010,2010-01-01T00:00:00Z,exact,Annual report 2009-2010
micro_IA40244207_2454,2010,2010,2010-01-01T00:00:00Z,exact,Supplementary information for legislative review 2010-2011 expenditure estimates
micro_IA40244207_2470,2010,2010,2010-01-01T00:00:00Z,exact,The farm safety guide
micro_IA40244207_2476,2010,2010,2010-01-01T00:00:00Z,exact,"2009 summary lost-time claims, disabling injury claims, and claim rates"
micro_IA40244207_2477,2010,2010,2010-01-01T00:00:00Z,exact,"Alberta Motor Transport Association industries, 2005 to 2009 lost-time claims, disabling injury claims, and claim rates"
micro_IA40244207_2478,2010,2010,2010-01-01T00:00:00Z,exact,"Forestry and related industries, 2005 to 2009 lost-time claims, disabling injury claims, and claim rates"
micro_IA40244207_2479,2010,2010,2010-01-01T00:00:00Z,exact,"Upstream oil and gas industries, 2005 to 2009 lost-time claims, disabling injury claims, and claim rates"
micro_IA40244207_2480,2010,2010,2010-01-01T00:00:00Z,exact,"Health services industries, 2005 to 2009 lost-time claims, disabling injury claims, and claim rates"
micro_IA40244207_2481,2010,2010,2010-01-01T00:00:00Z,exact,"Manufacturing, processing and packaging sector, 2005 to 2009 lost-time claims, disabling injury claims, and claim rates"
micro_IA40244207_2482,2010,2010,2010-01-01T00:00:00Z,exact,"Wholesale and retail industries, 2005 to 2009 lost-time claims, disabling injury claims, and claim rates"
micro_IA40244207_2483,2010,2010,2010-01-01T00:00:00Z,exact,"Young workers, 2005 to 2009 lost-time claims, disabling injury claims, and claim rates"
micro_IA40244207_2484,2010,2010,2010-01-01T00:00:00Z,exact,"Alberta Construction Safety Association industries, 2005 to 2009 lost-time claims, disabling injury claims, and claim rates"
micro_IA40244207_2504,2010,2010,2010-01-01T00:00:00Z,exact,Alberta clubroot management plan
micro_IA40244207_2505,2010,2010,2010-01-01T00:00:00Z,exact,2009-2010 departmental performance report
micro_IA40244207_2550,2010,2010,2010-01-01T00:00:00Z,exact,"Teletriage health services (Section 3.13, 2009 Annual report of the Auditor General of Ontario)"
micro_IA40244207_2552,2010,2010,2010-01-01T00:00:00Z,exact,"Chronic diseases in Canada. Volume 31, number 1 (December 2010)"
micro_IA40244207_2553,2010,2010,2010-01-01T00:00:00Z,exact,"Maladies chroniques au Canada. Volume 31, numero 1 (decembre 2010)"
micro_IA40244207_2662,2010,2010,2010-01-01T00:00:00Z,exact,2009-2010 annual report
micro_IA40244207_2667,2010,2010,2010-01-01T00:00:00Z,exact,"Annual report of the Board of Governors for the year ending March 31, 2010"
micro_IA40244207_2674,2010,2010,2010-01-01T00:00:00Z,exact,"Financial statements of Saskatchewan Association of Health Organizations Master Trust Combined Investment Fund December 31, 2009"
micro_IA40244207_2675,2010,2010,2010-01-01T00:00:00Z,exact,Saskatchewan Healthcare Employees' Pension Plan annual report 2009
micro_IA40244207_2702,2010,2010,2010-01-01T00:00:00Z,exact,Providing pharmacare for an aging population is prefunding the solution?
micro_IA40244207_2709,2010,2010,2010-01-01T00:00:00Z,exact,Highlights of the Alberta economy 2010
micro_IA40244207_2853,2010,2010,2010-01-01T00:00:00Z,exact,"Manitoba monthly communicable disease report reported up to November 30, 2009"
micro_IA40244207_2854,2010,2010,2010-01-01T00:00:00Z,exact,"Manitoba monthly communicable disease report reported up to December 31, 2009"
micro_IA40244207_2855,2010,2010,2010-01-01T00:00:00Z,exact,"Manitoba monthly communicable disease report reported up to January 31, 2010"
micro_IA40244207_2856,2010,2010,2010-01-01T00:00:00Z,exact,"Manitoba monthly communicable disease report reported up to February 28, 2010"
micro_IA40244207_2857,2010,2010,2010-01-01T00:00:00Z,exact,"Manitoba monthly surveillance unit report reported up to March 31, 2010"
micro_IA40244207_2858,2010,2010,2010-01-01T00:00:00Z,exact,"Manitoba monthly surveillance unit report reported up to April 30, 2010"
micro_IA40244207_2859,2010,2010,2010-01-01T00:00:00Z,exact,"Manitoba monthly surveillance unit report reported up to May 31, 2010"
micro_IA40244207_2860,2010,2010,2010-01-01T00:00:00Z,exact,"Manitoba monthly surveillance unit report reported up to June 30, 2010"
micro_IA40244207_2861,2010,2010,2010-01-01T00:00:00Z,exact,"Manitoba monthly surveillance unit report reported up to July 31, 2010"
micro_IA40244207_2862,2010,2010,2010-01-01T00:00:00Z,exact,"Manitoba monthly surveillance unit report reported up to August 31, 2010"
micro_IA40244207_2863,2010,2010,2010-01-01T00:00:00Z,exact,"Manitoba monthly surveillance unit report reported up to September 30, 2010"
micro_IA40244207_2864,2010,2010,2010-01-01T00:00:00Z,exact,"Manitoba monthly surveillance unit report reported up to October 31, 2010"
micro_IA40244207_2928,2010,2010,2010-01-01T00:00:00Z,exact,09-10 annual report
micro_IA40244207_2940,2010,2010,2010-01-01T00:00:00Z,exact,Annual report 2009-2010 to the Minister of Health
micro_IA40244207_2977,2010,2010,2010-01-01T00:00:00Z,exact,2009-10 annual report
micro_IA40244207_2978,2010,2010,2010-01-01T00:00:00Z,exact,2009-2010 annual report connect
micro_IA40244207_2980,2010,2010,2010-01-01T00:00:00Z,exact,Annual report 2009-2010
micro_IA40244207_2981,2010,2010,2010-01-01T00:00:00Z,exact,"Annual report to the Minister of Health for the fiscal year ending March 31, 2010"
micro_IA40244207_2982,2010,2010,2010-01-01T00:00:00Z,exact,2009-10 annual report wholistic heath of Keewatin Yatthe health region residents
micro_IA40244207_2983,2010,2010,2010-01-01T00:00:00Z,exact,2009-10 annual report to the Minister of Health
micro_IA40244207_2984,2010,2010,2010-01-01T00:00:00Z,exact,"Annual report to the Minister of Health for the 2009-10 fiscal year ending March 31, 2010"
micro_IA40244207_2985,2010,2010,2010-01-01T00:00:00Z,exact,2009-2010 annual report
micro_IA40244207_2986,2010,2010,2010-01-01T00:00:00Z,exact,2009-2010 annual report
micro_IA40244207_2987,2010,2010,2010-01-01T00:00:00Z,exact,2009-2010 annual report to the Minister of Health
micro_IA40244207_2989,2010,2010,2010-01-01T00:00:00Z,exact,2009/10 annual report
micro_IA40244207_3023,2010,2010,2010-01-01T00:00:00Z,exact,"Insights. Volume 10, number 1 (fall-winter 2010)"
micro_IA40244207_3051,2010,2010,2010-01-01T00:00:00Z,exact,"Respect, recovery, resilience recommendations for Ontario's mental health and addictions strategy : report to the Minister of Health and Long-Term Care"
micro_IA40244207_3069,2010,2010,2010-01-01T00:00:00Z,exact,LMAPD report 2009-2010
micro_IA40244208_0009,2010,2010,2010-01-01T00:00:00Z,exact,2009-2010 departmental performance report
micro_IA40244208_0078,2010,2010,2010-01-01T00:00:00Z,exact,Estimating body weight for horses
micro_IA40244208_0083,2010,2010,2010-01-01T00:00:00Z,exact,Equine infectious anemia (swamp fever)
micro_IA40244208_0085,2010,2010,2010-01-01T00:00:00Z,exact,Aleutian disease in mink
micro_IA40244208_0103,2010,2010,2010-01-01T00:00:00Z,exact,Departmental performance report 2009-2010
micro_IA40244208_0124,2010,2010,2010-01-01T00:00:00Z,exact,"Gazette. Vol. 72, no. 1 (2010)"
micro_IA40244208_0136,2010,2010,2010-01-01T00:00:00Z,exact,Public Health Agency of Canada: Departmental performance report (2009-2010)
micro_IA40244208_0137,2010,2010,2010-01-01T00:00:00Z,exact,2009-2010 rapport ministeriel sur le rendement
micro_IA40244208_0385,2010,2010,2010-01-01T00:00:00Z,exact,"Infoline. Issue 10-48 (December 3rd, 2010)"
micro_IA40244208_0455,2010,2010,2010-01-01T00:00:00Z,exact,2009-10 annual report to the Minister of Health
micro_IA40244208_0644,2010,2010,2010-01-01T00:00:00Z,exact,2010-2011 estimates. Report on plans and priorities
micro_IA40244208_0674,2010,2010,2010-01-01T00:00:00Z,exact,2010-2011 estimates. Report on plans and priorities
micro_IA40244208_0675,2010,2010,2010-01-01T00:00:00Z,exact,2010-2011 budget des depenses. Rapport sur les plans et les priorites
micro_IA40244208_0751,2010,2010,2010-01-01T00:00:00Z,exact,Reflections magazine. Spring 2010
micro_IA40244208_0933,2010,2010,2010-01-01T00:00:00Z,exact,Spotlight on transformation. Issue 17 (April 2010)
micro_IA40244208_0935,2010,2010,2010-01-01T00:00:00Z,exact,Spotlight on transformation. Issue 18 (June 2010)
micro_IA40244208_0937,2010,2010,2010-01-01T00:00:00Z,exact,Spotlight on transformation. Issue 19 (July 2010)
micro_IA40244208_0939,2010,2010,2010-01-01T00:00:00Z,exact,Spotlight on transformation. Issue 20 (August 2010)
micro_IA40244208_0941,2010,2010,2010-01-01T00:00:00Z,exact,Spotlight on transformation. Issue 21 (October 2010)
micro_IA40244208_0943,2010,2010,2010-01-01T00:00:00Z,exact,Spotlight on transformation. Issue 22 (December 2010)
micro_IA40244208_1247,2010,2010,2010-01-01T00:00:00Z,exact,"2010-2011 estimates. Part III, Report on plans and priorities"
micro_IA40244208_1248,2010,2010,2010-01-01T00:00:00Z,exact,"Budget des depenses 2010-2011. Partie III, Rapport sur les plans et les priorites"
micro_IA40244208_1549,2010,2010,2010-01-01T00:00:00Z,exact,"Quarterly population report. Third quarter 2010 (December 22, 2010)"
micro_IA40244208_1552,2010,2010,2010-01-01T00:00:00Z,exact,"Quarterly population report. First quarter 2010 (June 28, 2010)"
micro_IA40244208_1553,2010,2010,2010-01-01T00:00:00Z,exact,"Quarterly population report. Fourth quarter 2009 (March 25, 2010)"
micro_IA40244208_1559,2010,2010,2010-01-01T00:00:00Z,exact,Mortality in Alberta
micro_IA40244208_1655,2010,2010,2010-01-01T00:00:00Z,exact,2010-2011 report on plans and priorities
micro_IA40244208_1667,2010,2010,2010-01-01T00:00:00Z,exact,2010-11 report on plans and priorities
micro_IA40244208_1668,2010,2010,2010-01-01T00:00:00Z,exact,2010-2011 rapport sur les plans et les priorites
micro_IA40244208_1713,2010,2010,2010-01-01T00:00:00Z,exact,Arraagutamaarsiutiit tusartisigutiit 2009-2010 Annual report 2009-2010 = Rapport annuel 2009-2010
micro_IA40244208_1724,2010,2010,2010-01-01T00:00:00Z,exact,"Decisions, decisions family doctors as gatekeepers to prescription drugs and diagnostic imaging in Canada"
micro_IA40244208_1947,2010,2010,2010-01-01T00:00:00Z,exact,Safe drinking water in First Nations communities
micro_IA40244208_2017,2010,2010,2010-01-01T00:00:00Z,exact,Annual report 2010
micro_IA40244208_2052,2010,2010,2010-01-01T00:00:00Z,exact,"Chronic diseases in Canada. Volume 30, number 2 (March 2010)"
micro_IA40244208_2053,2010,2010,2010-01-01T00:00:00Z,exact,"Chronic diseases in Canada. Volume 30, number 3 (June 2010)"
micro_IA40244208_2185,2010,2010,2010-01-01T00:00:00Z,exact,Hazardous Materials Information Review Commission 2010-2011 report on plans and priorities
micro_IA40244208_2207,2010,2010,2010-01-01T00:00:00Z,exact,"2010-11 estimates. Part III, Report on plans and priorities"
micro_IA40244208_2233,2010,2010,2010-01-01T00:00:00Z,exact,"2010-11 estimates. Part III, Report on plans and priorities"
micro_IA40244208_2305,2010,2010,2010-01-01T00:00:00Z,exact,"Dimensions of social inclusion and exclusion in Yukon, 2010"
micro_IA40244208_2353,2010,2010,2010-01-01T00:00:00Z,exact,"Currents Western Canada's monthly economic bulletin. Vol. 2010, no. 5"
micro_IA40244208_2478,2010,2010,2010-01-01T00:00:00Z,exact,Census families in Alberta and Canada
micro_IA40244208_2488,2010,2010,2010-01-01T00:00:00Z,exact,"The health of First Nations living off-reserve, Inuit, and Metis adults in Canada the impact of socio-economic status on inequalities in health"
micro_IA40244208_2490,2010,2010,2010-01-01T00:00:00Z,exact,"Acute-care hospitalizations and Aboriginal identity in Canada, 2001/2002"
micro_IA40244208_2496,2010,2010,2010-01-01T00:00:00Z,exact,2010-2011 report on plans and priorities
micro_IA40244208_2629,2010,2010,2010-01-01T00:00:00Z,exact,"2010-2011 estimates. Part III, Report on plans and priorities"
micro_IA40244208_2630,2010,2010,2010-01-01T00:00:00Z,exact,"Estimations de 2010-2011. Partie III, Rapport sur les plans et les priorites"
micro_IA40244208_2635,2010,2010,2010-01-01T00:00:00Z,exact,"Report on plans and priorities for the period ending March 31, 2011"
micro_IA40244208_2992,2010,2010,2010-01-01T00:00:00Z,exact,A policy in action across Ontario HealthForceOntario year-end report 2009/2010
micro_IA40244208_3130,2010,2010,2010-01-01T00:00:00Z,exact,Introduction to the Advantage series of food safety programs for food processing operations. Book 1
micro_IA40244208_3132,2010,2010,2010-01-01T00:00:00Z,exact,Advantage GMP for food processing operations. Book 2
micro_IA40244208_3134,2010,2010,2010-01-01T00:00:00Z,exact,Cancer Care Ontario annual report 09-10
micro_IA40244208_3141,2010,2010,2010-01-01T00:00:00Z,exact,Annual report and financial statements 2009-10
micro_IA40244208_3142,2010,2010,2010-01-01T00:00:00Z,exact,Rapport annuel et etats financiers 2009-2010
micro_IA40244208_3144,2010,2010,2010-01-01T00:00:00Z,exact,Advantage HACCP for food processing operations. Book 3
micro_IA40244208_3251,2010,2010,2010-01-01T00:00:00Z,exact,Report to the Legislature 2009/2010
micro_IA40244208_3279,2010,2010,2010-01-01T00:00:00Z,exact,2010 annual report
micro_IA40244208_3285,2010,2010,2010-01-01T00:00:00Z,exact,Forest management guide for conserving biodiversity at the stand and site scales
micro_IA40244208_3287,2010,2010,2010-01-01T00:00:00Z,exact,Annual report 2009-10
micro_IA40244208_3298,2010,2010,2010-01-01T00:00:00Z,exact,Forest management guide for Great Lakes--St. Lawrence landscapes 2010
micro_IA40244208_3365,2010,2010,2010-01-01T00:00:00Z,exact,"Current housing research. Volume 17, number 2 (fall 2010)"
micro_IA40244209_0079,2010,2010,2010-01-01T00:00:00Z,exact,Report on the Nova Scotia health system H1N1 : lessons learned
micro_IA40244209_0081,2010,2010,2010-01-01T00:00:00Z,exact,Nova Scotia formulary
micro_IA40244209_0089,2010,2010,2010-01-01T00:00:00Z,exact,Report on the Nova Scotia health system H1N1 : summary report
micro_IA40244209_0117,2010,2010,2010-01-01T00:00:00Z,exact,"Annual report April 1, 2009 to March 31, 2010"
micro_IA40244209_0124,2010,2010,2010-01-01T00:00:00Z,exact,Report on the budget 2011 consultations first report
micro_IA40244209_0145,2010,2010,2010-01-01T00:00:00Z,exact,"Province of British Columbia 2009/10 strategic plan, annual report"
micro_IA40244209_0147,2010,2010,2010-01-01T00:00:00Z,exact,Province of British Columbia strategic plan 2010/11-2012/13
micro_IA40244209_0150,2010,2010,2010-01-01T00:00:00Z,exact,Why? The Robert Dziekanski tragedy
micro_IA40244209_0270,2010,2010,2010-01-01T00:00:00Z,exact,"Yukon influenza surveillance report. Influenza season: 2009-2010. Summary report, fluwatch weeks 1-4 (January 3-January 30, 2010)"
micro_IA40244209_0271,2010,2010,2010-01-01T00:00:00Z,exact,"Yukon influenza surveillance report. Influenza season: 2009-2010. Summary report, fluwatch weeks 5-8 (January 31-February 27, 2010)"
micro_IA40244209_0272,2010,2010,2010-01-01T00:00:00Z,exact,"Yukon influenza surveillance report. Influenza season: 2009-2010. Summary report, fluwatch weeks 9-12 (February 28, 2010-March 27, 2010)"
micro_IA40244209_0273,2010,2010,2010-01-01T00:00:00Z,exact,"Yukon influenza surveillance report. Influenza season: 2009-2010. Summary report, fluwatch weeks 13-16 (March 28th-April 24th, 2010)"
micro_IA40244209_0274,2010,2010,2010-01-01T00:00:00Z,exact,"Yukon influenza surveillance report. Influenza season: 2009-2010. Summary report, fluwatch weeks 17-20 (April 25th-May 22nd, 2010)"
micro_IA40244209_0275,2010,2010,2010-01-01T00:00:00Z,exact,"Yukon influenza surveillance report. Influenza season: 2009-2010. Newsletter 15, Summary report, fluwatch weeks 21-24 (May 23rd-June 19th, 2010)"
micro_IA40244209_0276,2010,2010,2010-01-01T00:00:00Z,exact,"Yukon influenza surveillance report. Influenza season: 2009-2010. Newsletter 16, Summary report, fluwatch weeks 25-28 (June 20-July 17, 2010)"
micro_IA40244209_0277,2010,2010,2010-01-01T00:00:00Z,exact,"Yukon influenza surveillance report. Influenza season: 2009-2010. Newsletter 17, Summary report, fluwatch weeks 29-32 (July 18-Aug 14, 2010)"
micro_IA40244209_0278,2010,2010,2010-01-01T00:00:00Z,exact,"Yukon influenza surveillance report. Influenza season: 2009-2010. Newsletter 18, Summary report, fluwatch weeks 33-34 (Aug 15-Aug 28, 2010)"
micro_IA40244209_0279,2010,2010,2010-01-01T00:00:00Z,exact,"Yukon influenza surveillance report. Influenza season: 2010-2011. Report 1, Summary report, fluwatch weeks 35-38 (August 29-September 25, 2010)"
micro_IA40244209_0280,2010,2010,2010-01-01T00:00:00Z,exact,"Yukon influenza surveillance report. Influenza season: 2010-2011. Report 2, Summary report, fluwatch weeks 39-42 (September 26-October 23, 2010)"
micro_IA40244209_0281,2010,2010,2010-01-01T00:00:00Z,exact,"Yukon influenza surveillance report. Influenza season: 2010-2011. Report 3, Summary report, fluwatch weeks 43-47 (October 24-November 27, 2010)"
micro_IA40244209_0392,2010,2010,2010-01-01T00:00:00Z,exact,Annual report 2009-2010
micro_IA40244209_0467,2010,2010,2010-01-01T00:00:00Z,exact,2010 annual report Extended Health Care Plan for Certain Other Employees
micro_IA40244209_0778,2010,2010,2010-01-01T00:00:00Z,exact,Minister's annual report on drinking water 2010
micro_IA40244209_1329,2010,2010,2010-01-01T00:00:00Z,exact,Community child welfare boards resource guide
micro_IA40244209_1331,2010,2010,2010-01-01T00:00:00Z,exact,Tendres soins. De la naissance a 6 mois
micro_IA40244209_1333,2010,2010,2010-01-01T00:00:00Z,exact,Tendres soins. De 6 a 12 mois
micro_IA40244209_1334,2010,2010,2010-01-01T00:00:00Z,exact,A healthy start to school
micro_IA40244209_1337,2010,2010,2010-01-01T00:00:00Z,exact,Tendres soins. Parents et familles
micro_IA40244209_1484,2010,2010,2010-01-01T00:00:00Z,exact,Annual report 2010-2011 beyond the horizon
micro_IA40244209_1494,2010,2010,2010-09-01T00:00:00Z,exact,Agence de la sante et des services sociaux de la Capitale-Nationale: Les services de vaccination dans les pharmacies de la ...
micro_IA40244209_1512,2010,2010,2010-01-01T00:00:00Z,exact,2009-10 departmental performance report
micro_IA40244209_1520,2010,2010,2010-01-01T00:00:00Z,exact,"Diabetes in New Brunswick, 1998-2007"
micro_IA40244209_1527,2010,2010,2010-01-01T00:00:00Z,exact,2010 speech from the throne
micro_IA40244209_1534,2010,2010,2010-01-01T00:00:00Z,exact,2009-2010 annual report
micro_IA40244209_1543,2010,2010,2010-01-01T00:00:00Z,exact,Cancer in New Brunswick 2002-2006
micro_IA40244209_1549,2010,2010,2010-01-01T00:00:00Z,exact,New Brunswick shellfish aquaculture development strategy 2010-2014
micro_IA40244209_1551,2010,2010,2010-01-01T00:00:00Z,exact,New Brunswick Finfish Aquaculture Development Strategy 2010-2014
micro_IA40244209_1556,2010,2010,2010-01-01T00:00:00Z,exact,Responses to date on the recommendations from the Disability action plan strategy--the path to self-sufficiency and inclusion for persons with disabilities in New Brunswick original report released in December 2007
micro_IA40244209_1575,2010,2010,2010-01-01T00:00:00Z,exact,Annual report 2009-2010 Rapport annuel 2009-2010
micro_IA40244209_1583,2010,2010,2010-01-01T00:00:00Z,exact,"Annual report of Hospital Services for the fiscal year ending March 31, 2010"
micro_IA40244209_1585,2010,2010,2010-01-01T00:00:00Z,exact,2009-2010 annual report
micro_IA40244209_1587,2010,2010,2010-01-01T00:00:00Z,exact,"Our health, our perspectives, our solutions results of our first engagement initiative with New Brunswick citizens"
micro_IA40244209_1588,2010,2010,2010-01-01T00:00:00Z,exact,"The right to identity, culture and language a child's path to development : a statistical background report to the Child and Youth Advocate's 3rd annual state of our children and youth address"
micro_IA40244209_1604,2010,2010,2010-01-01T00:00:00Z,exact,"Public accounts for the fiscal year ended 31 March 2010. Volume 1, Financial statements"
micro_IA40244209_1611,2010,2010,2010-01-01T00:00:00Z,exact,2009-2010 annual report
micro_IA40244209_1950,2010,2010,2010-01-01T00:00:00Z,exact,Reflecting women's voices annual report 2009-2010
micro_IA40244209_1981,2010,2010,2010-01-01T00:00:00Z,exact,Alberta public service workforce plan final report 2009-2010
micro_IA40244209_1983,2010,2010,2010-01-01T00:00:00Z,exact,"Special education coding criteria 2010/2011 ECS to grade 12, mild/moderate (including gifted and talented), severe"
micro_IA40244209_1984,2010,2010,2010-01-01T00:00:00Z,exact,Handbook for the identification and review of students with severe disabilities 2010/2011
micro_IA40244209_1994,2010,2010,2010-01-01T00:00:00Z,exact,Persons with developmental disabilities community boards consolidated annual report 2009-2010
micro_IA40244209_2008,2010,2010,2010-01-01T00:00:00Z,exact,A guide to Aboriginal organizations in Alberta
micro_IA40244209_2596,2010,2010,2010-01-01T00:00:00Z,exact,"2010 guide to crop protection weeds, plant diseases, insects"
micro_IA40244209_3081,2010,2010,2010-01-01T00:00:00Z,exact,Poisonous outdoor plants
micro_IA40244209_3104,2010,2010,2010-01-01T00:00:00Z,exact,Annual report 2009-2010
micro_IA40244209_3357,2010,2010,2010-01-01T00:00:00Z,exact,Annual report for the fiscal year April 2008 to March 2009
micro_IA40244209_3363,2010,2010,2010-01-01T00:00:00Z,exact,Multilateral framework for labour market agreement for persons with disabilities Prince Edward Island seventh annual baseline report 2009-2010
micro_IA40244209_3413,2010,2010,2010-01-01T00:00:00Z,exact,Annual report 2009-2010
micro_IA40244209_3414,2010,2010,2010-01-01T00:00:00Z,exact,Annual report 2008-2009 building a strong public service for all Islanders
micro_IA40244209_3422,2010,2010,2010-01-01T00:00:00Z,exact,2009 annual report
micro_IA40244209_3440,2010,2010,2010-01-01T00:00:00Z,exact,2009 annual report
micro_IA40244209_3508,2010,2010,2010-01-01T00:00:00Z,exact,Annual report 2009
micro_IA40244209_3527,2010,2010,2010-01-01T00:00:00Z,exact,Driving for work developing safe practices for employers and workers
micro_IA40244209_3531,2010,2010,2010-01-01T00:00:00Z,exact,"Government response to the child intervention system review Closing the gap between vision and reality : strengthening accountability, adaptability and continuous improvement in Alberta's child intervention system"
micro_IA40244209_3532,2010,2010,2010-01-01T00:00:00Z,exact,Alberta tier 1 soil and groundwater remediation guidelines
micro_IA40244209_3533,2010,2010,2010-01-01T00:00:00Z,exact,Alberta tier 2 soil and groundwater remediation guidelines
micro_IA40244209_3538,2010,2010,2010-01-01T00:00:00Z,exact,Addressing elder abuse in Alberta a strategy for collective action
micro_IA40244209_3539,2010,2010,2010-01-01T00:00:00Z,exact,Aging population policy framework
micro_IA40244209_3540,2010,2010,2010-01-01T00:00:00Z,exact,"Government response to the child intervention system review Closing the gap between vision and reality : strengthening accountability, adaptability and continuous improvement in Alberta's child intervention system"
micro_IA40244209_3541,2010,2010,2010-01-01T00:00:00Z,exact,"Closing the gap between vision and reality strengthening accountability, adaptability and continuous improvement in Alberta's child intervention system : final report of the Alberta Child Intervention Review panel"
micro_IA40244209_3618,2010,2010,2010-01-01T00:00:00Z,exact,2009/2010 annual report
micro_IA40244209_3620,2010,2010,2010-01-01T00:00:00Z,exact,2010-2011 annual report
micro_IA40244209_3652,2010,2010,2010-01-01T00:00:00Z,exact,Clothianidin
micro_IA40244210_0034,2010,2010,2010-01-01T00:00:00Z,exact,Diversity newsletter topics for teachers. Volume 3 (summer 2010)
micro_IA40244210_0061,2010,2010,2010-01-01T00:00:00Z,exact,"Cardiovascular Health Nova Scotia bulletin improving cardiovascular health of Nova Scotians. Volume 4, issue 4 (winter 2010)"
micro_IA40244210_0062,2010,2010,2010-01-01T00:00:00Z,exact,"Cardiovascular Health Nova Scotia bulletin improving cardiovascular health of Nova Scotians. Volume 5, issue 1 (spring 2010)"
micro_IA40244210_0063,2010,2010,2010-01-01T00:00:00Z,exact,"Cardiovascular Health Nova Scotia bulletin improving cardiovascular health of Nova Scotians. Volume 5, issue 2 (summer 2010)"
micro_IA40244210_0064,2010,2010,2010-01-01T00:00:00Z,exact,"Cardiovascular Health Nova Scotia bulletin improving cardiovascular health of Nova Scotians. Volume 5, issue 3 (fall 2010)"
micro_IA40244210_0777,2010,2010,2010-01-01T00:00:00Z,exact,Consolidated financial statements of the government of Alberta annual report 2009-2010
micro_IA40244210_0782,2010,2010,2010-01-01T00:00:00Z,exact,"The state of British Columbia's forests, 2010"
micro_IA40244210_0836,2010,2010,2010-01-01T00:00:00Z,exact,Estimates of demographic implications from Indian registration amendment McIvor v. Canada
micro_IA40244210_0847,2010,2010,2010-01-01T00:00:00Z,exact,Creating Canada's future investing in research for impact today and tomorrow
micro_IA40244210_0848,2010,2010,2010-01-01T00:00:00Z,exact,Creer l'avenir du Canada investir dans la recherche pour aujourd'hui et demain
micro_IA40244210_0991,2010,2010,2010-01-01T00:00:00Z,exact,Saskatchewan Formulary bulletin update to the 59th edition of the Saskatchewan Formulary
micro_IA40244210_0992,2010,2010,2010-01-01T00:00:00Z,exact,Saskatchewan Formulary bulletin update to the 60th edition of the Saskatchewan Formulary
micro_IA40244210_0993,2010,2010,2010-01-01T00:00:00Z,exact,Saskatchewan Formulary bulletin update to the 60th edition of the Saskatchewan Formulary
micro_IA40244210_0994,2010,2010,2010-01-01T00:00:00Z,exact,Saskatchewan Formulary bulletin update to the 60th edition of the Saskatchewan Formulary
micro_IA40244210_0995,2010,2010,2010-01-01T00:00:00Z,exact,Saskatchewan Formulary bulletin update to the 60th edition of the Saskatchewan Formulary
micro_IA40244210_1054,2010,2010,2010-01-01T00:00:00Z,exact,"National workshop proceedings of scales and indices, bridging the land-water divide = Compte rendu d'atelier national : d'echelles et indicateurs, conjuguer terre et mer"
micro_IA40244210_1301,2010,2010,2010-01-01T00:00:00Z,exact,Guide to services
micro_IA40244210_1311,2010,2010,2010-01-01T00:00:00Z,exact,Annual report 2009-2010
micro_IA40244210_1386,2010,2010,2010-01-01T00:00:00Z,exact,2009-2010 annual report connecting the dots
micro_IA40244210_1390,2010,2010,2010-01-01T00:00:00Z,exact,Annual report 2010
micro_IA40244210_1393,2010,2010,2010-01-01T00:00:00Z,exact,Annual report 2009/2010
micro_IA40244210_1401,2010,2010,2010-01-01T00:00:00Z,exact,2009-2010 annual report
micro_IA40244210_1412,2010,2010,2010-01-01T00:00:00Z,exact,South Eastman Health annual report 2009-2010
micro_IA40244210_1417,2010,2010,2010-01-01T00:00:00Z,exact,South Eastman Health annual report to the community 2009-2010
micro_IA40244210_1418,2010,2010,2010-01-01T00:00:00Z,exact,Sante Sud-Est rapport annuel a la collectivite 2009-2010
micro_IA40244210_1434,2010,2010,2010-01-01T00:00:00Z,exact,2010/11 quarterly financial report April to September 2010
micro_IA40244210_1435,2010,2010,2010-01-01T00:00:00Z,exact,2010/11 quarterly financial report April to June 2010
micro_IA40244210_1445,2010,2010,2010-01-01T00:00:00Z,exact,Annual report 2009-2010
micro_IA40244210_1464,2010,2010,2010-01-01T00:00:00Z,exact,"MHR connections. Volume 10, number 1 (January 2010)"
micro_IA40244210_1465,2010,2010,2010-01-01T00:00:00Z,exact,"MHR connections. Volume 10, number 2 (February 2010)"
micro_IA40244210_1466,2010,2010,2010-01-01T00:00:00Z,exact,"MHR connections. Volume 10, number 3 (March 2010)"
micro_IA40244210_1467,2010,2010,2010-01-01T00:00:00Z,exact,"MHR connections. Volume 10, number 4 (April 2010)"
micro_IA40244210_1468,2010,2010,2010-01-01T00:00:00Z,exact,"MHR connections. Volume 10, number 5 (May 2010)"
micro_IA40244210_1469,2010,2010,2010-01-01T00:00:00Z,exact,"MHR connections. Volume 10, number 6-7 (Summer 2010)"
micro_IA40244210_1470,2010,2010,2010-01-01T00:00:00Z,exact,"MHR connections. Volume 10, number 8 (August 2010)"
micro_IA40244210_1471,2010,2010,2010-01-01T00:00:00Z,exact,"MHR connections. Volume 10, number 9 (September 2010)"
micro_IA40244210_1472,2010,2010,2010-01-01T00:00:00Z,exact,"MHR connections. Volume 10, number 10 (October 2010)"
micro_IA40244210_1473,2010,2010,2010-01-01T00:00:00Z,exact,"MHR connections. Volume 10, number 11 (November 2010)"
micro_IA40244210_1474,2010,2010,2010-01-01T00:00:00Z,exact,"MHR connections. Volume 10, number 12 (December 2010)"
micro_IA40244210_1475,2010,2010,2010-01-01T00:00:00Z,exact,"MHR connections. Volume 10, number 2 (February 2010)"
micro_IA40244210_1736,2010,2010,2010-01-01T00:00:00Z,exact,Annual report 2009-2010
micro_IA40244210_1742,2010,2010,2010-01-01T00:00:00Z,exact,Statistical supplement 2009/2010
micro_IA40244210_1757,2010,2010,2010-01-01T00:00:00Z,exact,Patient safety framework for Albertans provincial framework
micro_IA40244210_1827,2010,2010,2010-01-01T00:00:00Z,exact,2009 annual report
micro_IA40244210_1931,2010,2010,2010-01-01T00:00:00Z,exact,"Canada at a glance, 2010"
micro_IA40244210_2136,2010,2010,2010-01-01T00:00:00Z,exact,Nursing home services annual statistical report
micro_IA40244210_2173,2010,2010,2010-01-01T00:00:00Z,exact,2009-2010 annual report
micro_IA40244210_2276,2010,2010,2010-01-01T00:00:00Z,exact,"Bridges and barriers 2010 Yukon experiences with poverty, social exclusion and inclusion"
micro_IA40244210_2334,2010,2010,2010-01-01T00:00:00Z,exact,Use of the World Health Organization defined daily dose in Canadian drug utilization and cost analyses
micro_IA40244210_2336,2010,2010,2010-01-01T00:00:00Z,exact,Generic drugs in Canada market structure : trends and impacts
micro_IA40244210_2338,2010,2010,2010-01-01T00:00:00Z,exact,"Generic drugs in Canada price trends and international price comparisons, 2007"
micro_IA40244210_2763,2010,2010,2010-01-01T00:00:00Z,exact,"Quarter one financial report March 31, 2010"
micro_IA40244210_2764,2010,2010,2010-01-01T00:00:00Z,exact,"Quarter two financial report June 30, 2010"
micro_IA40244210_2765,2010,2010,2010-01-01T00:00:00Z,exact,"Quarter three financial report September 30, 2010"
micro_IA40244210_3684,2010,2010,2010-01-01T00:00:00Z,exact,Irrigation water quality and food safety final report Agriculture Development Fund project # 20060056
micro_IA40244211_0097,2010,2010,2010-01-01T00:00:00Z,exact,Health factors and early retirement among older workers
micro_IA40244211_0700,2010,2010,2010-01-01T00:00:00Z,exact,Knowledge to action CIHR-supported health research at work for Canada and Canadians
micro_IA40244211_0701,2010,2010,2010-01-01T00:00:00Z,exact,Des connaissances a la pratique les recherche en sante financee par les IRSC au service du Canada et des Canadiens
micro_IA40244211_0785,2010,2010,2010-01-01T00:00:00Z,exact,Formaldehyde and paraformaldehyde
micro_IA40244211_0787,2010,2010,2010-01-01T00:00:00Z,exact,"MHR connections. Volume 10, number 8 (August 2010)"
micro_IA40244211_0789,2010,2010,2010-01-01T00:00:00Z,exact,Thiabendazole
micro_IA40244211_0791,2010,2010,2010-01-01T00:00:00Z,exact,Triforine
micro_IA40244211_0794,2010,2010,2010-01-01T00:00:00Z,exact,Iodocarb
micro_IA40244211_0796,2010,2010,2010-01-01T00:00:00Z,exact,Copper and zinc naphthenate salts
micro_IA40244211_0798,2010,2010,2010-01-01T00:00:00Z,exact,Clopyralid
micro_IA40244211_0800,2010,2010,2010-01-01T00:00:00Z,exact,Malathion
micro_IA40244211_0802,2010,2010,2010-01-01T00:00:00Z,exact,Copper 8-quinolinolate
micro_IA40244211_0804,2010,2010,2010-01-01T00:00:00Z,exact,Ethylene oxide
micro_IA40244211_0838,2010,2010,2010-01-01T00:00:00Z,exact,Tefluthrin
micro_IA40244211_0840,2010,2010,2010-01-01T00:00:00Z,exact,Butoxypolypropylene glycol
micro_IA40244211_0842,2010,2010,2010-01-01T00:00:00Z,exact,Para-dichlorobenzene
micro_IA40244211_0844,2010,2010,2010-01-01T00:00:00Z,exact,Sodium fluoride
micro_IA40244211_0846,2010,2010,2010-01-01T00:00:00Z,exact,3-trimethoxysilyl propyldimethyl octadecyl ammonium chloride
micro_IA40244211_0848,2010,2010,2010-01-01T00:00:00Z,exact,Imazethapyr
micro_IA40244211_0850,2010,2010,2010-01-01T00:00:00Z,exact,Diodofon
micro_IA40244211_0852,2010,2010,2010-01-01T00:00:00Z,exact,"Hexahydro-1,3,5-tris (2-hydroxyethyl)-striazine (hexahydrotriazine)"
micro_IA40244211_0854,2010,2010,2010-01-01T00:00:00Z,exact,Tributyltin compounds
micro_IA40244211_0856,2010,2010,2010-01-01T00:00:00Z,exact,Carbofuran
micro_IA40244211_0896,2010,2010,2010-01-01T00:00:00Z,exact,Risk mitigation measures for eight rodenticides
micro_IA40244211_0898,2010,2010,2010-01-01T00:00:00Z,exact,Re-evaluation Program
micro_IA40244211_0900,2010,2010,2010-01-01T00:00:00Z,exact,Lindane risk assessment
micro_IA40244211_0926,2010,2010,2010-01-01T00:00:00Z,exact,Hydrogen peroxide
micro_IA40244211_0950,2010,2010,2010-01-01T00:00:00Z,exact,Revocation of maximum residue limits for discontinued agricultural pest control products
micro_IA40244211_0952,2010,2010,2010-01-01T00:00:00Z,exact,Fluazinam
micro_IA40244211_0954,2010,2010,2010-01-01T00:00:00Z,exact,Trifloxystrobin
micro_IA40244211_0956,2010,2010,2010-01-01T00:00:00Z,exact,Etoxazole
micro_IA40244211_0958,2010,2010,2010-01-01T00:00:00Z,exact,Propiconazole
micro_IA40244211_0960,2010,2010,2010-01-01T00:00:00Z,exact,Imazamox
micro_IA40244211_0962,2010,2010,2010-01-01T00:00:00Z,exact,Boscalid
micro_IA40244211_0964,2010,2010,2010-01-01T00:00:00Z,exact,Thiamethoxam
micro_IA40244211_0966,2010,2010,2010-01-01T00:00:00Z,exact,Chlorothalonil
micro_IA40244211_0968,2010,2010,2010-01-01T00:00:00Z,exact,Saflufenacil
micro_IA40244211_0970,2010,2010,2010-01-01T00:00:00Z,exact,Sethoxydim
micro_IA40244211_0972,2010,2010,2010-01-01T00:00:00Z,exact,Chlorothalonil
micro_IA40244211_0974,2010,2010,2010-01-01T00:00:00Z,exact,Fosetyl-aluminum
micro_IA40244211_0976,2010,2010,2010-01-01T00:00:00Z,exact,Isoxaflutole
micro_IA40244211_0978,2010,2010,2010-01-01T00:00:00Z,exact,Fluazinam
micro_IA40244211_0980,2010,2010,2010-01-01T00:00:00Z,exact,Azoxystrobin
micro_IA40244211_0982,2010,2010,2010-01-01T00:00:00Z,exact,Tefluthrin
micro_IA40244211_0984,2010,2010,2010-01-01T00:00:00Z,exact,Topramezone
micro_IA40244211_0986,2010,2010,2010-01-01T00:00:00Z,exact,Pyrimethanil
micro_IA40244211_1316,2010,2010,2010-01-01T00:00:00Z,exact,Boscalid
micro_IA40244211_1318,2010,2010,2010-01-01T00:00:00Z,exact,Pyraclostrobin
micro_IA40244211_1320,2010,2010,2010-01-01T00:00:00Z,exact,Tepraloxydim
micro_IA40244211_1322,2010,2010,2010-01-01T00:00:00Z,exact,Fenbuconazole
micro_IA40244211_1324,2010,2010,2010-01-01T00:00:00Z,exact,Clodinafop-propargyl
micro_IA40244211_1326,2010,2010,2010-01-01T00:00:00Z,exact,Cyazofamid
micro_IA40244211_1328,2010,2010,2010-01-01T00:00:00Z,exact,Lambda-cyhalothrin
micro_IA40244211_1330,2010,2010,2010-01-01T00:00:00Z,exact,Tribenuron-methyl
micro_IA40244211_1332,2010,2010,2010-01-01T00:00:00Z,exact,Deltamethrin
micro_IA40244211_1334,2010,2010,2010-01-01T00:00:00Z,exact,Imazethapyr
micro_IA40244211_1336,2010,2010,2010-01-01T00:00:00Z,exact,Pyraclostrobin
micro_IA40244211_1338,2010,2010,2010-01-01T00:00:00Z,exact,Prothioconazole
micro_IA40244211_1340,2010,2010,2010-01-01T00:00:00Z,exact,Prothioconazole
micro_IA40244211_1342,2010,2010,2010-01-01T00:00:00Z,exact,Acetamiprid
micro_IA40244211_1368,2010,2010,2010-01-01T00:00:00Z,exact,Boscalid
micro_IA40244211_1370,2010,2010,2010-01-01T00:00:00Z,exact,Thiabendazole
micro_IA40244211_1372,2010,2010,2010-01-01T00:00:00Z,exact,Boscalid
micro_IA40244211_1374,2010,2010,2010-01-01T00:00:00Z,exact,Fluazinam
micro_IA40244211_1376,2010,2010,2010-01-01T00:00:00Z,exact,Trifloxystrobin
micro_IA40244211_1378,2010,2010,2010-01-01T00:00:00Z,exact,Imazamox
micro_IA40244211_1380,2010,2010,2010-01-01T00:00:00Z,exact,Pyroxsulam
micro_IA40244211_1382,2010,2010,2010-01-01T00:00:00Z,exact,Lambda-cyhalothrin
micro_IA40244211_1384,2010,2010,2010-01-01T00:00:00Z,exact,Metalaxyl
micro_IA40244211_1386,2010,2010,2010-01-01T00:00:00Z,exact,Novaluron
micro_IA40244211_1388,2010,2010,2010-01-01T00:00:00Z,exact,Abamectin
micro_IA40244211_1390,2010,2010,2010-01-01T00:00:00Z,exact,1-Methycyclopropene
micro_IA40244211_1392,2010,2010,2010-01-01T00:00:00Z,exact,Mesosulfuron-methyl
micro_IA40244211_1394,2010,2010,2010-01-01T00:00:00Z,exact,Thiencarbazone-methyl
micro_IA40244211_1398,2010,2010,2010-01-01T00:00:00Z,exact,Pendimethalin
micro_IA40244211_1400,2010,2010,2010-01-01T00:00:00Z,exact,S-metolachlor
micro_IA40244211_1402,2010,2010,2010-01-01T00:00:00Z,exact,Tepraloxydim
micro_IA40244211_1404,2010,2010,2010-01-01T00:00:00Z,exact,Atrazine
micro_IA40244211_1406,2010,2010,2010-01-01T00:00:00Z,exact,Spiromesifen
micro_IA40244211_1408,2010,2010,2010-01-01T00:00:00Z,exact,Acetamiprid
micro_IA40244211_1410,2010,2010,2010-01-01T00:00:00Z,exact,Acetamiprid
micro_IA40244211_1412,2010,2010,2010-01-01T00:00:00Z,exact,Imidacloprid
micro_IA40244211_1414,2010,2010,2010-01-01T00:00:00Z,exact,Spirotetramat
micro_IA40244211_1416,2010,2010,2010-01-01T00:00:00Z,exact,Thiamethoxam
micro_IA40244211_1418,2010,2010,2010-01-01T00:00:00Z,exact,Chlorantraniliprole
micro_IA40244211_1420,2010,2010,2010-01-01T00:00:00Z,exact,Bifenazate
micro_IA40244211_1422,2010,2010,2010-01-01T00:00:00Z,exact,Fluopicolide
micro_IA40244211_1424,2010,2010,2010-01-01T00:00:00Z,exact,Spirodiclofen
micro_IA40244211_1426,2010,2010,2010-01-01T00:00:00Z,exact,Phenmedipham
micro_IA40244211_1428,2010,2010,2010-01-01T00:00:00Z,exact,Dicamba
micro_IA40244211_1430,2010,2010,2010-01-01T00:00:00Z,exact,Tebuconazole
micro_IA40244211_1432,2010,2010,2010-01-01T00:00:00Z,exact,Glyphosate
micro_IA40244211_1434,2010,2010,2010-01-01T00:00:00Z,exact,Deltamethrin
micro_IA40244211_1436,2010,2010,2010-01-01T00:00:00Z,exact,Quinclorac
micro_IA40244211_1438,2010,2010,2010-01-01T00:00:00Z,exact,Boscalid
micro_IA40244211_1440,2010,2010,2010-01-01T00:00:00Z,exact,Flufenacet
micro_IA40244211_1442,2010,2010,2010-01-01T00:00:00Z,exact,Glyphosate
micro_IA40244211_1444,2010,2010,2010-01-01T00:00:00Z,exact,Aminoethoxyvinylglycine hydrochloride
micro_IA40244211_1446,2010,2010,2010-01-01T00:00:00Z,exact,Saflufenacil
micro_IA40244211_1448,2010,2010,2010-01-01T00:00:00Z,exact,Acetamiprid
micro_IA40244211_1450,2010,2010,2010-01-01T00:00:00Z,exact,Mesosulfuron-methyl
micro_IA40244211_1452,2010,2010,2010-01-01T00:00:00Z,exact,Garlic powder
micro_IA40244211_1454,2010,2010,2010-01-01T00:00:00Z,exact,Oxalic acid dihydrate
micro_IA40244211_1456,2010,2010,2010-01-01T00:00:00Z,exact,Prothioconazole
micro_IA40244211_1458,2010,2010,2010-01-01T00:00:00Z,exact,Pyroxsulam
micro_IA40244211_1460,2010,2010,2010-01-01T00:00:00Z,exact,Beauveria bassiana strain HF23
micro_IA40244211_1462,2010,2010,2010-01-01T00:00:00Z,exact,Garlic oil
micro_IA40244211_1464,2010,2010,2010-01-01T00:00:00Z,exact,Tetrakis (hydroxymethyl) phosphonium sulfate
micro_IA40244211_1466,2010,2010,2010-01-01T00:00:00Z,exact,"(E,Z)-11-tetradecenal"
micro_IA40244211_1468,2010,2010,2010-01-01T00:00:00Z,exact,3-Methyl-2-cyclohexen-1-one (MCH technical)
micro_IA40244211_1470,2010,2010,2010-01-01T00:00:00Z,exact,Pseudomonas syringae strain ESC-10
micro_IA40244211_1630,2010,2010,2010-01-01T00:00:00Z,exact,3-Methyl-2-cyclohexen-1-one (MCH technical)
micro_IA40244211_2269,2010,2010,2010-01-01T00:00:00Z,exact,"Annual report 2009-2010 (fiscal period--April 1, 2009 to March 31, 2010)"
micro_IA40244211_2456,2010,2010,2010-01-01T00:00:00Z,exact,"Province of Manitoba annual report for the year ended March 31, 2010 = Province du Manitoba rapport annuel : pour l'exercise termine le 31 mars, 2010"
micro_IA40244211_2744,2010,2010,2010-01-01T00:00:00Z,exact,Blood pressure in Canadian adults
micro_IA40244211_2746,2010,2010,2010-01-01T00:00:00Z,exact,"Resting blood pressure and heart rate measurement in the Canadian Health Measures Survey, cycle 1"
micro_IA40244211_2748,2010,2010,2010-01-01T00:00:00Z,exact,Fitness of Canadian adults results from the 2007-2009 Canadian Health Measures Survey
micro_IA40244211_2750,2010,2010,2010-01-01T00:00:00Z,exact,Fitness of Canadian children and youth results from the 2007-2009 Canadian Health Measures Survey
micro_IA40244211_2752,2010,2010,2010-01-01T00:00:00Z,exact,Quality control and data reduction procedures for accelerometry-derived measures of physical activity
micro_IA40244211_2754,2010,2010,2010-01-01T00:00:00Z,exact,Weight gain during pregnancy adherence to Health Canada's guidelines
micro_IA40244211_2756,2010,2010,2010-01-01T00:00:00Z,exact,"Waiting time for medical specialist consultations in Canada, 2007"
micro_IA40244211_2758,2010,2010,2010-01-01T00:00:00Z,exact,The Manitoba Human Papillomavirus vaccine surveillance and evaluation system
micro_IA40244211_2759,2010,2010,2010-01-01T00:00:00Z,exact,Le systeme manitobain de surveillance et d'evaluation du vaccin contre le virus du papillome humain
micro_IA40244211_2760,2010,2010,2010-01-01T00:00:00Z,exact,Blood pressure in Canadian children and adolescents
micro_IA40244211_2762,2010,2010,2010-01-01T00:00:00Z,exact,Using population data to measure outcomes of care the case of hip and knee replacements
micro_IA40244211_2764,2010,2010,2010-01-01T00:00:00Z,exact,Evaluating the hyperactivity/inattention subscale of the National Longitudinal Survey of Children and Youth
micro_IA40244211_2766,2010,2010,2010-01-01T00:00:00Z,exact,Validation of self-rated mental health
micro_IA40244211_2767,2010,2010,2010-01-01T00:00:00Z,exact,Validation de l'autoevaluation de la sante mentale
micro_IA40244211_2768,2010,2010,2010-01-01T00:00:00Z,exact,Health-promoting factors and good health among Canadians in mid- to late life
micro_IA40244211_2770,2010,2010,2010-01-01T00:00:00Z,exact,Lead and bisphenol A concentrations in the Canadian population
micro_IA40244211_2772,2010,2010,2010-01-01T00:00:00Z,exact,Hospitalization risk in a type 2 diabetes cohort
micro_IA40244211_2774,2010,2010,2010-01-01T00:00:00Z,exact,14-year diabetes incidence the role of socio-economic status
micro_IA40244211_2776,2010,2010,2010-01-01T00:00:00Z,exact,Regional patterns of risk for sexually transmitted infections in British Columbia
micro_IA40244211_2778,2010,2010,2010-01-01T00:00:00Z,exact,An update on cancer survival
micro_IA40244211_2780,2010,2010,2010-01-01T00:00:00Z,exact,H1N1 vaccination
micro_IA40244211_2781,2010,2010,2010-01-01T00:00:00Z,exact,Vaccination contre la grippe H1N1
micro_IA40244211_2782,2010,2010,2010-01-01T00:00:00Z,exact,Socio-economic status and vitamin/mineral supplement use in Canada
micro_IA40244211_2784,2010,2010,2010-01-01T00:00:00Z,exact,Neighbourhood variation in hospitalization for unintentional injury among children and teenagers
micro_IA40244211_2786,2010,2010,2010-01-01T00:00:00Z,exact,Combining nutrient intake from food/beverages and vitamin/mineral supplements
micro_IA40244211_2788,2010,2010,2010-01-01T00:00:00Z,exact,"Recent trends in upper respiratory infections, ear infections and asthma among young Canadian children"
micro_IA40244211_2790,2010,2010,2010-01-01T00:00:00Z,exact,Asthma and school functioning
micro_IA40244211_2792,2010,2010,2010-01-01T00:00:00Z,exact,Validation of cognitive functioning categories in the Canadian Community Health Survey--Healthy Aging
micro_IA40244211_2794,2010,2010,2010-01-01T00:00:00Z,exact,"Trends in long-term care staffing by facility ownership in British Columbia, 1996 to 2006"
micro_IA40244211_2796,2010,2010,2010-01-01T00:00:00Z,exact,Chronic pain at ages 12 to 44
micro_IA40244211_3009,2010,2010,2010-01-01T00:00:00Z,exact,"Better health care experience, better health care outcome 2009-2010 annual report"
micro_IA40244211_3012,2010,2010,2010-01-01T00:00:00Z,exact,"Annual business plan April 1, 2010-March 31, 2011"
micro_IA40244211_3015,2010,2010,2010-01-01T00:00:00Z,exact,Working together for a sustainable future 2009-2010 annual report
micro_IA40244211_3017,2010,2010,2010-01-01T00:00:00Z,exact,2010-2011 annual report
micro_IA40244211_3024,2010,2010,2010-01-01T00:00:00Z,exact,Moving forward 2009-2010 annual report
micro_IA40244211_3254,2010,2010,2010-01-01T00:00:00Z,exact,Departmental performance report 2009-2010
micro_IA40244211_3622,2010,2010,2010-01-01T00:00:00Z,exact,"2010-2011, the year in review"
micro_IA40244212_0113,2010,2010,2010-01-01T00:00:00Z,exact,2010 budget securing the future
micro_IA40244212_0122,2010,2010,2010-01-01T00:00:00Z,exact,Nova Scotia budget address for the fiscal year 2009-2010
micro_IA40244212_0309,2010,2010,2010-01-01T00:00:00Z,exact,Erie St. Clair Local Health Integration Network (LHIN): Integrated Health Service Plan (IHSP) 2010-2013
micro_IA40244212_1020,2010,2010,2010-01-01T00:00:00Z,exact,Statistical portrait--equality women/men. How are we doing in Nord-du-Quebec?
micro_IA40244212_3294,2010,2010,2010-01-01T00:00:00Z,exact,2010 Whitehorse housing adequacy study
micro_IA40244213_0253,2010,2010,2010-01-01T00:00:00Z,exact,Annual statistics 2009-2010
micro_IA40244213_0258,2010,2010,2010-01-01T00:00:00Z,exact,"Population report June 1, 2010"
micro_IA40244213_0342,2010,2010,2010-01-01T00:00:00Z,exact,"Student Health provincial summary of annual reports 2007/2008 school year : September 1, 2007 to August 31, 2008"
micro_IA40244213_0364,2010,2010,2010-01-01T00:00:00Z,exact,"Annual report April 1, 2009-March 31, 2010"
micro_IA40244213_0367,2010,2010,2010-01-01T00:00:00Z,exact,2010-2015 health plan improving health for all Albertans
micro_IA40244213_0790,2010,2010,2010-01-01T00:00:00Z,exact,2009-10 annual report
micro_IA40244213_0796,2010,2010,2010-01-01T00:00:00Z,exact,Access & privacy a time for innovation : 2009 annual report
micro_IA40244213_0974,2010,2010,2010-01-01T00:00:00Z,exact,Research capacity impacts 2009 annual report
micro_IA40244213_1264,2010,2010,2010-01-01T00:00:00Z,exact,Cultural integration guide support rural Alberta communities
micro_IA40244213_1760,2010,2010,2010-01-01T00:00:00Z,exact,Lambda-cyhalothrin
micro_IA40244213_2158,2010,2010,2010-01-01T00:00:00Z,exact,South West Local Health Integration Network annual report 2009/10
micro_IA40244213_2517,2010,2010,2010-01-01T00:00:00Z,exact,"Health Professions Appeal & Review Board, Health Services Appeal & Review Board, Transitional Physician Audit Panel and the Ontario Hepatitis C Assistance Plan Review Committee 2009-2010 annual report"
micro_IA40244213_3167,2010,2010,2010-01-01T00:00:00Z,exact,"The foundation of care accountability, community, innovation, integrity : 2009-2010 annual report"
micro_IA40244213_3172,2010,2010,2010-01-01T00:00:00Z,exact,Working together for a healthier future Integrated health service plan 2010-2013
micro_IA40244213_3209,2010,2010,2010-01-01T00:00:00Z,exact,Unissons nos efforts pour proposer au niveau local des soins de sante de haute qualite rapport annuel de 2009-2010
micro_IA40244213_3542,2010,2010,2010-01-01T00:00:00Z,exact,Annual performance report 2009-2010
micro_IA40244214_1242,2010,2010,2010-01-01T00:00:00Z,exact,Health policy research bulletin. Issue 17 (December 2010)
micro_IA40244214_1604,2010,2010,2010-01-01T00:00:00Z,exact,Quality monitor 2010 report on Ontario's health system
micro_IA40244214_1605,2010,2010,2010-01-01T00:00:00Z,exact,Observateur de la qualite rapport annuel 2010 sur le systeme de sante de l'Ontario
micro_IA40244214_1695,2010,2010,2010-01-01T00:00:00Z,exact,Getting better together annual report 2009-2010
micro_IA40244214_1696,2010,2010,2010-01-01T00:00:00Z,exact,Aller mieux ensemble rapport annuel 2009-2010
micro_IA40244214_1706,2010,2010,2010-01-01T00:00:00Z,exact,Travailler ensemble vers un avenir durable rapport annuel 2009-2010
micro_IA40244214_1710,2010,2010,2010-01-01T00:00:00Z,exact,"Making a difference engaged communities, healthy communities : Central East LHIN 2009-10 annual report"
micro_IA40244214_1711,2010,2010,2010-01-01T00:00:00Z,exact,"Faire une difference des collectivites mobilisees, des communautes en sante : rapport annuel 2009-2010 du RLISS du Centre-Est"
micro_IA40244214_1723,2010,2010,2010-01-01T00:00:00Z,exact,"Quality care in community hands, planning for the future 2009-2010 annual report"
micro_IA40244214_1736,2010,2010,2010-01-01T00:00:00Z,exact,Rapport annuel 2009-2010
micro_IA40244214_1737,2010,2010,2010-01-01T00:00:00Z,exact,Annual report 2009-2010
micro_IA40244214_2057,2010,2010,2010-01-01T00:00:00Z,exact,Key findings from International Polar Year 2007-2008 at Fisheries and Oceans Canada executive summary
micro_IA40244214_2976,2010,2010,2010-01-01T00:00:00Z,exact,2009 annual report
micro_IA40244214_2997,2010,2010,2010-01-01T00:00:00Z,exact,A profile of Alberta seniors
micro_IA40244214_3055,2010,2010,2010-01-01T00:00:00Z,exact,Useful information for environmental assessments
micro_IA40244214_3057,2010,2010,2010-01-01T00:00:00Z,exact,Information utile lors d'une evaluation environnementale
micro_IA40244215_0083,2010,2010,2010-01-01T00:00:00Z,exact,Connecting Canada's health data Canadian Institute for Health Information annual report 2009-2010
micro_IA40244215_3163,2010,2010,2010-01-01T00:00:00Z,exact,Annual report 2009-2010
micro_IA40244215_3172,2010,2010,2010-01-01T00:00:00Z,exact,"Statistical update : HIV and AIDS : report to December 31, 2009"
micro_IA40244215_3182,2010,2010,2010-01-01T00:00:00Z,exact,"Canada communicable disease report. (August 2010) volume 36, ACS-6 = Releve des maladies transmissibles au Canada. (Aout 2010) volume 36, DCC-6"
micro_IA40244215_3243,2010,2010,2010-01-01T00:00:00Z,exact,"Canada communicable disease report. (January 2010) volume 36, ACS-1 = Releve des maladies transmissibles au Canada. (Janvier 2010) volume 36, DCC-1"
micro_IA40244215_3244,2010,2010,2010-01-01T00:00:00Z,exact,"Canada communicable disease report. (June 2010) volume 36, ACS-3 = Releve des maladies transmissibles au Canada. (Juin 2010) volume 36, DCC-3"
micro_IA40244215_3245,2010,2010,2010-01-01T00:00:00Z,exact,"Canada communicable disease report. (June 2010) volume 36, ACS-4 = Releve des maladies transmissibles au Canada. (Juin 2010) volume 36, DCC-4"
micro_IA40244215_3246,2010,2010,2010-01-01T00:00:00Z,exact,"Canada communicable disease report. (June 2010) volume 36, ACS-5 = Releve des maladies transmissibles au Canada. (Juin 2010) volume 36, DCC-5"
micro_IA40244215_3247,2010,2010,2010-01-01T00:00:00Z,exact,"Canada communicable disease report. (August 2010) volume 36, ACS-6 = Releve des maladies transmissibles au Canada. (Aout 2010) volume 36, DCC-6"
micro_IA40244215_3248,2010,2010,2010-01-01T00:00:00Z,exact,"Canada communicable disease report. (September 2010) volume 36, ACS-7 = Releve des maladies transmissibles au Canada. (Septembre 2010) volume 36, DCC-7"
micro_IA40244215_3249,2010,2010,2010-01-01T00:00:00Z,exact,"Canada communicable disease report. (September 2010) volume 36, ACS-8 = Releve des maladies transmissibles au Canada. (Septembre 2010) volume 36, DCC-8"
micro_IA40244215_3250,2010,2010,2010-01-01T00:00:00Z,exact,"Canada communicable disease report. (September 2010) volume 36, ACS-9 = Releve des maladies transmissibles au Canada. (Septembre 2010) volume 36, DCC-9"
micro_IA40244215_3251,2010,2010,2010-10-01T00:00:00Z,exact,CCDR: Canada communicable disease report
micro_IA40244215_3253,2010,2010,2010-01-01T00:00:00Z,exact,"Canada communicable disease report. (October 2010) volume 36, ACS-11 = Releve des maladies transmissibles au Canada. (Octobre 2010) volume 36, DCC-11"
micro_IA40244215_3254,2010,2010,2010-11-01T00:00:00Z,exact,CCDR: Canada communicable disease report
micro_IA40244215_3256,2010,2010,2010-01-01T00:00:00Z,exact,"Canada communicable disease report. (October 2010) volume 36, ACS-13 = Releve des maladies transmissibles au Canada. (Octobre 2010) volume 36, DCC-13"
micro_IA40244215_3257,2010,2010,2010-11-01T00:00:00Z,exact,CCDR: Canada communicable disease report
micro_IA40244215_3259,2010,2010,2010-12-01T00:00:00Z,exact,CCDR: Canada communicable disease report
micro_IA40244215_3275,2010,2010,2010-01-01T00:00:00Z,exact,CCDR: Canada communicable disease report - Supplement
micro_IA40244215_3277,2010,2010,2010-01-01T00:00:00Z,exact,CCDR: Canada communicable disease report - Supplement
micro_IA40244215_3279,2010,2010,2010-10-01T00:00:00Z,exact,CCDR: Canada communicable disease report - Supplement
micro_IA40244216_0358,2010,2010,2010-01-01T00:00:00Z,exact,2009 public service annual report
micro_IA40244216_0489,2010,2010,2010-01-01T00:00:00Z,exact,Health and Social Services
micro_IA40244216_0839,2010,2010,2010-01-01T00:00:00Z,exact,Annual report 2009-2010
micro_IA40244216_3219,2010,2010,2010-01-01T00:00:00Z,exact,"Annual report April 1, 2009 to March 31, 2010"
micro_IA40244270_0636,2010,2010,2010-01-01T00:00:00Z,exact,Access & privacy a time for innovation : 2009 annual report
micro_IA40244270_0638,2010,2010,2010-01-01T00:00:00Z,exact,A more detailed look at compliance rates and other 2009 access and privacy statistics 2009 annual report
micro_IA40244270_0651,2010,2010,2010-01-01T00:00:00Z,exact,Ecosystem status and trends report for the Strait of Georgia ecozone Rapport de l'etat des ecosystemes et des tendances pour l'ecozone du detroit de Georgie
micro_IA40244270_0662,2010,2010,2010-01-01T00:00:00Z,exact,Ecosystem status and trends report for the Newfoundland and Labrador Shelf Rapport sur l'etat de l'ecosysteme du plateau de Terre-Neuve et du Labrador et les tendances
micro_IA40244270_0666,2010,2010,2010-01-01T00:00:00Z,exact,Ecosystem status and trends report Estuary and Gulf of St. Lawrence ecozone = Rapport sur l'etat et les tendances des ecosystemes : ecozone de l'estuaire et du golfe du Saint-Laurent
micro_IA40244270_0681,2010,2010,2010-01-01T00:00:00Z,exact,Ecosystem status and trends report for North Coast and Hecate Strait ecozone Rapport de l'etat des ecosystemes et des tendances pour l'ecozone de la cote nord et du detroit de Hecate
micro_IA40244270_0682,2010,2010,2010-01-01T00:00:00Z,exact,"Ecosystem status and trends report coastal waters off the west coast of Vancouver Island, British Columbia = Rapport de l'etat des ecosystemes et des tendances : eaux cotieres au large de la cote ouest de l'ile de Vancouver, Colombie-Britannique"
micro_IA40244270_0699,2010,2010,2010-01-01T00:00:00Z,exact,Ecosystem status and trends report Arctic Marine Ecozones = Rapport de l'etat des ecosystemes et des tendances : ecozones marines de l'Arctique
micro_IA40244270_0703,2010,2010,2010-01-01T00:00:00Z,exact,Ecosystem Status and Trends Report for the Gulf of Maine and Scotian Shelf Rapport sur l'etat et les tendances de l'ecosysteme du golfe du Maine et du plateau neo-ecossais
micro_IA40244270_0762,2010,2010,2010-01-01T00:00:00Z,exact,Septic smart! understanding your home's septic system
micro_IA40244270_0763,2010,2010,2010-01-01T00:00:00Z,exact,Production recommendations for greenhouse floriculture
micro_IA40244270_0777,2010,2010,2010-01-01T00:00:00Z,exact,"Annual report April 1, 2009 to March, 2010"
micro_IA40244270_0847,2010,2010,2010-01-01T00:00:00Z,exact,"Final report, navigating the journey to wellness the comprehensive mental health and addictions action plan for Ontarians"
micro_IA40244270_0925,2010,2010,2010-01-01T00:00:00Z,exact,"Newsletter. Volume 14, issue no. 4 (October 2010)"
micro_IA44024207_0027,2010,2010,2010-01-01T00:00:00Z,exact,"Infoline. Issue 10-02 (January 15th, 2010)"
micro_IA44024207_0028,2010,2010,2010-01-01T00:00:00Z,exact,"Infoline. Issue 10-03 (January 22, 2010)"
micro_IA44024207_0037,2010,2010,2010-01-01T00:00:00Z,exact,"Infoline. Issue 10-12 (March 26th, 2010)"
micro_IA44024207_0039,2010,2010,2010-01-01T00:00:00Z,exact,"Infoline. Issue 10-14 (April 9, 2010)"
micro_IA44024207_0066,2010,2010,2010-01-01T00:00:00Z,exact,The glacier grinds closer how demographics will change Canada's fiscal landscape
micro_IA44420209_2879,2010,2010,2010-01-01T00:00:00Z,exact,FOIP folio. January 2010
micro_IA44420209_2881,2010,2010,2010-01-01T00:00:00Z,exact,FOIP folio. April 2010
micro_IA44420209_2882,2010,2010,2010-01-01T00:00:00Z,exact,FOIP folio. May 2010
micro_IA44420209_2887,2010,2010,2010-01-01T00:00:00Z,exact,FOIP folio. November 2010
micro_IA44420209_2972,2010,2010,2010-01-01T00:00:00Z,exact,Inspiring movement towards comprehensive school community health : guidelines for physical activity in Saskatchewan schools
micro_IA44420209_2987,2010,2010,2010-01-01T00:00:00Z,exact,2009-2010 annual report
micro_IA04244210_0182,2011,2011,2011-01-01T00:00:00Z,exact,"Labour market information monthly. Volume 8, issue 4 (April 2011)"
micro_IA04244210_0215,2011,2011,2011-01-01T00:00:00Z,exact,"Quarterly environmental compliance and enforcement summary January 1, 2011 to March 31, 2011"
micro_IA04244210_0216,2011,2011,2011-01-01T00:00:00Z,exact,"Quarterly environmental compliance and enforcement summary April 1, 2011 to June 30, 2011"
micro_IA04244210_0217,2011,2011,2011-01-01T00:00:00Z,exact,"Quarterly environmental compliance and enforcement summary July 1, 2011 to September 30, 2011"
micro_IA04244210_0259,2011,2011,2011-01-01T00:00:00Z,exact,City of Cranbrook 2010 annual report
micro_IA04244210_0263,2011,2011,2011-01-01T00:00:00Z,exact,"Neighbourhood profiles Beasley, CATCH (Community Access to Child Health), Crown Point, Jamesville, Keith, McQuesten, Riverdale, Rolston, South Sherman (Stadium District), Stinson and Wever"
micro_IA04244210_0264,2011,2011,2011-01-01T00:00:00Z,exact,Hamilton Community Action Program for Children evaluation
micro_IA04244210_0266,2011,2011,2011-01-01T00:00:00Z,exact,Hamilton's social landscape
micro_IA04244210_0292,2011,2011,2011-01-01T00:00:00Z,exact,Quarterly report 2011 first quarter
micro_IA04244210_0293,2011,2011,2011-01-01T00:00:00Z,exact,Quarterly report 2011 second quarter
micro_IA04244210_0294,2011,2011,2011-01-01T00:00:00Z,exact,Quarterly report 2011 third quarter
micro_IA04244210_0336,2011,2011,2011-01-01T00:00:00Z,exact,Selected vital statistics and health status indicators one hundred and thirty-ninth annual report 2010
micro_IA04244210_0447,2011,2011,2011-01-01T00:00:00Z,exact,2010-2011 departmental performance report
micro_IA04244212_1606,2011,2011,2011-01-01T00:00:00Z,exact,Acibenzolar-s-methyl
micro_IA04244212_1608,2011,2011,2011-01-01T00:00:00Z,exact,Liquid carbon dioxide Cryonite
micro_IA04244212_1610,2011,2011,2011-01-01T00:00:00Z,exact,Sulfentrazone
micro_IA04244212_1612,2011,2011,2011-01-01T00:00:00Z,exact,Mineral oil
micro_IA04244212_1614,2011,2011,2011-01-01T00:00:00Z,exact,Carbendazim
micro_IA04244212_1616,2011,2011,2011-01-01T00:00:00Z,exact,Liquid corn gluten
micro_IA04244212_1618,2011,2011,2011-01-01T00:00:00Z,exact,Lactobacillus casei strain LPT-111
micro_IA04244212_1864,2011,2011,2011-01-01T00:00:00Z,exact,Locally planned care annual business plan 2011-2012
micro_IA04244212_2190,2011,2011,2011-01-01T00:00:00Z,exact,Strategic and operational directions 2011-12
micro_IA04244212_2319,2011,2011,2011-01-01T00:00:00Z,exact,"Saskatchewan Disease Control Laboratory newsletter. Volume 1, number 1 (May 2011)"
micro_IA04244212_2329,2011,2011,2011-01-01T00:00:00Z,exact,Annual report 2010-11
micro_IA04244212_2370,2011,2011,2011-01-01T00:00:00Z,exact,2010/11 annual service plan report
micro_IA04244212_2386,2011,2011,2011-01-01T00:00:00Z,exact,2010/11 annual service plan report
micro_IA24402414_0246,2011,2011,2011-01-01T00:00:00Z,exact,Keeping nuclear safe - looking back and beyond annual report 2010-11
micro_IA24402414_0251,2011,2011,2011-01-01T00:00:00Z,exact,CNSC staff integrated safety assessment of Canadian nuclear power plants for 2010
micro_IA24402414_0263,2011,2011,2011-01-01T00:00:00Z,exact,Annual report on the Privacy Act 2010-11 Rapport annuel concernant la loi sur la protection des renseignements personnels 2010-2011
micro_IA24402414_0269,2011,2011,2011-01-01T00:00:00Z,exact,Annual report on the Access to Information Act 2010-11 INFO-0818 = rapport annuel concernant la loi sur l'acces a l'information 2010-2011 : INFO-0818
micro_IA24402414_0275,2011,2011,2011-01-01T00:00:00Z,exact,"Province of British Columbia 2010/11 strategic plan, annual report"
micro_IA24402414_0338,2011,2011,2011-01-01T00:00:00Z,exact,Baby steps caring for babies with prenatal substance exposure
micro_IA24402414_0455,2011,2011,2011-01-01T00:00:00Z,exact,"Reasons for decision Canadian Union of Public Employees, Airline Division, Air Canada Component, complainant, and Air Canada, respondent"
micro_IA24402414_0469,2011,2011,2011-01-01T00:00:00Z,exact,"Reasons for decision Jacques Anderson, complainant, and IMTT-Quebec Inc., respondent"
micro_IA40242401_1954,2011,2011,2011-01-01T00:00:00Z,exact,Annual report 2010/2011
micro_IA40242401_2441,2011,2011,2011-01-01T00:00:00Z,exact,"Nova Scotia Medical Services Insurance annual statistical tables : 12 months ending March 31, 2011 (with comparative statistics for previous years)"
micro_IA40242402_0124,2011,2011,2011-01-01T00:00:00Z,exact,"Flash grippe. Volume 1, numero 3 (le vendredi 14 janvier 2011), L'activite grippale est elevee au Quebec il est encore temps de se faire vacciner"
micro_IA40242402_0131,2011,2011,2011-01-01T00:00:00Z,exact,"Flash grippe. Volume 2, numero 1 (le 26 septembre 2011), La campagne de vaccination contre la grippe saisonniere debute le 1er novembre 2011"
micro_IA40242402_1672,2011,2011,2011-01-01T00:00:00Z,exact,Annual report 2010-2011
micro_IA40242402_2067,2011,2011,2011-01-01T00:00:00Z,exact,2010 report to members
micro_IA40242402_2145,2011,2011,2011-01-01T00:00:00Z,exact,Canadian aquaculture R & D review 2011
micro_IA40242402_3262,2011,2011,2011-01-01T00:00:00Z,exact,"Financial statements (expressed in thousands of dollars), Forensic Psychiatric Services Commission : year ended March 31, 2011"
micro_IA40242403_0303,2011,2011,2011-01-01T00:00:00Z,exact,"HIV and AIDS in Saskatchewan, 2010"
micro_IA40242403_0732,2011,2011,2011-01-01T00:00:00Z,exact,Business plan 2011-14
micro_IA40242403_1048,2011,2011,2011-01-01T00:00:00Z,exact,"Business plan April 1, 2011-March 31, 2012"
micro_IA40242403_1748,2011,2011,2011-01-01T00:00:00Z,exact,Update on the status of the revisions to the residue chemistry crop groups
micro_IA40242403_3478,2011,2011,2011-01-01T00:00:00Z,exact,Health care and social assistance industry
micro_IA40242404_0280,2011,2011,2011-01-01T00:00:00Z,exact,"Statistical profile of Aboriginal peoples 2011. Health Authority 1, Interior : Aboriginal peoples compared to the non-Aboriginal population with emphasis on labour market and post secondary issues"
micro_IA40242404_0281,2011,2011,2011-01-01T00:00:00Z,exact,"Statistical profile of Aboriginal peoples 2011. Health Authority 1, Interior : First Nations people compared to the Metis population with emphasis on labour market and post secondary issues"
micro_IA40242404_0282,2011,2011,2011-01-01T00:00:00Z,exact,"Statistical profile of Aboriginal peoples 2011. Health Authority 1, Interior : registered Indians compared to the non-registered population with emphasis on labour market and post secondary issues"
micro_IA40242404_0283,2011,2011,2011-01-01T00:00:00Z,exact,"Statistical profile of Aboriginal peoples 2011. Health Authority 2, Fraser : Aboriginal peoples compared to the non-Aboriginal population with emphasis on labour market and post secondary issues"
micro_IA40242404_0284,2011,2011,2011-01-01T00:00:00Z,exact,"Statistical profile of Aboriginal peoples 2011. Health Authority 2, Fraser : First Nations people compared to the Metis population with emphasis on labour market and post secondary issues"
micro_IA40242404_0286,2011,2011,2011-01-01T00:00:00Z,exact,"Statistical profile of Aboriginal peoples 2011. Health Authority 3, Vancouver Coastal : Aboriginal peoples compared to the non-Aboriginal population with emphasis on labour market and post secondary issues"
micro_IA40242404_0287,2011,2011,2011-01-01T00:00:00Z,exact,"Statistical profile of Aboriginal peoples 2011. Health Authority 3, Vancouver Coastal : First Nations people compared to the Metis population with emphasis on labour market and post secondary issues"
micro_IA40242404_0290,2011,2011,2011-01-01T00:00:00Z,exact,"Statistical profile of Aboriginal peoples 2011. Health Authority 3, Vancouver Coastal : registered Indians compared to the non-registered population with emphasis on labour market and post secondary issues"
micro_IA40242404_0291,2011,2011,2011-01-01T00:00:00Z,exact,"Statistical profile of Aboriginal peoples 2011. Health Authority 4, Vancouver Island : Aboriginal peoples compared to the non-Aboriginal population with emphasis on labour market and post secondary issues"
micro_IA40242404_0292,2011,2011,2011-01-01T00:00:00Z,exact,"Statistical profile of Aboriginal peoples 2011. Health Authority 4, Vancouver Island : First Nations people compared to the Metis population with emphasis on labour market and post secondary issues"
micro_IA40242404_0293,2011,2011,2011-01-01T00:00:00Z,exact,"Statistical profile of Aboriginal peoples 2011. Health Authority 4, Vancouver Island : registered Indians compared to the non-registered population with emphasis on labour market and post secondary issues"
micro_IA40242404_0294,2011,2011,2011-01-01T00:00:00Z,exact,"Statistical profile of Aboriginal peoples 2011. Health Authority 5, Northern : Aboriginal peoples compared to the non-Aboriginal population with emphasis on labour market and post secondary issues"
micro_IA40242404_0295,2011,2011,2011-01-01T00:00:00Z,exact,"Statistical profile of Aboriginal peoples 2011. Health Authority 5, Northern : First Nations people compared to the Metis population with emphasis on labour market and post secondary issues"
micro_IA40242404_0296,2011,2011,2011-01-01T00:00:00Z,exact,"Statistical profile of Aboriginal peoples 2011. Health Authority 5, Northern : registered Indians compared to the non-registered population with emphasis on labour market and post secondary issues"
micro_IA40242404_0297,2011,2011,2011-01-01T00:00:00Z,exact,"Statistical profile of Aboriginal peoples 2011. Health Service Delivery Area 11, East Kootenay : First Nations people compared to the Metis population with emphasis on labour market and post secondary issues"
micro_IA40242404_0298,2011,2011,2011-01-01T00:00:00Z,exact,"Statistical profile of Aboriginal peoples 2011. Health Service Delivery Area 11, East Kootenay : registered Indians compared to the non-registered population with emphasis on labour market and post secondary issues"
micro_IA40242404_0299,2011,2011,2011-01-01T00:00:00Z,exact,"Statistical profile of Aboriginal peoples 2011. Health Service Delivery Area 12, Kootenay Boundary : Aboriginal peoples compared to the non-Aboriginal population with emphasis on labour market and post secondary issues"
micro_IA40242404_0300,2011,2011,2011-01-01T00:00:00Z,exact,"Statistical profile of Aboriginal peoples 2011. Health Service Delivery Area 12, Kootenay Boundary : First Nations people compared to the Metis population with emphasis on labour market and post secondary issues"
micro_IA40242404_0301,2011,2011,2011-01-01T00:00:00Z,exact,"Statistical profile of Aboriginal peoples 2011. Health Service Delivery Area 12, Kootenay Boundary : registered Indians compared to the non-registered population with emphasis on labour market and post secondary issues"
micro_IA40242404_0302,2011,2011,2011-01-01T00:00:00Z,exact,"Statistical profile of Aboriginal peoples 2011. Health Service Delivery Area 13, Okanagan : Aboriginal peoples compared to the non-Aboriginal population with emphasis on labour market and post secondary issues"
micro_IA40242404_0303,2011,2011,2011-01-01T00:00:00Z,exact,"Statistical profile of Aboriginal peoples 2011. Health Service Delivery Area 13, Okanagan : First Nations people compared to the Metis population with emphasis on labour market and post secondary issues"
micro_IA40242404_0304,2011,2011,2011-01-01T00:00:00Z,exact,"Statistical profile of Aboriginal peoples 2011. Health Service Delivery Area 13, Okanagan : registered Indians compared to the non-registered population with emphasis on labour market and post secondary issues"
micro_IA40242404_0305,2011,2011,2011-01-01T00:00:00Z,exact,"Statistical profile of Aboriginal peoples 2011. Health Service Delivery Area 14, Thompson Cariboo Shuswap : Aboriginal peoples compared to the non-Aboriginal population with emphasis on labour market and post secondary issues"
micro_IA40242404_0306,2011,2011,2011-01-01T00:00:00Z,exact,"Statistical profile of Aboriginal peoples 2011. Health Service Delivery Area 14, Thompson Cariboo Shuswap : First Nations people compared to the Metis population with emphasis on labour market and post secondary issues"
micro_IA40242404_0307,2011,2011,2011-01-01T00:00:00Z,exact,"Statistical profile of Aboriginal peoples 2011. Health Service Delivery Area 14, Thompson Cariboo Shuswap : registered Indians compared to the non-registered population with emphasis on labour market and post secondary issues"
micro_IA40242404_0308,2011,2011,2011-01-01T00:00:00Z,exact,"Statistical profile of Aboriginal peoples 2011. Health Service Delivery Area 21, Fraser East : Aboriginal peoples compared to the non-Aboriginal population with emphasis on labour market and post secondary issues"
micro_IA40242404_0309,2011,2011,2011-01-01T00:00:00Z,exact,"Statistical profile of Aboriginal peoples 2011. Health Service Delivery Area 21, Fraser East : First Nations people compared to the Metis population with emphasis on labour market and post secondary issues"
micro_IA40242404_0310,2011,2011,2011-01-01T00:00:00Z,exact,"Statistical profile of Aboriginal peoples 2011. Health Service Delivery Area 21, Fraser East : registered Indians compared to the non-registered population with emphasis on labour market and post secondary issues"
micro_IA40242404_0311,2011,2011,2011-01-01T00:00:00Z,exact,"Statistical profile of Aboriginal peoples 2011. Health Service Delivery Area 22, Fraser North : Aboriginal peoples compared to the non-Aboriginal population with emphasis on labour market and post secondary issues"
micro_IA40242404_0312,2011,2011,2011-01-01T00:00:00Z,exact,"Statistical profile of Aboriginal peoples 2011. Health Service Delivery Area 22, Fraser North : First Nations people compared to the Metis population with emphasis on labour market and post secondary issues"
micro_IA40242404_0313,2011,2011,2011-01-01T00:00:00Z,exact,"Statistical profile of Aboriginal peoples 2011. Health Service Delivery Area 22, Fraser North : registered Indians compared to the non-registered population with emphasis on labour market and post secondary issues"
micro_IA40242404_0314,2011,2011,2011-01-01T00:00:00Z,exact,"Statistical profile of Aboriginal peoples 2011. Health Service Delivery Area 23, Fraser South : Aboriginal peoples compared to the non-Aboriginal population with emphasis on labour market and post secondary issues"
micro_IA40242404_0315,2011,2011,2011-01-01T00:00:00Z,exact,"Statistical profile of Aboriginal peoples 2011. Health Service Delivery Area 23, Fraser South : First Nations people compared to the Metis population with emphasis on labour market and post secondary issues"
micro_IA40242404_0316,2011,2011,2011-01-01T00:00:00Z,exact,"Statistical profile of Aboriginal peoples 2011. Health Service Delivery Area 23, Fraser South : registered Indians compared to the non-registered population with emphasis on labour market and post secondary issues"
micro_IA40242404_0317,2011,2011,2011-01-01T00:00:00Z,exact,"Statistical profile of Aboriginal peoples 2011. Health Service Delivery Area 31, Richmond : Aboriginal peoples compared to the non-Aboriginal population with emphasis on labour market and post secondary issues"
micro_IA40242404_0318,2011,2011,2011-01-01T00:00:00Z,exact,"Statistical profile of Aboriginal peoples 2011. Health Service Delivery Area 31, Richmond : First Nations people compared to the Metis population with emphasis on labour market and post secondary issues"
micro_IA40242404_0319,2011,2011,2011-01-01T00:00:00Z,exact,"Statistical profile of Aboriginal peoples 2011. Health Service Delivery Area 31, Richmond : registered Indians compared to the non-registered population with emphasis on labour market and post secondary issues"
micro_IA40242404_0320,2011,2011,2011-01-01T00:00:00Z,exact,"Statistical profile of Aboriginal peoples 2011. Health Service Delivery Area 32, Vancouver : Aboriginal peoples compared to the non-Aboriginal population with emphasis on labour market and post secondary issues"
micro_IA40242404_0321,2011,2011,2011-01-01T00:00:00Z,exact,"Statistical profile of Aboriginal peoples 2011. Health Service Delivery Area 32, Vancouver : First Nations people compared to the Metis population with emphasis on labour market and post secondary issues"
micro_IA40242404_0322,2011,2011,2011-01-01T00:00:00Z,exact,"Statistical profile of Aboriginal peoples 2011. Health Service Delivery Area 32, Vancouver : registered Indians compared to the non-registered population with emphasis on labour market and post secondary issues"
micro_IA40242404_0323,2011,2011,2011-01-01T00:00:00Z,exact,"Statistical profile of Aboriginal peoples 2011. Health Service Delivery Area 33, North Shore/Coast Garibaldi : Aboriginal peoples compared to the non-Aboriginal population with emphasis on labour market and post secondary issues"
micro_IA40242404_0324,2011,2011,2011-01-01T00:00:00Z,exact,"Statistical profile of Aboriginal peoples 2011. Health Service Delivery Area 33, North Shore/Coast Garibaldi : First Nations people compared to the Metis population with emphasis on labour market and post secondary issues"
micro_IA40242404_0325,2011,2011,2011-01-01T00:00:00Z,exact,"Statistical profile of Aboriginal peoples 2011. Health Service Delivery Area 33, North Shore/Coast Garibaldi : registered Indians compared to the non-registered population with emphasis on labour market and post secondary issues"
micro_IA40242404_0326,2011,2011,2011-01-01T00:00:00Z,exact,"Statistical profile of Aboriginal peoples 2011. Health Service Delivery Area 41, South Vancouver Island : Aboriginal peoples compared to the non-Aboriginal population with emphasis on labour market and post secondary issues"
micro_IA40242404_0327,2011,2011,2011-01-01T00:00:00Z,exact,"Statistical profile of Aboriginal peoples 2011. Health Service Delivery Area 41, South Vancouver Island : First Nations people compared to the Metis population with emphasis on labour market and post secondary issues"
micro_IA40242404_0328,2011,2011,2011-01-01T00:00:00Z,exact,"Statistical profile of Aboriginal peoples 2011. Health Service Delivery Area 41, South Vancouver Island : registered Indians compared to the non-registered population with emphasis on labour market and post secondary issues"
micro_IA40242404_0329,2011,2011,2011-01-01T00:00:00Z,exact,"Statistical profile of Aboriginal peoples 2011. Health Service Delivery Area 42, Central Vancouver Island : Aboriginal peoples compared to the non-Aboriginal population with emphasis on labour market and post secondary issues"
micro_IA40242404_0330,2011,2011,2011-01-01T00:00:00Z,exact,"Statistical profile of Aboriginal peoples 2011. Health Service Delivery Area 42, Central Vancouver Island : First Nations people compared to the Metis population with emphasis on labour market and post secondary issues"
micro_IA40242404_0331,2011,2011,2011-01-01T00:00:00Z,exact,"Statistical profile of Aboriginal peoples 2011. Health Service Delivery Area 42, Central Vancouver Island : registered Indians compared to the non-registered population with emphasis on labour market and post secondary issues"
micro_IA40242404_0332,2011,2011,2011-01-01T00:00:00Z,exact,"Statistical profile of Aboriginal peoples 2011. Health Service Delivery Area 43, North Vancouver Island : Aboriginal peoples compared to the non-Aboriginal population with emphasis on labour market and post secondary issues"
micro_IA40242404_0333,2011,2011,2011-01-01T00:00:00Z,exact,"Statistical profile of Aboriginal peoples 2011. Health Service Delivery Area 43, North Vancouver Island : First Nations people compared to the Metis population with emphasis on labour market and post secondary issues"
micro_IA40242404_0334,2011,2011,2011-01-01T00:00:00Z,exact,"Statistical profile of Aboriginal peoples 2011. Health Service Delivery Area 43, North Vancouver Island : registered Indians compared to the non-registered population with emphasis on labour market and post secondary issues"
micro_IA40242404_0335,2011,2011,2011-01-01T00:00:00Z,exact,"Statistical profile of Aboriginal peoples 2011. Health Service Delivery Area 51, Northwest : Aboriginal peoples compared to the non-Aboriginal population with emphasis on labour market and post secondary issues"
micro_IA40242404_0336,2011,2011,2011-01-01T00:00:00Z,exact,"Statistical profile of Aboriginal peoples 2011. Health Service Delivery Area 51, Northwest : First Nations people compared to the Metis population with emphasis on labour market and post secondary issues"
micro_IA40242404_0337,2011,2011,2011-01-01T00:00:00Z,exact,"Statistical profile of Aboriginal peoples 2011. Health Service Delivery Area 51, Northwest : registered Indians compared to the non-registered population with emphasis on labour market and post secondary issues"
micro_IA40242404_0338,2011,2011,2011-01-01T00:00:00Z,exact,"Statistical profile of Aboriginal peoples 2011. Health Service Delivery Area 52, Northern Interior : Aboriginal peoples compared to the non-Aboriginal population with emphasis on labour market and post secondary issues"
micro_IA40242404_0339,2011,2011,2011-01-01T00:00:00Z,exact,"Statistical profile of Aboriginal peoples 2011. Health Service Delivery Area 52, Northern Interior : First Nations people compared to the Metis population with emphasis on labour market and post secondary issues"
micro_IA40242404_0340,2011,2011,2011-01-01T00:00:00Z,exact,"Statistical profile of Aboriginal peoples 2011. Health Service Delivery Area 52, Northern Interior : registered Indians compared to the non-registered population with emphasis on labour market and post secondary issues"
micro_IA40242404_0341,2011,2011,2011-01-01T00:00:00Z,exact,"Statistical profile of Aboriginal peoples 2011. Health Service Delivery Area 53, Northeast : Aboriginal peoples compared to the non-Aboriginal population with emphasis on labour market and post secondary issues"
micro_IA40242404_0342,2011,2011,2011-01-01T00:00:00Z,exact,"Statistical profile of Aboriginal peoples 2011. Health Service Delivery Area 53, Northeast : First Nations people compared to the Metis population with emphasis on labour market and post secondary issues"
micro_IA40242404_0343,2011,2011,2011-01-01T00:00:00Z,exact,"Statistical profile of Aboriginal peoples 2011. Health Service Delivery Area 53, Northeast : registered Indians compared to the non-registered population with emphasis on labour market and post secondary issues"
micro_IA40242404_0344,2011,2011,2011-01-01T00:00:00Z,exact,"Statistical profile of Aboriginal peoples 2011. Health Service Delivery Area 11, East Kootenay : Aboriginal peoples compared to the non-Aboriginal population with emphasis on labour market and post secondary issues"
micro_IA40242404_0519,2011,2011,2011-01-01T00:00:00Z,exact,2010/2011 annual report
micro_IA40242404_0676,2011,2011,2011-01-01T00:00:00Z,exact,The state of soft-shell clam (Mya arenaria) populations in three regions of eastern New Brunswick
micro_IA40242404_1881,2011,2011,2011-01-01T00:00:00Z,exact,Senior women
micro_IA40242404_1885,2011,2011,2011-01-01T00:00:00Z,exact,Women and health
micro_IA40242404_1886,2011,2011,2011-01-01T00:00:00Z,exact,Women with activity limitations
micro_IA40244207_2088,2011,2011,2011-01-01T00:00:00Z,exact,Seniors' self-employment Sharanjit Uppal
micro_IA40244207_2433,2011,2011,2011-01-01T00:00:00Z,exact,"Estimates supplementary no. 2, 2010-2011"
micro_IA40244207_2434,2011,2011,2011-01-01T00:00:00Z,exact,"Capital estimates, 2011-2012"
micro_IA40244207_2435,2011,2011,2011-01-01T00:00:00Z,exact,"Operation and maintenance estimates, 2011-2012"
micro_IA40244207_2693,2011,2011,2011-01-01T00:00:00Z,exact,"Residential long-term care for Canadian seniors nonprofit, for-profit or does it matter?"
micro_IA40244207_2780,2011,2011,2011-01-01T00:00:00Z,exact,"NEWSletter. Volume 15, issue no. 1 (January 2011)"
micro_IA40244207_2784,2011,2011,2011-01-01T00:00:00Z,exact,Population report. December 2010
micro_IA40244207_2865,2011,2011,2011-01-01T00:00:00Z,exact,"Manitoba monthly surveillance unit report reported up to November 30, 2010"
micro_IA40244207_2866,2011,2011,2011-01-01T00:00:00Z,exact,"Manitoba monthly surveillance unit report reported up to December 31, 2010"
micro_IA40244208_0208,2011,2011,2011-01-01T00:00:00Z,exact,Population highlights. 10-04 (fourth quarter 2010)
micro_IA40244208_0391,2011,2011,2011-01-01T00:00:00Z,exact,"Infoline. Issue 11-03 (January 21st, 2011)"
micro_IA40244208_0396,2011,2011,2011-01-01T00:00:00Z,exact,"Infoline. Issue 11-08 (February 25th, 2011)"
micro_IA40244208_0752,2011,2011,2011-01-01T00:00:00Z,exact,Reflections magazine. Winter 2011
micro_IA40244208_0768,2011,2011,2011-01-01T00:00:00Z,exact,"Proceedings of a national science advisory workshop on instream flow needs for the Lower Athabasca River May 31-June 4, 2010, Calgary, AB"
micro_IA40244208_0791,2011,2011,2011-01-01T00:00:00Z,exact,Associations between household food insecurity and health outcomes in the Aboriginal population (excluding reserves)
micro_IA40244208_0793,2011,2011,2011-01-01T00:00:00Z,exact,"Psychometric properties, factorial structure, and measurement invariance of the English and French versions of the Medical Outcomes Study social support scale"
micro_IA40244208_0795,2011,2011,2011-01-01T00:00:00Z,exact,Conditional survival analyses across cancer sites
micro_IA40244208_0797,2011,2011,2011-01-01T00:00:00Z,exact,Breast cancer incidence and neighbourhood income
micro_IA40244208_0801,2011,2011,2011-01-01T00:00:00Z,exact,"Potential years of life lost at ages 25 to 74 among status Indians, 1991-2001"
micro_IA40244208_0803,2011,2011,2011-01-01T00:00:00Z,exact,"Physical activity among First Nations people off reserve, Metis and Inuit"
micro_IA40244208_0807,2011,2011,2011-01-01T00:00:00Z,exact,Physical activity of Canadian adults: Accelerometer results from the 2007 to 2009 Canadian Health Measures Survey
micro_IA40244208_0809,2011,2011,2011-01-01T00:00:00Z,exact,Physical activity of Canadian children and youth: Accelerometer results from the 2007 to 2009 Canadian Health Measures Survey
micro_IA40244208_0944,2011,2011,2011-01-01T00:00:00Z,exact,Spotlight on transformation. Issue 24 (April 2011)
micro_IA40244208_0947,2011,2011,2011-01-01T00:00:00Z,exact,Spotlight on transformation. Issue 23 (February 2011)
micro_IA40244208_1496,2011,2011,2011-01-01T00:00:00Z,exact,"Chronic diseases in Canada. Volume 31, number 2 (March 2011)"
micro_IA40244208_1497,2011,2011,2011-01-01T00:00:00Z,exact,"Maladies chroniques au Canada. Volume 31, numero 2 (mars 2011)"
micro_IA40244208_1550,2011,2011,2011-01-01T00:00:00Z,exact,"Quarterly population report. Fourth quarter 2010 (March 24, 2011)"
micro_IA40244208_1557,2011,2011,2011-01-01T00:00:00Z,exact,Fertility in Alberta
micro_IA40244208_1558,2011,2011,2011-01-01T00:00:00Z,exact,"Recent migration trends in census divisions Fort McMurray, Calgary, and Edmonton"
micro_IA40244208_1568,2011,2011,2011-01-01T00:00:00Z,exact,Alberta population projections 2011-2050 by census division
micro_IA40244208_1681,2011,2011,2011-01-01T00:00:00Z,exact,2010 annual report Extended Health Care Plan
micro_IA40244208_1682,2011,2011,2011-01-01T00:00:00Z,exact,2010 annual report Extended Health Care Plan for Retired Employees
micro_IA40244208_1683,2011,2011,2011-01-01T00:00:00Z,exact,2010 annual report Public Employees Dental Fund
micro_IA40244208_1975,2011,2011,2011-01-01T00:00:00Z,exact,Mountain pine beetle survey in the Peace Region of British Columbia and adjacent areas in Alberta
micro_IA40244208_1983,2011,2011,2011-01-01T00:00:00Z,exact,Forest health and mortality of advance regeneration following canopy tree mortality caused by the mountain pine beetle
micro_IA40244208_2484,2011,2011,2011-01-01T00:00:00Z,exact,Hospitalizations for ambulatory care sensitive conditions (ACSC) the factors that matter
micro_IA40244208_2492,2011,2011,2011-05-01T00:00:00Z,exact,Health Research Working Paper Series (May 2011)
micro_IA40244208_2598,2011,2011,2011-01-01T00:00:00Z,exact,2010-12 report on plans and priorities
micro_IA40244208_2612,2011,2011,2011-01-01T00:00:00Z,exact,2011-2012 estimates. Report on plans and priorities
micro_IA40244208_2613,2011,2011,2011-01-01T00:00:00Z,exact,2011-2012 budget des depenses. Rapport sur les plans et les priorites
micro_IA40244208_2616,2011,2011,2011-01-01T00:00:00Z,exact,2011-12 estimates. Report on plans and priorities
micro_IA40244208_2627,2011,2011,2011-01-01T00:00:00Z,exact,"2011-2012 estimates. Part III, Report on plans and priorities"
micro_IA40244208_2628,2011,2011,2011-01-01T00:00:00Z,exact,"Estimations de 2011-2012. Partie III, Rapport sur les plans et les priorites"
micro_IA40244208_2633,2011,2011,2011-01-01T00:00:00Z,exact,"Report on plans and priorities for the period ending March 31, 2012"
micro_IA40244208_2643,2011,2011,2011-01-01T00:00:00Z,exact,2011-2012 report on plans and priorities
micro_IA40244208_2645,2011,2011,2011-01-01T00:00:00Z,exact,"2011-12 estimates. Part III, Report on plans and priorities"
micro_IA40244208_2653,2011,2011,2011-01-01T00:00:00Z,exact,Report on plans and priorities 2011-2012
micro_IA40244208_2815,2011,2011,2011-01-01T00:00:00Z,exact,"Infoline. Issue 11-25 (June 24, 2011)"
micro_IA40244208_2817,2011,2011,2011-01-01T00:00:00Z,exact,"Infoline. Issue 11-27 (July 8, 2011)"
micro_IA40244208_2818,2011,2011,2011-01-01T00:00:00Z,exact,"Infoline. Issue 11-28 (July 15th, 2011)"
micro_IA40244208_2820,2011,2011,2011-01-01T00:00:00Z,exact,"Infoline. Issue 11-30 (July 29, 2011)"
micro_IA40244208_2821,2011,2011,2011-01-01T00:00:00Z,exact,"Infoline. Issue 11-31 (August 5, 2011)"
micro_IA40244208_2990,2011,2011,2011-01-01T00:00:00Z,exact,Turning the corner to a better tomorrow 2011 Ontario budget : budget papers
micro_IA40244208_3117,2011,2011,2011-01-01T00:00:00Z,exact,Field crop protection guide 2011-2012 publication 812
micro_IA40244208_3146,2011,2011,2011-01-01T00:00:00Z,exact,2010 annual report
micro_IA40244208_3148,2011,2011,2011-01-01T00:00:00Z,exact,2010 access and privacy statistics 2010 annual report
micro_IA40244208_3153,2011,2011,2011-01-01T00:00:00Z,exact,"Social, economic and cultural overview of the Gulf region"
micro_IA40244208_3155,2011,2011,2011-01-01T00:00:00Z,exact,"Social, economic and cultural overview of western Newfoundland and southern Labrador"
micro_IA40244208_3157,2011,2011,2011-01-01T00:00:00Z,exact,"Social, economic and cultural overview of the Quebec Region"
micro_IA40244208_3161,2011,2011,2011-01-01T00:00:00Z,exact,2011-12 estimates. Report on plans and priorities
micro_IA40244208_3162,2011,2011,2011-01-01T00:00:00Z,exact,Budget des depenses 2011-2012. Rapport sur les plans et les priorites
micro_IA40244208_3163,2011,2011,2011-01-01T00:00:00Z,exact,Hazardous Materials Information Review Commission 2011-2012 report on plans and priorities
micro_IA40244208_3167,2011,2011,2011-01-01T00:00:00Z,exact,Development of a shellfish monitoring network in Atlantic Canada 1996-1997
micro_IA40244208_3254,2011,2011,2011-01-01T00:00:00Z,exact,Minister's annual report on drinking water 2011
micro_IA40244208_3260,2011,2011,2011-01-01T00:00:00Z,exact,"Forest health conditions in Ontario, 2009"
micro_IA40244208_3270,2011,2011,2011-01-01T00:00:00Z,exact,Information forestry. August 2011
micro_IA40244208_3297,2011,2011,2011-01-01T00:00:00Z,exact,A land manager's guide to conserving habitat for forest birds in southern Ontario
micro_IA40244208_3299,2011,2011,2011-01-01T00:00:00Z,exact,Ontario population projections update 2010-2036 Ontario and its 49 census divisions
micro_IA40244208_3363,2011,2011,2011-01-01T00:00:00Z,exact,"PMPRB newsletter. Volume 15, issue no. 2 (April 2011)"
micro_IA40244208_3364,2011,2011,2011-01-01T00:00:00Z,exact,"PMPRB newsletter. Volume 15, issue no. 3 (July 2011)"
micro_IA40244209_0001,2011,2011,2011-01-01T00:00:00Z,exact,2011-12 report on plans and priorities
micro_IA40244209_0002,2011,2011,2011-01-01T00:00:00Z,exact,2011-2012 rapport sur les plans et les priorites
micro_IA40244209_0009,2011,2011,2011-01-01T00:00:00Z,exact,2011-12 report on plans and priorities
micro_IA40244209_0023,2011,2011,2011-01-01T00:00:00Z,exact,"2011-12 estimates. Part III, Report on plans and priorities"
micro_IA40244209_0053,2011,2011,2011-01-01T00:00:00Z,exact,Chronic wasting disease
micro_IA40244209_0093,2011,2011,2011-01-01T00:00:00Z,exact,Building bridges improving care in custody for people living with mental illness
micro_IA40244209_0136,2011,2011,2011-01-01T00:00:00Z,exact,Budget and fiscal plan 2011/12-2013/14
micro_IA40244209_0282,2011,2011,2011-01-01T00:00:00Z,exact,"Yukon influenza surveillance report. Influenza season: 2010-2011. Report 4, Summary report, fluwatch weeks 48-52 (November 28, 2010-January 1, 2011)"
micro_IA40244209_0283,2011,2011,2011-01-01T00:00:00Z,exact,"Yukon influenza surveillance report. Influenza season: 2010-2011. Report 6, Summary report, fluwatch weeks 5-8 (January 30-February 26, 2011)"
micro_IA40244209_0284,2011,2011,2011-01-01T00:00:00Z,exact,"Yukon influenza surveillance report. Influenza season: 2010-2011. Report 6, Summary report, fluwatch weeks 5-8 (January 30-February 26, 2011)"
micro_IA40244209_0285,2011,2011,2011-01-01T00:00:00Z,exact,Research for growth 2010-11 annual report
micro_IA40244209_0414,2011,2011,2011-01-01T00:00:00Z,exact,Annual report 2010-2011 to the Minister of Health
micro_IA40244209_0415,2011,2011,2011-01-01T00:00:00Z,exact,2010-2011 annual report to the Minister of Health
micro_IA40244209_0416,2011,2011,2011-01-01T00:00:00Z,exact,2010-2011 annual report to the Minister of Health
micro_IA40244209_0417,2011,2011,2011-01-01T00:00:00Z,exact,"Annual report to the Minister of Health for the 2010-11 fiscal year ended March 31, 2011"
micro_IA40244209_0418,2011,2011,2011-01-01T00:00:00Z,exact,2010-2011 annual report to the Minister of Health
micro_IA40244209_0419,2011,2011,2011-01-01T00:00:00Z,exact,Annual report 2010-11
micro_IA40244209_0420,2011,2011,2011-01-01T00:00:00Z,exact,Annual report 2010-11
micro_IA40244209_0459,2011,2011,2011-01-01T00:00:00Z,exact,10-11 annual report
micro_IA40244209_0460,2011,2011,2011-01-01T00:00:00Z,exact,10-11 annual statistical report
micro_IA40244209_0463,2011,2011,2011-01-01T00:00:00Z,exact,10-11 annual report
micro_IA40244209_0469,2011,2011,2011-01-01T00:00:00Z,exact,10-11 annual report
micro_IA40244209_0483,2011,2011,2011-01-01T00:00:00Z,exact,Annual report 2010-2011
micro_IA40244209_0621,2011,2011,2011-01-01T00:00:00Z,exact,2010 annual report Extended Health Care Plan for Certain Other Retired Employees
micro_IA40244209_0683,2011,2011,2011-01-01T00:00:00Z,exact,"Chronic diseases and injuries in Canada Volume 31, number 3 (June 2011)"
micro_IA40244209_0684,2011,2011,2011-01-01T00:00:00Z,exact,"Maladies chroniques et blessures au Canada. Volume 31, numero 3 (juin 2011)"
micro_IA40244209_0687,2011,2011,2011-01-01T00:00:00Z,exact,2010-2011 annual report
micro_IA40244209_0696,2011,2011,2011-01-01T00:00:00Z,exact,Programs and services for Ontario farmers
micro_IA40244209_0751,2011,2011,2011-01-01T00:00:00Z,exact,Population report. June 2011
micro_IA40244209_0767,2011,2011,2011-01-01T00:00:00Z,exact,Insights into the healthy immigrant effect mortality by period of immigration and birthplace
micro_IA40244209_0769,2011,2011,2011-01-01T00:00:00Z,exact,Results from the Canadian Household Panel Survey Pilot
micro_IA40244209_0786,2011,2011,2011-01-01T00:00:00Z,exact,An investigation report regarding an English-only H1N1 flyer from communication crash to communication coup
micro_IA40244209_0796,2011,2011,2011-01-01T00:00:00Z,exact,WSIB 2011 premium rates manual
micro_IA40244209_0835,2011,2011,2011-01-01T00:00:00Z,exact,"Infoline. Issue 11-33 (August 19, 2011)"
micro_IA40244209_0841,2011,2011,2011-01-01T00:00:00Z,exact,"Infoline. Issue 11-39 (September 30, 2011)"
micro_IA40244209_0843,2011,2011,2011-01-01T00:00:00Z,exact,"Infoline. Issue 11-41 (October 14, 2011)"
micro_IA40244209_1170,2011,2011,2011-01-01T00:00:00Z,exact,Lambda-cyhalothrin
micro_IA40244209_1172,2011,2011,2011-01-01T00:00:00Z,exact,Novaluron
micro_IA40244209_1174,2011,2011,2011-01-01T00:00:00Z,exact,Propamocarb hydrochloride
micro_IA40244209_1176,2011,2011,2011-01-01T00:00:00Z,exact,Clothianidin
micro_IA40244209_1178,2011,2011,2011-01-01T00:00:00Z,exact,Cyprosulfamide
micro_IA40244209_1180,2011,2011,2011-01-01T00:00:00Z,exact,Fluroxypyr-meptyl
micro_IA40244209_1182,2011,2011,2011-01-01T00:00:00Z,exact,Imazamox
micro_IA40244209_1184,2011,2011,2011-01-01T00:00:00Z,exact,Bentazon
micro_IA40244209_1186,2011,2011,2011-01-01T00:00:00Z,exact,Flonicamid
micro_IA40244209_1188,2011,2011,2011-01-01T00:00:00Z,exact,Imazethapyr
micro_IA40244209_1190,2011,2011,2011-01-01T00:00:00Z,exact,Propoxycarbazone-sodium
micro_IA40244209_1192,2011,2011,2011-01-01T00:00:00Z,exact,Propiconazole
micro_IA40244209_1194,2011,2011,2011-01-01T00:00:00Z,exact,Imazamox
micro_IA40244209_1196,2011,2011,2011-01-01T00:00:00Z,exact,S-metolachlor
micro_IA40244209_1198,2011,2011,2011-01-01T00:00:00Z,exact,Triadimenol
micro_IA40244209_1200,2011,2011,2011-01-01T00:00:00Z,exact,Pyraclostrobin
micro_IA40244209_1202,2011,2011,2011-01-01T00:00:00Z,exact,Trifloxystrobin
micro_IA40244209_1204,2011,2011,2011-01-01T00:00:00Z,exact,Thiabendazole
micro_IA40244209_1206,2011,2011,2011-01-01T00:00:00Z,exact,Fenpropathrin
micro_IA40244209_1312,2011,2011,2011-01-01T00:00:00Z,exact,Tralkoxydim
micro_IA40244209_1314,2011,2011,2011-01-01T00:00:00Z,exact,Foramsulfuron
micro_IA40244209_1316,2011,2011,2011-01-01T00:00:00Z,exact,Triflusulfuron-methyl
micro_IA40244209_1318,2011,2011,2011-01-01T00:00:00Z,exact,Tebuconazole
micro_IA40244209_1320,2011,2011,2011-01-01T00:00:00Z,exact,Azoxystrobin
micro_IA40244209_1322,2011,2011,2011-01-01T00:00:00Z,exact,Sulfentrazone
micro_IA40244209_1324,2011,2011,2011-01-01T00:00:00Z,exact,Acetamiprid
micro_IA40244209_1326,2011,2011,2011-01-01T00:00:00Z,exact,Pyrimethanil
micro_IA40244209_1328,2011,2011,2011-01-01T00:00:00Z,exact,The Nova Scotia directory of services for adoptive parents
micro_IA40244209_1350,2011,2011,2011-01-01T00:00:00Z,exact,2010 annual report
micro_IA40244209_1467,2011,2011,2011-01-01T00:00:00Z,exact,2009-10 annual report wholistic heath of Keewatin Yatthe Health Region residents
micro_IA40244209_1468,2011,2011,2011-01-01T00:00:00Z,exact,Annual report 2010-2011 together in wellness
micro_IA40244209_1480,2011,2011,2011-01-01T00:00:00Z,exact,"Annual report to the Minister of Health for the fiscal year ending March 31, 2011"
micro_IA40244209_1481,2011,2011,2011-01-01T00:00:00Z,exact,"Annual report to the Minister of Health year ended March 31, 2011"
micro_IA40244209_1482,2011,2011,2011-01-01T00:00:00Z,exact,It's time for greater collaboration...
micro_IA40244209_1483,2011,2011,2011-01-01T00:00:00Z,exact,2010/2011 annual report
micro_IA40244209_1497,2011,2011,2011-01-01T00:00:00Z,exact,The state of soft-shell clam (Mya arenaria) populations in three regions of eastern New Brunswick
micro_IA40244209_1559,2011,2011,2011-01-01T00:00:00Z,exact,Improving access and delivery of primary health care services in New Brunswick discussion paper
micro_IA40244209_1560,2011,2011,2011-01-01T00:00:00Z,exact,Staying connected a report of the task force on a centre of excellence for children and youth with complex needs
micro_IA40244209_1565,2011,2011,2011-01-01T00:00:00Z,exact,"The action plan for mental health in New Brunswick, 2011-18"
micro_IA40244209_1567,2011,2011,2011-01-01T00:00:00Z,exact,2010 annual report
micro_IA40244209_1607,2011,2011,2011-01-01T00:00:00Z,exact,2009 annual report
micro_IA40244209_1749,2011,2011,2011-01-01T00:00:00Z,exact,Linking range health assessment methodology with science rough fescue grasslands of British Columbia
micro_IA40244209_1752,2011,2011,2011-01-01T00:00:00Z,exact,Current housing research. Volume 18 (fall 2011)
micro_IA40244209_1864,2011,2011,2011-01-01T00:00:00Z,exact,"Living within our means back to balance : year 2 of the four-year plan, 2011-12"
micro_IA40244209_1901,2011,2011,2011-01-01T00:00:00Z,exact,Building together jobs & prosperity for Ontarians
micro_IA40244209_1978,2011,2011,2011-01-01T00:00:00Z,exact,"2010 annual Alberta labour market review employment, unemployment, economic regions, migration, Aboriginal people, industries, occupations, education, age groups"
micro_IA40244209_1982,2011,2011,2011-01-01T00:00:00Z,exact,Alberta public service workforce plan final report 2010-11
micro_IA40244209_2009,2011,2011,2011-01-01T00:00:00Z,exact,A guide to Aboriginal organizations in Alberta
micro_IA40244209_2018,2011,2011,2011-01-01T00:00:00Z,exact,Annual report 2010
micro_IA40244209_2033,2011,2011,2011-01-01T00:00:00Z,exact,Metconazole
micro_IA40244209_2035,2011,2011,2011-01-01T00:00:00Z,exact,Metconazole
micro_IA40244209_2049,2011,2011,2011-01-01T00:00:00Z,exact,"Youth on the street and youth involved with child welfare maltreatment, mental health and substance use"
micro_IA40244209_2051,2011,2011,2011-01-01T00:00:00Z,exact,The Chief Public Health Officer's report on the state of public health in Canada 2011 youth and young adults--life in transition
micro_IA40244209_2052,2011,2011,2011-01-01T00:00:00Z,exact,L'administrateur en chef de la sante publique rapport sur l'etat de la sante publique au Canada 2011 jeunes et jeunes adultes--en periode de transition
micro_IA40244209_2063,2011,2011,2011-01-01T00:00:00Z,exact,2010 annual report Public Employees Disability Income Fund
micro_IA40244209_2114,2011,2011,2011-01-01T00:00:00Z,exact,Recommendations for indicator selection for Endeavour Hydrothermal Vents Marine Protected Area Recommandations concernant la selection d'indicateurs pour la zone de protection marine du champ hydrothermal Endeavour
micro_IA40244209_2119,2011,2011,2011-01-01T00:00:00Z,exact,"Lobster size at maturity estimates in eastern Cape Breton, Nova Scotia Estimations de la taille du homard a la maturite dans l'est du Cap-Breton, en Nouvelle-Ecosse"
micro_IA40244209_2137,2011,2011,2011-01-01T00:00:00Z,exact,Guideline lead on construction projects
micro_IA40244209_2163,2011,2011,2011-01-01T00:00:00Z,exact,"Health, not health care changing the conversation : 2010 annual report of the Chief Medical Officer of Health to the Ontario Legislative Assembly"
micro_IA40244209_2224,2011,2011,2011-01-01T00:00:00Z,exact,Saskatchewan Healthcare Employees' Pension Plan annual report 2010
micro_IA40244209_2225,2011,2011,2011-01-01T00:00:00Z,exact,"Annual report to the Minister of Health for the 2010-11 fiscal year ending March 31, 2011"
micro_IA40244209_2246,2011,2011,2011-01-01T00:00:00Z,exact,2010-2011 departmental performance report
micro_IA40244209_2276,2011,2011,2011-01-01T00:00:00Z,exact,2010-11 departmental performance report
micro_IA40244209_2277,2011,2011,2011-01-01T00:00:00Z,exact,2010-2011 rapport ministeriel sur le rendement
micro_IA40244209_2298,2011,2011,2011-01-01T00:00:00Z,exact,Aklavik statistical profile
micro_IA40244209_2299,2011,2011,2011-01-01T00:00:00Z,exact,Behchoko (Rae-Edzo) statistical profile
micro_IA40244209_2300,2011,2011,2011-01-01T00:00:00Z,exact,Colville Lake statistical profile
micro_IA40244209_2301,2011,2011,2011-01-01T00:00:00Z,exact,Deline statistical profile
micro_IA40244209_2302,2011,2011,2011-01-01T00:00:00Z,exact,Detah statistical profile
micro_IA40244209_2303,2011,2011,2011-01-01T00:00:00Z,exact,Fort Good Hope statistical profile
micro_IA40244209_2304,2011,2011,2011-01-01T00:00:00Z,exact,Fort Liard statistical profile
micro_IA40244209_2305,2011,2011,2011-01-01T00:00:00Z,exact,Fort McPherson statistical profile
micro_IA40244209_2306,2011,2011,2011-01-01T00:00:00Z,exact,Fort Resolution statistical profile
micro_IA40244209_2307,2011,2011,2011-01-01T00:00:00Z,exact,Fort Simpson statistical profile
micro_IA40244209_2308,2011,2011,2011-01-01T00:00:00Z,exact,Fort Smith statistical profile
micro_IA40244209_2309,2011,2011,2011-01-01T00:00:00Z,exact,Gameti statistical profile
micro_IA40244209_2310,2011,2011,2011-01-01T00:00:00Z,exact,Hay River statistical profile
micro_IA40244209_2486,2011,2011,2011-01-01T00:00:00Z,exact,2010-11 departmental performance report
micro_IA40244209_2487,2011,2011,2011-01-01T00:00:00Z,exact,2010-2011 rapport ministeriel sur le rendement
micro_IA40244209_2488,2011,2011,2011-01-01T00:00:00Z,exact,2010-2011 departmental performance report
micro_IA40244209_2518,2011,2011,2011-01-01T00:00:00Z,exact,2010-11 departmental performance report
micro_IA40244209_2577,2011,2011,2011-01-01T00:00:00Z,exact,"Infection prevention and control at long-term-care homes (section 3.06, 2009 annual report of the Auditor General of Ontario)"
micro_IA40244209_2582,2011,2011,2011-01-01T00:00:00Z,exact,A comprehensive diabetes strategy for New Brunswickers 2011-15
micro_IA40244209_2597,2011,2011,2011-01-01T00:00:00Z,exact,Report of the Provincial Auditor to the Legislative Assembly of Saskatchewan 2011 report. Volume 1
micro_IA40244209_2634,2011,2011,2011-01-01T00:00:00Z,exact,Financial statements of Saskatchewan Association of Health Organizations Master Trust Combined Investment Fund
micro_IA40244209_2636,2011,2011,2011-01-01T00:00:00Z,exact,Financial statements of Saskatchewan Association of Health Organizations Disability Income Plan-General
micro_IA40244209_2637,2011,2011,2011-01-01T00:00:00Z,exact,Financial statements of Saskatchewan Association of Health Organizations Disability Income Plan-C.U.P.E
micro_IA40244209_2638,2011,2011,2011-01-01T00:00:00Z,exact,Financial statements of Saskatchewan Association of Health Organizations Disability Income Plan-S.E.I.U
micro_IA40244209_2639,2011,2011,2011-01-01T00:00:00Z,exact,Financial statements of Saskatchewan Association of Health Organizations Disability Income Plan-S.U.N
micro_IA40244209_2640,2011,2011,2011-01-01T00:00:00Z,exact,Financial statements of Saskatchewan Association of Health Organizations Out-of-Scope Extended Health/Enhanced Dental Plan
micro_IA40244209_2641,2011,2011,2011-01-01T00:00:00Z,exact,Financial statements of Saskatchewan Association of Health Organizations In-Scope Extended Enhanced Dental Plan
micro_IA40244209_2642,2011,2011,2011-01-01T00:00:00Z,exact,Financial statements of Saskatchewan Association of Health Organizations Group Life Insurance Plan
micro_IA40244209_2643,2011,2011,2011-01-01T00:00:00Z,exact,Financial statements of Saskatchewan Association of Health Organizations Core Dental Plan
micro_IA40244209_2649,2011,2011,2011-01-01T00:00:00Z,exact,"Investigation report H-2011-001 : Dr. Teik Im Ooi, carrying on business as Dr. Teik Im Ooi Medical Professional Corporation, Albert Park Medical Clinic, Albert Park Medical Centre and/or Albert Park Family Medical Centre"
micro_IA40244209_2658,2011,2011,2011-01-01T00:00:00Z,exact,Annual report 2010-2011
micro_IA40244209_2659,2011,2011,2011-01-01T00:00:00Z,exact,"2011 guide to crop protection weeds, plant diseases, insects"
micro_IA40244209_3328,2011,2011,2011-01-01T00:00:00Z,exact,Human capital and productivity in British Columbia a productivity discussion paper
micro_IA40244209_3364,2011,2011,2011-01-01T00:00:00Z,exact,Multilateral framework for labour market agreement for persons with disabilities Prince Edward Island eighth annual baseline report 2010-2011
micro_IA40244209_3423,2011,2011,2011-01-01T00:00:00Z,exact,2010 annual report
micro_IA40244209_3439,2011,2011,2011-01-01T00:00:00Z,exact,2010 annual report
micro_IA40244209_3493,2011,2011,2011-01-01T00:00:00Z,exact,Corporate plan 2012
micro_IA40244209_3494,2011,2011,2011-01-01T00:00:00Z,exact,2010 annual report
micro_IA40244209_3654,2011,2011,2011-01-01T00:00:00Z,exact,Pyrimethanil
micro_IA40244210_0028,2011,2011,2011-01-01T00:00:00Z,exact,Enhancing the continuum of care report of the Avoidable Hospitalization Advisory Panel
micro_IA40244210_0065,2011,2011,2011-01-01T00:00:00Z,exact,"Cardiovascular Health Nova Scotia bulletin improving cardiovascular health of Nova Scotians. Volume 5, issue 4 (winter 2011)"
micro_IA40244210_0066,2011,2011,2011-01-01T00:00:00Z,exact,"Cardiovascular Health Nova Scotia bulletin improving cardiovascular health of Nova Scotians. Volume 6, issue 1 (spring 2011)"
micro_IA40244210_0778,2011,2011,2011-01-01T00:00:00Z,exact,Consolidated financial statements of the government of Alberta annual report 2010-2011
micro_IA40244210_0787,2011,2011,2011-01-01T00:00:00Z,exact,"Report on French language services, 2010-11"
micro_IA40244210_0804,2011,2011,2011-01-01T00:00:00Z,exact,Housing affordability and the well-being of children toward a longitudinal research strategy
micro_IA40244210_0840,2011,2011,2011-01-01T00:00:00Z,exact,New relationships with Aboriginal peoples and communities in British Columbia annual report on progress 2010-2011
micro_IA40244210_0857,2011,2011,2011-01-01T00:00:00Z,exact,Comprehensive brief on open access to publications and research data for the federal granting agencies
micro_IA40244210_0893,2011,2011,2011-01-01T00:00:00Z,exact,Aboriginal Affairs and Northern Development Canada (AANDC) national emergency managment plan
micro_IA40244210_0996,2011,2011,2011-01-01T00:00:00Z,exact,Saskatchewan Formulary bulletin update to the 60th edition of the Saskatchewan Formulary
micro_IA40244210_0997,2011,2011,2011-01-01T00:00:00Z,exact,Saskatchewan Formulary bulletin update to the 60th edition of the Saskatchewan Formulary
micro_IA40244210_0998,2011,2011,2011-01-01T00:00:00Z,exact,Saskatchewan Formulary bulletin update to the 60th edition of the Saskatchewan Formulary
micro_IA40244210_0999,2011,2011,2011-01-01T00:00:00Z,exact,Saskatchewan Formulary bulletin update to the 60th edition of the Saskatchewan Formulary
micro_IA40244210_1016,2011,2011,2011-01-01T00:00:00Z,exact,"10-11 annual report superannuation, dental"
micro_IA40244210_1071,2011,2011,2011-01-01T00:00:00Z,exact,Confined spaces guideline
micro_IA40244210_1078,2011,2011,2011-01-01T00:00:00Z,exact,Ventilation inspection and report for health care and residential facilities
micro_IA40244210_1094,2011,2011,2011-01-01T00:00:00Z,exact,Report to the Legislature 2010/2011
micro_IA40244210_1112,2011,2011,2011-01-01T00:00:00Z,exact,"Alberta's supply outlook model 2011-2021 visible minorities, aboriginals, and people with disabilities"
micro_IA40244210_1204,2011,2011,2011-01-01T00:00:00Z,exact,Arraagutamaarsiutiit tusartisigutiit 2010-2011 Annual report 2010-2011 = Rapport annuel 2010-2011
micro_IA40244210_1207,2011,2011,2011-01-01T00:00:00Z,exact,Portrait of official-language minorities in Canada Francophones in New Brunswick
micro_IA40244210_1209,2011,2011,2011-01-01T00:00:00Z,exact,Portrait of official-language minorities in Canada Francophones in Alberta
micro_IA40244210_1302,2011,2011,2011-01-01T00:00:00Z,exact,Guide to services 2012
micro_IA40244210_1312,2011,2011,2011-01-01T00:00:00Z,exact,2010-2011 annual report
micro_IA40244210_1322,2011,2011,2011-01-01T00:00:00Z,exact,Newborn screening in Manitoba information for health care providers
micro_IA40244210_1387,2011,2011,2011-01-01T00:00:00Z,exact,2010-2011 annual report
micro_IA40244210_1391,2011,2011,2011-01-01T00:00:00Z,exact,"2011 annual report for the fiscal year April 1, 2010 to March 31, 2011"
micro_IA40244210_1394,2011,2011,2011-01-01T00:00:00Z,exact,Annual report 2010/2011
micro_IA40244210_1402,2011,2011,2011-01-01T00:00:00Z,exact,2010-2011 annual report
micro_IA40244210_1419,2011,2011,2011-01-01T00:00:00Z,exact,South Eastman Health/Sante Sud-Est annual report to the community 2010-2011
micro_IA40244210_1420,2011,2011,2011-01-01T00:00:00Z,exact,Rapport annuel a la collectivite South Eastman Health/Sante Sud-Est 2010-2011
micro_IA40244210_1423,2011,2011,2011-01-01T00:00:00Z,exact,Community contact. March/April 2011
micro_IA40244210_1430,2011,2011,2011-01-01T00:00:00Z,exact,2011/12 quarterly financial report April to September 2011
micro_IA40244210_1432,2011,2011,2011-01-01T00:00:00Z,exact,2011/12 quarterly financial report April to June 2011
micro_IA40244210_1433,2011,2011,2011-01-01T00:00:00Z,exact,2010/11 quarterly financial report April to December 2010
micro_IA40244210_1439,2011,2011,2011-01-01T00:00:00Z,exact,Salmonellosis (nontyphoidal)
micro_IA40244210_1440,2011,2011,2011-01-01T00:00:00Z,exact,"Measles, mumps and rubella (MMR) vaccine communicable disease control--factsheet"
micro_IA40244210_1441,2011,2011,2011-01-01T00:00:00Z,exact,Shigellosis (bacillary dysentery)
micro_IA40244210_1442,2011,2011,2011-01-01T00:00:00Z,exact,Manitoba Immunization Monitoring System (MIMS) annual report 2010
micro_IA40244210_1444,2011,2011,2011-01-01T00:00:00Z,exact,2010-2011 annual report
micro_IA40244210_1446,2011,2011,2011-01-01T00:00:00Z,exact,2010-2011 annual report
micro_IA40244210_1447,2011,2011,2011-01-01T00:00:00Z,exact,Annual report 2010-2011 best possible health for all!
micro_IA40244210_1448,2011,2011,2011-01-01T00:00:00Z,exact,Care for all annual report 2010/2011
micro_IA40244210_1453,2011,2011,2011-01-01T00:00:00Z,exact,"MHR connections. Volume 11, number 1 (January 2011)"
micro_IA40244210_1454,2011,2011,2011-01-01T00:00:00Z,exact,"MHR connections. Volume 11, number 2 (February 2011)"
micro_IA40244210_1455,2011,2011,2011-01-01T00:00:00Z,exact,"MHR connections. Volume 11, number 3 (March 2011)"
micro_IA40244210_1456,2011,2011,2011-01-01T00:00:00Z,exact,"MHR connections. Volume 11, number 4 (April 2011)"
micro_IA40244210_1457,2011,2011,2011-01-01T00:00:00Z,exact,"MHR connections. Volume 11, number 5 (May 2011)"
micro_IA40244210_1458,2011,2011,2011-01-01T00:00:00Z,exact,"MHR connections. Volume 11, number 6 (June 2011)"
micro_IA40244210_1459,2011,2011,2011-01-01T00:00:00Z,exact,"MHR connections. Volume 11, number 7-8 (Summer 2011)"
micro_IA40244210_1460,2011,2011,2011-01-01T00:00:00Z,exact,"MHR connections. Volume 11, number 9 (September 2011)"
micro_IA40244210_1461,2011,2011,2011-01-01T00:00:00Z,exact,"MHR connections. Volume 11, number 10 (October 2011)"
micro_IA40244210_1462,2011,2011,2011-01-01T00:00:00Z,exact,"MHR connections. Volume 11, number 11 (November 2011)"
micro_IA40244210_1463,2011,2011,2011-01-01T00:00:00Z,exact,"MHR connections. Volume 11, number 12 (December 2011)"
micro_IA40244210_1689,2011,2011,2011-01-01T00:00:00Z,exact,Seasonal influenza
micro_IA40244210_1713,2011,2011,2011-01-01T00:00:00Z,exact,Supporting caregivers and caregiving in an aging Canada
micro_IA40244210_1714,2011,2011,2011-01-01T00:00:00Z,exact,Population aging and the evolving care needs of older Canadians an overview of the policy challenges
micro_IA40244210_1735,2011,2011,2011-01-01T00:00:00Z,exact,Annual report 2010-2011
micro_IA40244210_1741,2011,2011,2011-01-01T00:00:00Z,exact,Statistical supplement 2010/2011
micro_IA40244210_1744,2011,2011,2011-01-01T00:00:00Z,exact,Business plan 2011-14
micro_IA40244210_1746,2011,2011,2011-01-01T00:00:00Z,exact,Standards for infection prevention and control accountability and reporting
micro_IA40244210_1828,2011,2011,2011-01-01T00:00:00Z,exact,2010 annual report
micro_IA40244210_1933,2011,2011,2011-01-01T00:00:00Z,exact,"Canada at a glance, 2011"
micro_IA40244210_2008,2011,2011,2011-01-01T00:00:00Z,exact,Annual report 2010-2011
micro_IA40244210_2135,2011,2011,2011-01-01T00:00:00Z,exact,Nursing home services annual statistical report
micro_IA40244210_2158,2011,2011,2011-01-01T00:00:00Z,exact,2010 annual report
micro_IA40244210_2172,2011,2011,2011-01-01T00:00:00Z,exact,2010-2011 annual report
micro_IA40244210_2328,2011,2011,2011-01-01T00:00:00Z,exact,"Public drug plan dispensing fees a cost-driver analysis, 2001/02 to 2007/08"
micro_IA40244210_2330,2011,2011,2011-01-01T00:00:00Z,exact,Generic drugs in Canada international price comparisons and potential cost savings
micro_IA40244210_2344,2011,2011,2011-01-01T00:00:00Z,exact,Annual report 2010
micro_IA40244210_2760,2011,2011,2011-01-01T00:00:00Z,exact,"Quarter 1 financial report for the period ended March 31, 2011"
micro_IA40244210_2761,2011,2011,2011-01-01T00:00:00Z,exact,"Quarter 2 financial report for the period ended June 30, 2011"
micro_IA40244210_2762,2011,2011,2011-01-01T00:00:00Z,exact,"Quarter 3 financial report for the period ended September 30, 2011"
micro_IA40244210_2841,2011,2011,2011-01-01T00:00:00Z,exact,Traditional knowledge annual report 2010-2011
micro_IA40244210_3444,2011,2011,2011-01-01T00:00:00Z,exact,Designated medical practitioner handbook
micro_IA40244210_3446,2011,2011,2011-01-01T00:00:00Z,exact,"Canada facts and figures immigration overview, permanent and temporary residents 2010"
micro_IA40244210_3451,2011,2011,2011-01-01T00:00:00Z,exact,Annual report 2010-2011
micro_IA40244211_0117,2011,2011,2011-01-01T00:00:00Z,exact,"Retirement, health and employment among those 55 plus"
micro_IA40244211_0219,2011,2011,2011-01-01T00:00:00Z,exact,Strategic plan 2011-2016
micro_IA40244211_0220,2011,2011,2011-01-01T00:00:00Z,exact,Plan strategique 2011-2016
micro_IA40244211_0221,2011,2011,2011-01-01T00:00:00Z,exact,South Eastman Health/Sante Sud-Est 2010-2011 annual report to the minister
micro_IA40244211_0222,2011,2011,2011-01-01T00:00:00Z,exact,French language services plan 2006-2011
micro_IA40244211_0619,2011,2011,2011-01-01T00:00:00Z,exact,Seasonal influenza in Alberta 2010/11 summary report
micro_IA40244211_0642,2011,2011,2011-01-01T00:00:00Z,exact,Ponteix & area primary health care community planning report
micro_IA40244211_0644,2011,2011,2011-01-01T00:00:00Z,exact,Five Hills Region strategic plan 2011-2012
micro_IA40244211_0648,2011,2011,2011-01-01T00:00:00Z,exact,Keewatin Yatthe Regional Health Authority 2011-2012 annual report wholistic health of Keewatin Yatthe regional residents
micro_IA40244211_0665,2011,2011,2011-01-01T00:00:00Z,exact,"Public accounts for the fiscal year ended 31 March 2011. Volume 1, Financial statements"
micro_IA40244211_0702,2011,2011,2011-01-01T00:00:00Z,exact,Moving forward Canadian Institutes of Health Research annual report 2010-11
micro_IA40244211_0703,2011,2011,2011-01-01T00:00:00Z,exact,Vers l'avenir rapport annuel des Instituts de recheche en sante du Canada 2010-2011
micro_IA40244211_0783,2011,2011,2011-01-01T00:00:00Z,exact,Canada Consumer Product Safety Act quick reference guide product safety is in everyone's interest
micro_IA40244211_0784,2011,2011,2011-01-01T00:00:00Z,exact,Guide de consultation rapide de la Loi canadienne sur la securite des produits de consommation la securite des produits est dans l'interet de chacun
micro_IA40244211_0806,2011,2011,2011-01-01T00:00:00Z,exact,"1-bromo-3-chloro-5,5-dimethylhydantoin, 1,3-dichloro-5,5-dimethylhydantoin, 1,3-dichloro-5-ethyl-5-methylhydantoin"
micro_IA40244211_0808,2011,2011,2011-01-01T00:00:00Z,exact,Propiconazole
micro_IA40244211_0810,2011,2011,2011-01-01T00:00:00Z,exact,Nabam
micro_IA40244211_0812,2011,2011,2011-01-01T00:00:00Z,exact,Fenoxaprop-P-ethyl
micro_IA40244211_0815,2011,2011,2011-01-01T00:00:00Z,exact,Sodium and potassium dimethyldithiocarbamate salts
micro_IA40244211_0819,2011,2011,2011-01-01T00:00:00Z,exact,Thiophanate-methyl
micro_IA40244211_0821,2011,2011,2011-01-01T00:00:00Z,exact,Propoxur
micro_IA40244211_0822,2011,2011,2011-01-01T00:00:00Z,exact,Diclofop-methyl
micro_IA40244211_0824,2011,2011,2011-01-01T00:00:00Z,exact,Fluazifop-P-butyl
micro_IA40244211_0826,2011,2011,2011-01-01T00:00:00Z,exact,Dimethoate
micro_IA40244211_0828,2011,2011,2011-01-01T00:00:00Z,exact,Poly[oxyethylene (dimethyliminio)ethylene (dimethyliminio)ethylene dichloride] (POD)
micro_IA40244211_0830,2011,2011,2011-01-01T00:00:00Z,exact,Chlorothalonil
micro_IA40244211_0832,2011,2011,2011-01-01T00:00:00Z,exact,Denatonium benzoate
micro_IA40244211_0834,2011,2011,2011-01-01T00:00:00Z,exact,Ethalfluralin
micro_IA40244211_0858,2011,2011,2011-01-01T00:00:00Z,exact,Tralkoxydim
micro_IA40244211_0860,2011,2011,2011-01-01T00:00:00Z,exact,Thiabendazole
micro_IA40244211_0862,2011,2011,2011-01-01T00:00:00Z,exact,Triforine
micro_IA40244211_0864,2011,2011,2011-01-01T00:00:00Z,exact,Iodocarb
micro_IA40244211_0866,2011,2011,2011-01-01T00:00:00Z,exact,Clopyralid
micro_IA40244211_0868,2011,2011,2011-01-01T00:00:00Z,exact,"Heavy duty wood preservatives creosote, pentachlorophenol, chromated copper arsenate (CCA) and ammoniacal copper zinc arsenate (ACZA)"
micro_IA40244211_0870,2011,2011,2011-01-01T00:00:00Z,exact,Copper and zinc naphthenate salts
micro_IA40244211_0872,2011,2011,2011-01-01T00:00:00Z,exact,"1-bromo-3-chloro-5,5- dimethylhydantoin, 1,3-dichloro-5,5-dimethylhydantoin, 1,3-dichloro-5-ethyl-5-methylhydantoin"
micro_IA40244211_0874,2011,2011,2011-01-01T00:00:00Z,exact,Copper 8-quinolinolate
micro_IA40244211_0876,2011,2011,2011-01-01T00:00:00Z,exact,Formaldehyde and paraformaldehyde
micro_IA40244211_0878,2011,2011,2011-01-01T00:00:00Z,exact,Diclofop-methyl
micro_IA40244211_0902,2011,2011,2011-01-01T00:00:00Z,exact,Discontinuation of endosulfan
micro_IA40244211_0904,2011,2011,2011-01-01T00:00:00Z,exact,Acrolein
micro_IA40244211_0906,2011,2011,2011-01-01T00:00:00Z,exact,Pest management regulatory agency re-evaluation initiation schedule
micro_IA40244211_0908,2011,2011,2011-01-01T00:00:00Z,exact,Amitraz
micro_IA40244211_0910,2011,2011,2011-01-01T00:00:00Z,exact,"Re-evaluation of pyrethroids, pyrethrins and related active ingredients"
micro_IA40244211_0928,2011,2011,2011-01-01T00:00:00Z,exact,"Clutch 50 WDG, Arena 50 WDG and clothianidin insecticides"
micro_IA40244211_0930,2011,2011,2011-01-01T00:00:00Z,exact,Metconazole
micro_IA40244211_0932,2011,2011,2011-01-01T00:00:00Z,exact,Confidor 200 SL containing imidacloprid
micro_IA40244211_0934,2011,2011,2011-01-01T00:00:00Z,exact,Ipconazole
micro_IA40244211_0936,2011,2011,2011-01-01T00:00:00Z,exact,Veridian 0.33G and Veridian 25WG containing thiamethoxam
micro_IA40244211_0938,2011,2011,2011-01-01T00:00:00Z,exact,Difenoconazole
micro_IA40244211_0940,2011,2011,2011-01-01T00:00:00Z,exact,Paecilomyces fumosoroseus strain FE 9901
micro_IA40244211_0942,2011,2011,2011-01-01T00:00:00Z,exact,Phoma macrostoma strain 94-44B
micro_IA40244211_1091,2011,2011,2011-01-01T00:00:00Z,exact,"A world class environmental monitoring, evaluation and reporting system for Alberta the report of the Alberta Environmental Monitoring Panel"
micro_IA40244211_1128,2011,2011,2011-01-01T00:00:00Z,exact,A transformation in progress Alberta's ECS-12 education workforce 2011/2012
micro_IA40244211_1141,2011,2011,2011-01-01T00:00:00Z,exact,2011 municipal affairs population list
micro_IA40244211_1144,2011,2011,2011-01-01T00:00:00Z,exact,"Occupational injuries and diseases in Alberta lost-time claims, disabling injury claims and claim rates, 2010 summary"
micro_IA40244211_1344,2011,2011,2011-01-01T00:00:00Z,exact,Sulfentrazone
micro_IA40244211_1346,2011,2011,2011-01-01T00:00:00Z,exact,Cyazofamid
micro_IA40244211_1348,2011,2011,2011-01-01T00:00:00Z,exact,Boscalid
micro_IA40244211_1350,2011,2011,2011-01-01T00:00:00Z,exact,1-Methycyclopropene
micro_IA40244211_1352,2011,2011,2011-01-01T00:00:00Z,exact,Paraformaldehyde
micro_IA40244211_1354,2011,2011,2011-01-01T00:00:00Z,exact,Boscalid
micro_IA40244211_1356,2011,2011,2011-01-01T00:00:00Z,exact,Thiabendazole
micro_IA40244211_1358,2011,2011,2011-01-01T00:00:00Z,exact,Prothioconazole
micro_IA40244211_1360,2011,2011,2011-01-01T00:00:00Z,exact,Fluazinam
micro_IA40244211_1362,2011,2011,2011-01-01T00:00:00Z,exact,S-metolachlor
micro_IA40244211_1366,2011,2011,2011-01-01T00:00:00Z,exact,Propiconazole
micro_IA40244211_1472,2011,2011,2011-01-01T00:00:00Z,exact,Flonicamid
micro_IA40244211_1474,2011,2011,2011-01-01T00:00:00Z,exact,Chlorantraniliprole
micro_IA40244211_1476,2011,2011,2011-01-01T00:00:00Z,exact,Typhula phacorrhiza strain 94671
micro_IA40244211_1478,2011,2011,2011-01-01T00:00:00Z,exact,Saponins of Chenopodium quinoa
micro_IA40244211_1480,2011,2011,2011-01-01T00:00:00Z,exact,"1,4-Dimethylnaphthalene"
micro_IA40244211_1632,2011,2011,2011-01-01T00:00:00Z,exact,Sulfentrazone
micro_IA40244211_1635,2011,2011,2011-01-01T00:00:00Z,exact,Tribenuron-methyl
micro_IA40244211_1637,2011,2011,2011-01-01T00:00:00Z,exact,Cyprosulfamide
micro_IA40244211_1712,2011,2011,2011-01-01T00:00:00Z,exact,"2010-11 performance report for the period ending March 31, 2011"
micro_IA40244211_1747,2011,2011,2011-01-01T00:00:00Z,exact,2010-11 departmental performance report
micro_IA40244211_1748,2011,2011,2011-01-01T00:00:00Z,exact,2010-2011 rapport ministeriel sur le rendement
micro_IA40244211_1761,2011,2011,2011-01-01T00:00:00Z,exact,2010-2011 departmental performance report
micro_IA40244211_1877,2011,2011,2011-01-01T00:00:00Z,exact,Imidacloprid
micro_IA40244211_1901,2011,2011,2011-01-01T00:00:00Z,exact,Imazethapyr
micro_IA40244211_1933,2011,2011,2011-01-01T00:00:00Z,exact,Mesotrione
micro_IA40244211_1935,2011,2011,2011-01-01T00:00:00Z,exact,Ipconazole
micro_IA40244211_1937,2011,2011,2011-01-01T00:00:00Z,exact,Carbaryl
micro_IA40244211_1939,2011,2011,2011-01-01T00:00:00Z,exact,Ethofumesate
micro_IA40244211_1941,2011,2011,2011-01-01T00:00:00Z,exact,Trifloxystrobin
micro_IA40244211_1943,2011,2011,2011-01-01T00:00:00Z,exact,Fenoxaprop-ethyl
micro_IA40244211_1945,2011,2011,2011-01-01T00:00:00Z,exact,Isoxadifen-ethyl
micro_IA40244211_1947,2011,2011,2011-01-01T00:00:00Z,exact,Mefenpyr-diethyl
micro_IA40244211_1949,2011,2011,2011-01-01T00:00:00Z,exact,Ethiprole
micro_IA40244211_1951,2011,2011,2011-01-01T00:00:00Z,exact,Mecoprop
micro_IA40244211_1953,2011,2011,2011-01-01T00:00:00Z,exact,Prothioconazole
micro_IA40244211_1955,2011,2011,2011-01-01T00:00:00Z,exact,Bifenazate
micro_IA40244211_1957,2011,2011,2011-01-01T00:00:00Z,exact,Bromoxynil
micro_IA40244211_1959,2011,2011,2011-01-01T00:00:00Z,exact,Imazapyr
micro_IA40244211_1961,2011,2011,2011-01-01T00:00:00Z,exact,Diflufenzopyr
micro_IA40244211_1963,2011,2011,2011-01-01T00:00:00Z,exact,Prothioconazole
micro_IA40244211_2039,2011,2011,2011-01-01T00:00:00Z,exact,Iprodione
micro_IA40244211_2045,2011,2011,2011-01-01T00:00:00Z,exact,Clethodim
micro_IA40244211_2049,2011,2011,2011-01-01T00:00:00Z,exact,Propamocarb Hydrochloride
micro_IA40244211_2268,2011,2011,2011-01-01T00:00:00Z,exact,"Annual report 2010-2011 (fiscal period--April 1, 2010 to March 31, 2011)"
micro_IA40244211_2335,2011,2011,2011-01-01T00:00:00Z,exact,Annual report 10-11
micro_IA40244211_2364,2011,2011,2011-01-01T00:00:00Z,exact,"Departmental performance report for the period ending March 31, 2011"
micro_IA40244211_2453,2011,2011,2011-01-01T00:00:00Z,exact,"Province of Manitoba annual report for the year ended March 31, 2011 = Province du Manitoba rapport annuel : pour l'exercise termine le 31 mars, 2011"
micro_IA40244211_2798,2011,2011,2011-03-01T00:00:00Z,exact,Health Reports
micro_IA40244211_2800,2011,2011,2011-01-01T00:00:00Z,exact,Physical activity of Canadian children and youth accelerometer results from the 2007 to 2009 Canadian Health Measures Survey
micro_IA40244211_2802,2011,2011,2011-01-01T00:00:00Z,exact,Evaluation of the factor structure of the child-reported parenting questionnaire in the National Longitudinal Survey of Children and Youth
micro_IA40244211_2804,2011,2011,2011-01-01T00:00:00Z,exact,Physical activity of Canadian adults accelerometer results from the 2007 to 2009 Canadian Health Measures Survey
micro_IA40244211_2807,2011,2011,2011-01-01T00:00:00Z,exact,Primary mental health care visits in self-reported data versus provincial administrative records
micro_IA40244211_2809,2011,2011,2011-01-01T00:00:00Z,exact,Cognitive performance of Canadian seniors
micro_IA40244211_2811,2011,2011,2011-01-01T00:00:00Z,exact,"Bone health osteoporosis, calcium and vitamin D"
micro_IA40244211_2813,2011,2011,2011-01-01T00:00:00Z,exact,Adults' use of health services in the year before death by suicide in Alberta
micro_IA40244211_2815,2011,2011,2011-01-01T00:00:00Z,exact,Obesity estimates for children based on parent-reported versus direct measures
micro_IA40244211_2817,2011,2011,2011-01-01T00:00:00Z,exact,Bias in self-reported estimates of obesity in Canadian health surveys an update on correction equations for adults
micro_IA40244211_2819,2011,2011,2011-01-01T00:00:00Z,exact,Sugar consumption among Canadians of all ages
micro_IA40244211_2821,2011,2011,2011-01-01T00:00:00Z,exact,Self-reported pH1N1 influenza vaccination coverage for Ontario
micro_IA40244211_2823,2011,2011,2011-01-01T00:00:00Z,exact,"Remaining life expectancy at age 25 and probability of survival to age 75, by socioeconomic status and Aboriginal ancestry"
micro_IA40244211_2825,2011,2011,2011-01-01T00:00:00Z,exact,Official language proficiency and self-reported health among immigrants to Canada
micro_IA40244211_2827,2011,2011,2011-01-01T00:00:00Z,exact,The impact of considering birthplace in analyses of immigrant health
micro_IA40244211_2829,2011,2011,2011-01-01T00:00:00Z,exact,The healthy immigrant effect and mortality rates
micro_IA40244211_2831,2011,2011,2011-01-01T00:00:00Z,exact,Strategies for handling normality assumptions in multi-level modeling a case study estimating trajectories of Health Utilities Index Mark 3 scores
micro_IA40244211_2832,2011,2011,2011-01-01T00:00:00Z,exact,Strategies de traitement des hypotheses de normalite dans la modelisation multiniveaux une etude de cas d'estimation des trajectoires des scores du Health Utilities Index Mark 3
micro_IA40244211_2833,2011,2011,2011-01-01T00:00:00Z,exact,Gender differences in functional limitations among Canadians with arthritis the role of disease duration and comorbidity
micro_IA40244211_2929,2011,2011,2011-01-01T00:00:00Z,exact,Measures relating to Quebec's public prescription drug insurance plan and the health contribution and changes to certain fiscal measures
micro_IA40244211_3010,2011,2011,2011-01-01T00:00:00Z,exact,Mississauga Halton LHIN 2010-2011 annual report integration in action
micro_IA40244211_3011,2011,2011,2011-01-01T00:00:00Z,exact,"Annual business plan April 1, 2011-March 31, 2012"
micro_IA40244211_3014,2011,2011,2011-01-01T00:00:00Z,exact,Together we're better 2010-11 annual report
micro_IA40244211_3023,2011,2011,2011-01-01T00:00:00Z,exact,"Better, together 2010-2011 annual report"
micro_IA40244211_3269,2011,2011,2011-01-01T00:00:00Z,exact,"2010-11 estimates. Part III, Departmental performance report for the period ending March 31, 2011"
micro_IA40244211_3271,2011,2011,2011-01-01T00:00:00Z,exact,2010-2011 departmental performance report
micro_IA40244211_3274,2011,2011,2011-01-01T00:00:00Z,exact,2010-2011 estimates departmental performance report
micro_IA40244212_0114,2011,2011,2011-01-01T00:00:00Z,exact,Budget address 2011 moving forward together
micro_IA40244212_0121,2011,2011,2011-01-01T00:00:00Z,exact,Back to balance the four year plan : budget address for the fiscal year 2010-2011
micro_IA40244212_0849,2011,2011,2011-01-01T00:00:00Z,exact,Report on the budget 2012 consultations
micro_IA40244212_0881,2011,2011,2011-01-01T00:00:00Z,exact,"Lake trout population assessment Bennett Lake 2001, 2009"
micro_IA40244212_0884,2011,2011,2011-01-01T00:00:00Z,exact,"Lake trout population assessment Lake Laberge 1991, 1999, 2004, 2009"
micro_IA40244212_0885,2011,2011,2011-01-01T00:00:00Z,exact,Lake trout population assessment Pine Lake 2010
micro_IA40244212_0886,2011,2011,2011-01-01T00:00:00Z,exact,"Lake trout population assessment Teslin Lake 1997, 2003, 2009"
micro_IA40244212_1464,2011,2011,2011-01-01T00:00:00Z,exact,2-Methyl-4-isothiazolin-3-one
micro_IA40244212_1466,2011,2011,2011-01-01T00:00:00Z,exact,Liquid corn gluten
micro_IA40244212_1468,2011,2011,2011-01-01T00:00:00Z,exact,Carbendazim
micro_IA40244212_1470,2011,2011,2011-01-01T00:00:00Z,exact,Diflufenzopyr-sodium
micro_IA40244212_1472,2011,2011,2011-01-01T00:00:00Z,exact,Lactobacillus casei strain LPT-111
micro_IA40244212_1474,2011,2011,2011-01-01T00:00:00Z,exact,Prothioconazole
micro_IA40244212_1476,2011,2011,2011-01-01T00:00:00Z,exact,Carfentrazone-ethyl
micro_IA40244212_1478,2011,2011,2011-01-01T00:00:00Z,exact,Dolphin WaterCare
micro_IA40244212_1480,2011,2011,2011-01-01T00:00:00Z,exact,Icaridin
micro_IA40244212_1482,2011,2011,2011-01-01T00:00:00Z,exact,Imazapyr
micro_IA40244212_1484,2011,2011,2011-01-01T00:00:00Z,exact,Metarhizium anisopliae strain F52
micro_IA40244212_1486,2011,2011,2011-01-01T00:00:00Z,exact,Extract of Reynoutria sachalinensis
micro_IA40244212_1488,2011,2011,2011-01-01T00:00:00Z,exact,Pyraclostrobin seed treatment
micro_IA40244212_1490,2011,2011,2011-01-01T00:00:00Z,exact,Boscalid seed treatment
micro_IA40244212_1492,2011,2011,2011-01-01T00:00:00Z,exact,"Copper, present as basic copper carbonate"
micro_IA40244212_1494,2011,2011,2011-01-01T00:00:00Z,exact,Pseudomonas fluorescens Strain A506
micro_IA40244212_1496,2011,2011,2011-01-01T00:00:00Z,exact,Spiromesifen
micro_IA40244212_1498,2011,2011,2011-01-01T00:00:00Z,exact,Indaziflam
micro_IA40244212_1500,2011,2011,2011-01-01T00:00:00Z,exact,Trichoderma asperellum strain T34
micro_IA40244212_1502,2011,2011,2011-01-01T00:00:00Z,exact,Oriental mustard seed meal
micro_IA40244212_1504,2011,2011,2011-01-01T00:00:00Z,exact,Bacillus firmus strain I-1582
micro_IA40244212_3047,2011,2011,2011-01-01T00:00:00Z,exact,Results based briefing book 2011-2012. Part 1: results-based plan 2011-12
micro_IA40244213_0129,2011,2011,2011-01-01T00:00:00Z,exact,"Quarter 2 financial report for the period ended June 30, 2013"
micro_IA40244213_0230,2011,2011,2011-01-01T00:00:00Z,exact,The power of pertnerships 2011-12 annual report
micro_IA40244213_0254,2011,2011,2011-01-01T00:00:00Z,exact,Annual statistics 2010-2011
micro_IA40244213_0255,2011,2011,2011-01-01T00:00:00Z,exact,Manitoba Health: Annual statistics
micro_IA40244213_0257,2011,2011,2011-01-01T00:00:00Z,exact,"Population report June 1, 2011"
micro_IA40244213_0361,2011,2011,2011-01-01T00:00:00Z,exact,"2010 summary lost-time claims, disabling injury claims and claim rates"
micro_IA40244213_0368,2011,2011,2011-01-01T00:00:00Z,exact,2011-2015 health plan
micro_IA40244213_0422,2011,2011,2011-01-01T00:00:00Z,exact,A literature review of collaborative mechanisms and healthy public policy advocacy
micro_IA40244213_0634,2011,2011,2011-01-01T00:00:00Z,exact,Benthic sampling in natural and regulated rivers sampling methodologies for Ontario's flowing waters
micro_IA40244213_0689,2011,2011,2011-01-01T00:00:00Z,exact,2011 annual report
micro_IA40244213_0789,2011,2011,2011-01-01T00:00:00Z,exact,2010-11 annual report
micro_IA40244213_0795,2011,2011,2011-01-01T00:00:00Z,exact,"Be proactive, avoid the harm 2010 annual report"
micro_IA40244213_0941,2011,2011,2011-01-01T00:00:00Z,exact,2010-2011 annaul report
micro_IA40244213_1270,2011,2011,2011-01-01T00:00:00Z,exact,"Alberta retail food prices selected communities, June 2011"
micro_IA40244213_1441,2011,2011,2011-01-01T00:00:00Z,exact,Annual report 2010-11
micro_IA40244213_1595,2011,2011,2011-01-01T00:00:00Z,exact,Established maximum residue limits for pesticides/commodities currently registered in Canada previously covered by the 0.1 parts per million general maximum residue limit
micro_IA40244213_1597,2011,2011,2011-01-01T00:00:00Z,exact,Lambda-cyhalothrin
micro_IA40244213_1599,2011,2011,2011-01-01T00:00:00Z,exact,Pyroxsulam
micro_IA40244213_1601,2011,2011,2011-01-01T00:00:00Z,exact,Novaluron
micro_IA40244213_1603,2011,2011,2011-01-01T00:00:00Z,exact,Trifloxystrobin
micro_IA40244213_1605,2011,2011,2011-01-01T00:00:00Z,exact,Trifloxystrobin
micro_IA40244213_1607,2011,2011,2011-01-01T00:00:00Z,exact,Difenoconazole
micro_IA40244213_1609,2011,2011,2011-01-01T00:00:00Z,exact,Metalaxyl
micro_IA40244213_1611,2011,2011,2011-01-01T00:00:00Z,exact,Atrazine
micro_IA40244213_1613,2011,2011,2011-01-01T00:00:00Z,exact,Abamectin
micro_IA40244213_1615,2011,2011,2011-01-01T00:00:00Z,exact,Pendimethalin
micro_IA40244213_1617,2011,2011,2011-01-01T00:00:00Z,exact,S-metolachlor
micro_IA40244213_1619,2011,2011,2011-01-01T00:00:00Z,exact,Clethodim
micro_IA40244213_1621,2011,2011,2011-01-01T00:00:00Z,exact,Mesosulfuron-methyl
micro_IA40244213_1623,2011,2011,2011-01-01T00:00:00Z,exact,Tepraloxydim
micro_IA40244213_1625,2011,2011,2011-01-01T00:00:00Z,exact,Thiencarbazone-methyl
micro_IA40244213_1627,2011,2011,2011-01-01T00:00:00Z,exact,Spiromesifen
micro_IA40244213_1629,2011,2011,2011-01-01T00:00:00Z,exact,Spirodiclofen
micro_IA40244213_1631,2011,2011,2011-01-01T00:00:00Z,exact,Chlorantraniliprole
micro_IA40244213_1633,2011,2011,2011-01-01T00:00:00Z,exact,Quinclorac
micro_IA40244213_1635,2011,2011,2011-01-01T00:00:00Z,exact,Flufenacet
micro_IA40244213_1637,2011,2011,2011-01-01T00:00:00Z,exact,Glyphosate
micro_IA40244213_1639,2011,2011,2011-01-01T00:00:00Z,exact,Tebuconazole
micro_IA40244213_1641,2011,2011,2011-01-01T00:00:00Z,exact,Dicamba
micro_IA40244213_1643,2011,2011,2011-01-01T00:00:00Z,exact,Phenmedipham
micro_IA40244213_1645,2011,2011,2011-01-01T00:00:00Z,exact,Glyphosate
micro_IA40244213_1647,2011,2011,2011-01-01T00:00:00Z,exact,Imazamox
micro_IA40244213_1649,2011,2011,2011-01-01T00:00:00Z,exact,Acetamiprid
micro_IA40244213_1651,2011,2011,2011-01-01T00:00:00Z,exact,Spirotetramat
micro_IA40244213_1653,2011,2011,2011-01-01T00:00:00Z,exact,Aminoethoxyvinylglycine hydrochloride
micro_IA40244213_1655,2011,2011,2011-01-01T00:00:00Z,exact,Deltamethrin
micro_IA40244213_1657,2011,2011,2011-01-01T00:00:00Z,exact,Boscalid
micro_IA40244213_1659,2011,2011,2011-01-01T00:00:00Z,exact,Thiamethoxam
micro_IA40244213_1661,2011,2011,2011-01-01T00:00:00Z,exact,Acetamiprid
micro_IA40244213_1663,2011,2011,2011-01-01T00:00:00Z,exact,Bifenazate
micro_IA40244213_1665,2011,2011,2011-01-01T00:00:00Z,exact,Flonicamid
micro_IA40244213_1667,2011,2011,2011-01-01T00:00:00Z,exact,Imazamox
micro_IA40244213_1671,2011,2011,2011-01-01T00:00:00Z,exact,Imidacloprid
micro_IA40244213_1673,2011,2011,2011-01-01T00:00:00Z,exact,Imazethapyr
micro_IA40244213_1675,2011,2011,2011-01-01T00:00:00Z,exact,Cyprosulfamide
micro_IA40244213_1677,2011,2011,2011-01-01T00:00:00Z,exact,Propoxycarbazone-sodium
micro_IA40244213_1679,2011,2011,2011-01-01T00:00:00Z,exact,Propiconazole
micro_IA40244213_1681,2011,2011,2011-01-01T00:00:00Z,exact,Imazethapyr
micro_IA40244213_1683,2011,2011,2011-01-01T00:00:00Z,exact,Triadimenol
micro_IA40244213_1686,2011,2011,2011-01-01T00:00:00Z,exact,Tribenuron-methyl
micro_IA40244213_1688,2011,2011,2011-01-01T00:00:00Z,exact,Pyrimethanil
micro_IA40244213_1690,2011,2011,2011-01-01T00:00:00Z,exact,S-metolachlor
micro_IA40244213_1692,2011,2011,2011-01-01T00:00:00Z,exact,Bentazon
micro_IA40244213_1694,2011,2011,2011-01-01T00:00:00Z,exact,Fenpropathrin
micro_IA40244213_1696,2011,2011,2011-01-01T00:00:00Z,exact,Sulfentrazone
micro_IA40244213_1698,2011,2011,2011-01-01T00:00:00Z,exact,Novaluron
micro_IA40244213_1700,2011,2011,2011-01-01T00:00:00Z,exact,Azoxystrobin
micro_IA40244213_1702,2011,2011,2011-01-01T00:00:00Z,exact,Triflusulfuron-methyl
micro_IA40244213_1704,2011,2011,2011-01-01T00:00:00Z,exact,Trifloxystrobin
micro_IA40244213_1706,2011,2011,2011-01-01T00:00:00Z,exact,Foramsulfuron
micro_IA40244213_1708,2011,2011,2011-01-01T00:00:00Z,exact,Tralkoxydim
micro_IA40244213_1710,2011,2011,2011-01-01T00:00:00Z,exact,Propamocarb hydrochloride
micro_IA40244213_1712,2011,2011,2011-01-01T00:00:00Z,exact,Clothianidin
micro_IA40244213_1714,2011,2011,2011-01-01T00:00:00Z,exact,Pyraclostrobin
micro_IA40244213_1716,2011,2011,2011-01-01T00:00:00Z,exact,Acetamiprid
micro_IA40244213_1769,2011,2011,2011-01-01T00:00:00Z,exact,"Manufacturing, processing and packaging sector, 2006 to 2010 lost-time claims, disabling injury claims and claim rates"
micro_IA40244213_1771,2011,2011,2011-01-01T00:00:00Z,exact,"Forestry and related injuries, 2006 to 2010 lost-time claims, disabling injury claims and claim rates"
micro_IA40244213_1772,2011,2011,2011-01-01T00:00:00Z,exact,"Construction and construction trade services industries, 2006 to 2010 lost-time claims, disabling injury claims and claim rates"
micro_IA40244213_1773,2011,2011,2011-01-01T00:00:00Z,exact,"Health services industries, 2006 to 2010 lost-time claims, disabling injury claims and claim rates"
micro_IA40244213_1774,2011,2011,2011-01-01T00:00:00Z,exact,"Transportation industries, 2006 to 2010 lost-time claims, disabling injury claims and claim rates"
micro_IA40244213_1775,2011,2011,2011-01-01T00:00:00Z,exact,"Upstream oil and gas industries, 2006 to 2010 lost-time claims, disabling injury claims and claim rates"
micro_IA40244213_1776,2011,2011,2011-01-01T00:00:00Z,exact,"Wholesale and retail industries, 2006 to 2010 lost-time claims, disabling injury claims and claim rates"
micro_IA40244213_1777,2011,2011,2011-01-01T00:00:00Z,exact,"Young workers, 2006 to 2010 lost-time claims, disabling injury claims and claim rates"
micro_IA40244213_1778,2011,2011,2011-01-01T00:00:00Z,exact,Occupational fatalities in Alberta occupational fatalities and fatality rates : 2001 to 2010
micro_IA40244213_2156,2011,2011,2011-01-01T00:00:00Z,exact,South West Local Health Integration Network annual report 2010-11
micro_IA40244213_2165,2011,2011,2011-01-01T00:00:00Z,exact,Annual report 2010-11
micro_IA40244213_2516,2011,2011,2011-01-01T00:00:00Z,exact,"Health Professions Appeal & Review Board, Health Services Appeal & Review Board, Transitional Physician Audit Panel and the Ontario Hepatitis C Assistance Plan Review Committee 2010-2011 annual report"
micro_IA40244213_2536,2011,2011,2011-01-01T00:00:00Z,exact,Ontario cancer plan 2011-2015
micro_IA40244213_3149,2011,2011,2011-01-01T00:00:00Z,exact,Finding local solutions to local health care challenges 2010-2011 annual report
micro_IA40244213_3159,2011,2011,2011-01-01T00:00:00Z,exact,"Together ... achieving better health, better care, better value 2010-2011 annual report"
micro_IA40244213_3166,2011,2011,2011-01-01T00:00:00Z,exact,"Improving access to care accountability, community, innovation, integrity : annual report 2010-2011"
micro_IA40244213_3208,2011,2011,2011-01-01T00:00:00Z,exact,Ameliorer l'acces aux soins pour ameliorer le niveau de sante humaine et communautaire rapport annuel 2010/11
micro_IA40244213_3211,2011,2011,2011-01-01T00:00:00Z,exact,Improving access to care for healthier people and communities 2010/11 annual report
micro_IA40244213_3286,2011,2011,2011-01-01T00:00:00Z,exact,New Brunswick temporary foreign workers employee guide
micro_IA40244213_3298,2011,2011,2011-01-01T00:00:00Z,exact,LMAPD report 2010-2011
micro_IA40244213_3319,2011,2011,2011-01-01T00:00:00Z,exact,Labour Market Agreement for Persons with Disabilities annual report 2010-2011
micro_IA40244213_3543,2011,2011,2011-01-01T00:00:00Z,exact,Annual performance report 2010-2011
micro_IA40244213_3716,2011,2011,2011-01-01T00:00:00Z,exact,The health and well-being of women in British Columbia Provincial Health Officer's 2008 annual report
micro_IA40244213_3738,2011,2011,2011-01-01T00:00:00Z,exact,"Annual report April 1, 2010 to March 31, 2011"
micro_IA40244214_1121,2011,2011,2011-01-01T00:00:00Z,exact,"Getting ""in motion"" at school activities for the classroom, gym and playground"
micro_IA40244214_1389,2011,2011,2011-01-01T00:00:00Z,exact,"Chronic diseases and injuries in Canada. Volume 31, number 4 (September 2011)"
micro_IA40244214_1390,2011,2011,2011-01-01T00:00:00Z,exact,"Chronic diseases and injuries in Canada. Volume 32, number 1 (December 2011)"
micro_IA40244214_1606,2011,2011,2011-01-01T00:00:00Z,exact,Quality monitor 2011 report on Ontario's health system
micro_IA40244214_1629,2011,2011,2011-01-01T00:00:00Z,exact,Annual report 2010-2011 improving front-line health care
micro_IA40244214_1697,2011,2011,2011-01-01T00:00:00Z,exact,"Erie St. Clair Local Health Integration Network annual report 2010-2011 for the year ending March 31, 2011"
micro_IA40244214_1698,2011,2011,2011-01-01T00:00:00Z,exact,Reseau local d'integration des services de sante d'Erie St. Clair rapport annuel 2010-2011 pour l'exercise termine le 31 mars 2011
micro_IA40244214_1707,2011,2011,2011-01-01T00:00:00Z,exact,"Ensemble, nous sommes meilleurs rapport annuel 2010-2011"
micro_IA40244214_1712,2011,2011,2011-01-01T00:00:00Z,exact,"Save a million hours! save ten thousand days! engaged communities, healthy communities : Central East LHIN 2010-11 annual report"
micro_IA40244214_1713,2011,2011,2011-01-01T00:00:00Z,exact,"Economiser un million d'heures! economiser dix mille jours! des collectivites mobilisees, des communautes en sante : rapport annuel 2010-2011 du RLISS du Centre-Est"
micro_IA40244214_1717,2011,2011,2011-01-01T00:00:00Z,exact,Annual report 2010-2011
micro_IA40244214_1725,2011,2011,2011-01-01T00:00:00Z,exact,"Best care, right place, right time 2011-2012 annual report"
micro_IA40244214_1738,2011,2011,2011-01-01T00:00:00Z,exact,Rapport annuel 2010-2011
micro_IA40244214_1739,2011,2011,2011-01-01T00:00:00Z,exact,Annual report 2010-2011
micro_IA40244214_1871,2011,2011,2011-01-01T00:00:00Z,exact,Annual report 2010-2011
micro_IA40244214_2055,2011,2011,2011-01-01T00:00:00Z,exact,"Canada's state of the oceans report, 2012"
micro_IA40244214_2059,2011,2011,2011-01-01T00:00:00Z,exact,Key findings from International Polar Year 2007-2008 at Fisheries and Oceans Canada Bringing science to policy and programs
micro_IA40244214_2334,2011,2011,2011-01-01T00:00:00Z,exact,Occupational health and safety (OHS) focused inspection project residential construction
micro_IA40244214_2960,2011,2011,2011-01-01T00:00:00Z,exact,2011 annual report forest health in Alberta
micro_IA40244214_3177,2011,2011,2011-01-01T00:00:00Z,exact,Autism spectrum disorder action plan
micro_IA40244214_3338,2011,2011,2011-01-01T00:00:00Z,exact,Annual Report 2010-2011
micro_IA40244214_3343,2011,2011,2011-01-01T00:00:00Z,exact,2010-2011 annual report
micro_IA40244215_0085,2011,2011,2011-01-01T00:00:00Z,exact,CIHI 2010-2011 annual report the difference data makes
micro_IA40244215_1044,2011,2011,2011-01-01T00:00:00Z,exact,2011/12-2013/14 service plan
micro_IA40244215_1953,2011,2011,2011-01-01T00:00:00Z,exact,"FluWatch. Weeks 35 and 36 (August 28 to September 10, 2011)"
micro_IA40244215_1954,2011,2011,2011-01-01T00:00:00Z,exact,"FluWatch. Weeks 37 and 38 (September 11 to 24, 2011)"
micro_IA40244215_1955,2011,2011,2011-01-01T00:00:00Z,exact,"FluWatch. Weeks 39 and 40 (September 25 to October 8, 2011)"
micro_IA40244215_1956,2011,2011,2011-01-01T00:00:00Z,exact,"FluWatch. Week 41 (October 9 to October 15, 2011)"
micro_IA40244215_1957,2011,2011,2011-01-01T00:00:00Z,exact,"FluWatch. Week 42 (October 16 to October 22, 2011)"
micro_IA40244215_1958,2011,2011,2011-01-01T00:00:00Z,exact,"FluWatch. Week 43 (October 23 to October 29, 2011)"
micro_IA40244215_1959,2011,2011,2011-01-01T00:00:00Z,exact,"FluWatch. Week 44 (October 30 to November 5, 2011)"
micro_IA40244215_1960,2011,2011,2011-01-01T00:00:00Z,exact,"FluWatch. Week 45 (November 6 to November 12, 2011)"
micro_IA40244215_1961,2011,2011,2011-01-01T00:00:00Z,exact,"FluWatch. Week 46 (November 13 to November 19, 2011)"
micro_IA40244215_1962,2011,2011,2011-01-01T00:00:00Z,exact,"FluWatch. Week 47 (November 20 to November 26, 2011)"
micro_IA40244215_1963,2011,2011,2011-01-01T00:00:00Z,exact,"FluWatch. Week 48 (November 27 to December 3, 2011)"
micro_IA40244215_1964,2011,2011,2011-01-01T00:00:00Z,exact,"FluWatch. Week 49 (December 4 to December 10, 2011)"
micro_IA40244215_1965,2011,2011,2011-01-01T00:00:00Z,exact,"FluWatch. Week 50 (December 11 to December 17, 2011)"
micro_IA40244215_1966,2011,2011,2011-01-01T00:00:00Z,exact,"FluWatch. Week 51 (December 18 to December 24, 2011)"
micro_IA40244215_1967,2011,2011,2011-01-01T00:00:00Z,exact,"FluWatch. Week 52 (December 25 to December 31, 2011)"
micro_IA40244215_2893,2011,2011,2011-01-01T00:00:00Z,exact,Annual report and financial statements : 2010-2011
micro_IA40244215_3164,2011,2011,2011-01-01T00:00:00Z,exact,Annual report 2010-2011
micro_IA40244215_3173,2011,2011,2011-01-01T00:00:00Z,exact,"Statistical update : HIV and AIDS : report to December 31, 2010"
micro_IA40244215_3183,2011,2011,2011-01-01T00:00:00Z,exact,Canada communicable disease report (CCDR): Statement on influenza vaccination
micro_IA40244215_3184,2011,2011,2011-01-01T00:00:00Z,exact,Releve des maladies transmissibles au Canada (RMTC) : Declaration sur la vaccination antigrippale
micro_IA40244215_3779,2011,2011,2011-01-01T00:00:00Z,exact,Emergency preparedness for farm animals
micro_IA40244216_0359,2011,2011,2011-01-01T00:00:00Z,exact,2010 public service annual report
micro_IA40244216_0490,2011,2011,2011-01-01T00:00:00Z,exact,Health and Social Services
micro_IA40244216_0840,2011,2011,2011-01-01T00:00:00Z,exact,Annual report 2010-2011
micro_IA40244216_2884,2011,2011,2011-01-01T00:00:00Z,exact,BC Centre for Disease Control: Annual report
micro_IA40244216_2898,2011,2011,2011-01-01T00:00:00Z,exact,Provincial response to the resolutions of the 2010 Union of British Columbia Municipalities Convention
micro_IA40244216_3220,2011,2011,2011-01-01T00:00:00Z,exact,"Annual report fiscal year April 1, 2010 to March 31, 2011"
micro_IA40244290_3061,2011,2011,2011-01-01T00:00:00Z,exact,A matter of time an investigation into the management of wait lists for breast cancer treatment in Saskatchewan
micro_IA42404214_0131,2011,2011,2011-01-01T00:00:00Z,exact,Province of British Columbia strategic plan 2011/12-2013/14
micro_IA44420209_2789,2011,2011,2011-01-01T00:00:00Z,exact,Ontario Forest Research Institute publications 2006-2010 a bibliography with abstracts
micro_IA44420209_2794,2011,2011,2011-01-01T00:00:00Z,exact,"NEWSletter. Volume 15, issue no. 4 (October 2011)"
micro_IA44420209_2889,2011,2011,2011-01-01T00:00:00Z,exact,FOIP folio. January 2011
micro_IA44420209_2927,2011,2011,2011-01-01T00:00:00Z,exact,2010 annual report
micro_IA44420209_2953,2011,2011,2011-01-01T00:00:00Z,exact,Report of the Provincial Auditor to the Legislative Assembly of Saskatchewan 2011 report. Volume 2
micro_IA04244210_0295,2012,2012,2012-01-01T00:00:00Z,exact,Quarterly report 2011 : fourth quarter
micro_IA04244212_1536,2012,2012,2012-01-01T00:00:00Z,exact,Pyroxasulfone
micro_IA04244212_1538,2012,2012,2012-01-01T00:00:00Z,exact,"N-alkyl (40% C12, 50% C14, 10% C16) dimethyl benzyl ammonium saccharinate and ethyl alcohol"
micro_IA04244212_1540,2012,2012,2012-01-01T00:00:00Z,exact,Garlic powder
micro_IA04244212_1542,2012,2012,2012-01-01T00:00:00Z,exact,Mandipropamid
micro_IA04244212_1544,2012,2012,2012-01-01T00:00:00Z,exact,"Clutch 50 WDG, Arena 50 WDG and Clothianidin insecticides"
micro_IA04244212_1546,2012,2012,2012-01-01T00:00:00Z,exact,Mono- and di-potassium salts of phosphorous acid
micro_IA04244212_1548,2012,2012,2012-01-01T00:00:00Z,exact,Mono- and di-potassium salts of phosphorous acid (Rampart)
micro_IA04244212_1552,2012,2012,2012-01-01T00:00:00Z,exact,Tetraconazole technical fungicide
micro_IA04244212_1554,2012,2012,2012-01-01T00:00:00Z,exact,Kasugamycin
micro_IA04244212_1556,2012,2012,2012-01-01T00:00:00Z,exact,Spinetoram
micro_IA04244212_1558,2012,2012,2012-01-01T00:00:00Z,exact,Bacillus subtilis var. amyloliquefaciens strain FZB24
micro_IA04244212_1560,2012,2012,2012-01-01T00:00:00Z,exact,"Whole egg solids, wintergreen oil, castrol oil fish mixture, fish oil mixture, garlic oil, meat meal mixture, capsaicin and related capsaicinoids"
micro_IA04244212_1562,2012,2012,2012-01-01T00:00:00Z,exact,D-Phenothrin
micro_IA04244212_1578,2012,2012,2012-01-01T00:00:00Z,exact,"Whole egg solids, wintergreen oil, castrol oil, fish meal mixture, fish oil mixture, garlic oil, meat meal mixture, capsaicin and related capsaicinoids"
micro_IA04244212_1580,2012,2012,2012-01-01T00:00:00Z,exact,Re-evaluation project plan for paclobutrazol
micro_IA04244212_1582,2012,2012,2012-01-01T00:00:00Z,exact,Re-evaluation project plan for sodium omadine
micro_IA04244212_1584,2012,2012,2012-01-01T00:00:00Z,exact,Re-evaluation project plan for isoxaben
micro_IA04244212_1586,2012,2012,2012-01-01T00:00:00Z,exact,Update on the Pest Management Regulatory Agency re-evaluation initiation schedule
micro_IA04244212_1588,2012,2012,2012-01-01T00:00:00Z,exact,Update on the re-evaluation of thiophanate-methyl
micro_IA04244212_1590,2012,2012,2012-01-01T00:00:00Z,exact,Re-evaluation project plan for octhilinone
micro_IA04244212_1592,2012,2012,2012-01-01T00:00:00Z,exact,Re-evaluation project plan for propamocarb
micro_IA04244212_1594,2012,2012,2012-01-01T00:00:00Z,exact,Re-evaluation project plan for triflusulfuron-methyl
micro_IA04244212_1596,2012,2012,2012-01-01T00:00:00Z,exact,Re-evaluation project plan for flumetsulam
micro_IA04244212_1598,2012,2012,2012-01-01T00:00:00Z,exact,Re-evaluation project plan for imazamox
micro_IA04244212_1600,2012,2012,2012-01-01T00:00:00Z,exact,Re-evaluation project plan for dimethoxane
micro_IA04244212_1602,2012,2012,2012-01-01T00:00:00Z,exact,Re-evaluation project plan for 3-methyl-4-chlorophenol (parachlorocresol) and 4-chloro-3-methyl-phenol (sodium salt)
micro_IA04244212_1604,2012,2012,2012-01-01T00:00:00Z,exact,Re-evaluation project plan for nucleopolyhedrovirus for gypsy moth larvae
micro_IA04244212_1620,2012,2012,2012-01-01T00:00:00Z,exact,Prothioconazole
micro_IA04244212_1622,2012,2012,2012-01-01T00:00:00Z,exact,Metarhizium anisopliae strain F52
micro_IA04244212_1624,2012,2012,2012-01-01T00:00:00Z,exact,Methyl anthranilate
micro_IA04244212_1626,2012,2012,2012-01-01T00:00:00Z,exact,Icaridin
micro_IA04244212_1628,2012,2012,2012-01-01T00:00:00Z,exact,Boscalid seed treatment
micro_IA04244212_1630,2012,2012,2012-01-01T00:00:00Z,exact,Pyraclostrobin seed treatment
micro_IA04244212_1632,2012,2012,2012-01-01T00:00:00Z,exact,Indaziflam
micro_IA04244212_1634,2012,2012,2012-01-01T00:00:00Z,exact,Carfentrazone-ethyl
micro_IA04244212_1636,2012,2012,2012-01-01T00:00:00Z,exact,Imazapyr
micro_IA04244212_1638,2012,2012,2012-01-01T00:00:00Z,exact,Pseudomonas fluorescens strain A506
micro_IA04244212_1640,2012,2012,2012-01-01T00:00:00Z,exact,Pyraclostrobin seed treatment
micro_IA04244212_1642,2012,2012,2012-01-01T00:00:00Z,exact,Penthiopyrad
micro_IA04244212_1644,2012,2012,2012-01-01T00:00:00Z,exact,Spiromesifen
micro_IA04244212_1646,2012,2012,2012-01-01T00:00:00Z,exact,Nosema (Paranosema) locustae canning
micro_IA04244212_1648,2012,2012,2012-01-01T00:00:00Z,exact,Penflufen
micro_IA04244212_1650,2012,2012,2012-01-01T00:00:00Z,exact,Extract of Reynoutria sachalinensis
micro_IA04244212_1652,2012,2012,2012-01-01T00:00:00Z,exact,Mono- and di-potassium salts of phosphorous acid
micro_IA04244212_1654,2012,2012,2012-01-01T00:00:00Z,exact,Bacillus firmus strain I-1582
micro_IA04244212_1656,2012,2012,2012-01-01T00:00:00Z,exact,Bacteriophage of Clavibacter michiganensis subsp. michiganensis
micro_IA04244212_1658,2012,2012,2012-01-01T00:00:00Z,exact,Sulphur
micro_IA04244212_1660,2012,2012,2012-01-01T00:00:00Z,exact,Fluoxastrobin technical fungicide
micro_IA04244212_1662,2012,2012,2012-01-01T00:00:00Z,exact,Trichoderma virens strain G-41
micro_IA04244212_1664,2012,2012,2012-01-01T00:00:00Z,exact,"Copper, present as basic copper carbonate"
micro_IA04244212_1666,2012,2012,2012-01-01T00:00:00Z,exact,Picoxystrobin
micro_IA04244212_1668,2012,2012,2012-01-01T00:00:00Z,exact,Mint-X super perfume blend
micro_IA04244212_1670,2012,2012,2012-01-01T00:00:00Z,exact,Ametoctradin
micro_IA04244212_1672,2012,2012,2012-01-01T00:00:00Z,exact,Ammonium bromide fuzzicide
micro_IA04244212_1674,2012,2012,2012-01-01T00:00:00Z,exact,Fluxapyroxad
micro_IA04244212_1676,2012,2012,2012-01-01T00:00:00Z,exact,Aureobasidium pullulans strain DSM 14940 and Aureobasidium pullulans strain DSM 14941
micro_IA04244212_1680,2012,2012,2012-01-01T00:00:00Z,exact,"Mono- and dibasic sodium, potassium and ammonium phosphites"
micro_IA04244212_1827,2012,2012,2012-01-01T00:00:00Z,exact,"Annual report, April 1, 2011-March 31, 2012"
micro_IA04244212_1895,2012,2012,2012-01-01T00:00:00Z,exact,The use of stumps for biomass in British Columbia : a problem analysis
micro_IA04244212_2191,2012,2012,2012-01-01T00:00:00Z,exact,Plan for 2012-13
micro_IA04244212_2320,2012,2012,2012-01-01T00:00:00Z,exact,"Saskatchewan Disease Control Laboratory newsletter. Volume 1, number 1 (February 2012)"
micro_IA04244212_2321,2012,2012,2012-01-01T00:00:00Z,exact,"Saskatchewan Disease Control Laboratory newsletter. Volume 1, number 2 (November 2012)"
micro_IA04244212_2333,2012,2012,2012-01-01T00:00:00Z,exact,11-12 annual report
micro_IA04244212_2353,2012,2012,2012-01-01T00:00:00Z,exact,11-12 annual report
micro_IA04244212_2354,2012,2012,2012-01-01T00:00:00Z,exact,Annual report 2011-12
micro_IA04244212_2371,2012,2012,2012-01-01T00:00:00Z,exact,2011/12 annual service plan report
micro_IA04244212_2385,2012,2012,2012-01-01T00:00:00Z,exact,2011/12 annual service plan report
micro_IA04244212_2428,2012,2012,2012-01-01T00:00:00Z,exact,On course toward our true north : Health Quality Council 2011 2012 annual report
micro_IA04244212_2432,2012,2012,2012-01-01T00:00:00Z,exact,Multi-workplace joint health and safety committee guidance
micro_IA04244212_2608,2012,2012,2012-01-01T00:00:00Z,exact,2011-2012 annual report
micro_IA24402414_0247,2012,2012,2012-01-01T00:00:00Z,exact,We do what it takes to keep Canada and Canadians safe : annual report 2011-12
micro_IA24402414_0252,2012,2012,2012-01-01T00:00:00Z,exact,CNSC staff integrated safety assessment of Canadian nuclear power plants for 2011
micro_IA24402414_0264,2012,2012,2012-01-01T00:00:00Z,exact,Annual report on the Privacy Act 2011-12 = Rapport annuel concernant la loi sur la protection des renseignements personnels 2011-2012
micro_IA24402414_0270,2012,2012,2012-01-01T00:00:00Z,exact,Annual report on the Access to Information Act 2011-12 : INFO-0818 = rapport annuel concernant la loi sur l'acces a l'information 2011-2012 : INFO-0818
micro_IA24402414_0276,2012,2012,2012-01-01T00:00:00Z,exact,"Province of British Columbia 2011/12 strategic plan, annual report"
micro_IA24402414_0333,2012,2012,2012-01-01T00:00:00Z,exact,Honouring commitments : an investigation of Fraser Health Authority's transfer of seniors from temporarily funded residential care beds
micro_IA24402414_0335,2012,2012,2012-01-01T00:00:00Z,exact,On short notice : an investigation of Vancouver Island Health Authority's process for closing Cowichan Lodge
micro_IA24402414_0337,2012,2012,2012-01-01T00:00:00Z,exact,The best of care : getting it right for seniors in British Columbia (part 2)
micro_IA24402414_0343,2012,2012,2012-01-01T00:00:00Z,exact,Progress on the action plan for safe drinking water in British Columbia 2011
micro_IA24402414_0353,2012,2012,2012-01-01T00:00:00Z,exact,11-12 annual statistical report
micro_IA24402414_0354,2012,2012,2012-01-01T00:00:00Z,exact,2011 annual report Extended Health Care Plan for Retired Employees
micro_IA24402414_0538,2012,2012,2012-01-01T00:00:00Z,exact,"Reasons for decision : Syndicat des debardeurs, local 375 of the Canadian Union of Public Employers ; Eric Collin, applicants, and Maritime Employers Association, respondent"
micro_IA40242401_0278,2012,2012,2012-01-01T00:00:00Z,exact,"FluWatch. Weeks 35 & 36 (August 26 to September 8, 2012)"
micro_IA40242401_0279,2012,2012,2012-01-01T00:00:00Z,exact,"FluWatch. Weeks 37 & 38 (September 9 to September 22, 2012)"
micro_IA40242401_0280,2012,2012,2012-01-01T00:00:00Z,exact,"FluWatch. Weeks 39 & 40 (September 23 to October 6, 2012)"
micro_IA40242401_0281,2012,2012,2012-01-01T00:00:00Z,exact,"FluWatch. Week 41 (October 7 to October 13, 2012)"
micro_IA40242401_0282,2012,2012,2012-01-01T00:00:00Z,exact,"FluWatch. Week 42 (October 14 to October 20, 2012)"
micro_IA40242401_0283,2012,2012,2012-01-01T00:00:00Z,exact,"FluWatch. Week 43 (October 21 to October 27, 2012)"
micro_IA40242401_0284,2012,2012,2012-01-01T00:00:00Z,exact,"FluWatch. Week 44 (October 28 to November 3, 2012)"
micro_IA40242401_0285,2012,2012,2012-01-01T00:00:00Z,exact,"FluWatch. Week 45 (November 4 to November 10, 2012)"
micro_IA40242401_0286,2012,2012,2012-01-01T00:00:00Z,exact,"FluWatch. Week 48 (November 25 to December 1, 2012)"
micro_IA40242401_0287,2012,2012,2012-01-01T00:00:00Z,exact,"FluWatch. Week 49 (December 2 to December 8, 2012)"
micro_IA40242401_0288,2012,2012,2012-01-01T00:00:00Z,exact,"FluWatch. Week 50 (December 9 to December 15, 2012)"
micro_IA40242401_0560,2012,2012,2012-01-01T00:00:00Z,exact,"Forest health conditions in Ontario, 2012"
micro_IA40242401_0561,2012,2012,2012-01-01T00:00:00Z,exact,"Forest health conditions in Ontario, 2011"
micro_IA40242401_1953,2012,2012,2012-01-01T00:00:00Z,exact,Annual report 2011/2012
micro_IA40242401_2440,2012,2012,2012-01-01T00:00:00Z,exact,"Nova Scotia Medical Services Insurance annual statistical tables : 12 months ending March 31, 2012 (with comparative statistics for previous years)"
micro_IA40242402_0134,2012,2012,2012-01-01T00:00:00Z,exact,"Flash grippe. Volume 2, numero 4 (le vendredi 3 fevrier 2012), La saison de la grippe sera tardive cette annee : il est encore temps de vacciner!"
micro_IA40242402_0137,2012,2012,2012-01-01T00:00:00Z,exact,"Flash grippe. Volume 2, numero 7 (le mardi 10 avril 2012), Le pic d'activite grippale est passe au Quebec, l'offre systematique de vaccination contre l'influenza est cessee"
micro_IA40242402_0140,2012,2012,2012-01-01T00:00:00Z,exact,"Flash grippe. Volume 3, numero 1 (octobre 2012), La campagne de vaccination contre la grippe saisonniere debute le 1er novembre 2012"
micro_IA40242402_0141,2012,2012,2012-01-01T00:00:00Z,exact,"Flash grippe. Volume 3, numero 2 (le vendredi 23 novembre 2012), Debut hatif de la saison grippale 2012-2013 au Quebec : intensifions les efforts concernant la vaccination"
micro_IA40242402_0142,2012,2012,2012-01-01T00:00:00Z,exact,"Flash grippe. Volume 3, numero 3 (le vendredi 14 decembre 2012), L'augmentation des cas de grippe se poursuit et l'influenza A (H3N2) predomine au Quebec : n'hesitez pas a vous faire vacciner!"
micro_IA40242402_2066,2012,2012,2012-01-01T00:00:00Z,exact,2011 report to members
micro_IA40242402_3177,2012,2012,2012-01-01T00:00:00Z,exact,"Financial statements (expressed in thousands of dollars) of British Columbia Mental Health Society (Riverview) Branch : year ended March 31, 2012"
micro_IA40242402_3261,2012,2012,2012-01-01T00:00:00Z,exact,"Financial statements (expressed in thousands of dollars), Forensic Psychiatric Services Commission : year ended March 31, 2012"
micro_IA40242403_0302,2012,2012,2012-01-01T00:00:00Z,exact,"HIV and AIDS in Saskatchewan, 2011"
micro_IA40242403_0556,2012,2012,2012-01-01T00:00:00Z,exact,2012-2015 strategic plan
micro_IA40242403_0731,2012,2012,2012-01-01T00:00:00Z,exact,Business plan 2012-15
micro_IA40242403_1049,2012,2012,2012-01-01T00:00:00Z,exact,"Business plan April 1, 2012-March 31, 2013"
micro_IA40242403_1151,2012,2012,2012-01-01T00:00:00Z,exact,Business plan 2012/13-2013/14
micro_IA40242403_1749,2012,2012,2012-01-01T00:00:00Z,exact,Guidelines for the registration of non-conventional pest control products
micro_IA40242403_1750,2012,2012,2012-01-01T00:00:00Z,exact,Re-evaluation program cyclical re-evaluation
micro_IA40242403_1877,2012,2012,2012-01-01T00:00:00Z,exact,25 years of access and privacy leadership
micro_IA40242403_2283,2012,2012,2012-01-01T00:00:00Z,exact,Fosetyl-aluminum
micro_IA40242403_3477,2012,2012,2012-01-01T00:00:00Z,exact,Health care and social assistance industry
micro_IA40242403_3526,2012,2012,2012-01-01T00:00:00Z,exact,Plumber : apprenticeship course outline
micro_IA40242404_0027,2012,2012,2012-01-01T00:00:00Z,exact,"Annual report March 31, 2012"
micro_IA40242404_0520,2012,2012,2012-01-01T00:00:00Z,exact,Annual report 2011-2012
micro_IA40242404_2779,2012,2012,2012-01-01T00:00:00Z,exact,"This changes everything : annual report--April 1, 2015 to March 31, 2016"
micro_IA40244209_2010,2012,2012,2012-01-01T00:00:00Z,exact,A guide to Aboriginal organizations in Alberta
micro_IA40244209_3656,2012,2012,2012-01-01T00:00:00Z,exact,Ametoctradin
micro_IA40244209_3658,2012,2012,2012-01-01T00:00:00Z,exact,Penthiopyrad
micro_IA40244209_3660,2012,2012,2012-01-01T00:00:00Z,exact,Fluazifop-butyl
micro_IA40244209_3662,2012,2012,2012-01-01T00:00:00Z,exact,Cyprodinil
micro_IA40244210_0016,2012,2012,2012-01-01T00:00:00Z,exact,Public services for Ontarians : a path to sustainability and excellence
micro_IA40244210_0018,2012,2012,2012-01-01T00:00:00Z,exact,Public services for Ontarians : a path to sustainability and excellence : executive summary
micro_IA40244210_0788,2012,2012,2012-01-01T00:00:00Z,exact,"Operation & maintenance and capital estimates, 2012-2013"
micro_IA40244210_0789,2012,2012,2012-01-01T00:00:00Z,exact,"Estimates : supplementary no. 2, 2011-2012"
micro_IA40244210_1067,2012,2012,2012-01-01T00:00:00Z,exact,Strong action for Ontario : 2012 Ontario budget : budget papers
micro_IA40244210_1074,2012,2012,2012-01-01T00:00:00Z,exact,Hazelnuts in Ontario : pests
micro_IA40244210_1083,2012,2012,2012-01-01T00:00:00Z,exact,WSIB 2012 premium rates manual
micro_IA40244210_1087,2012,2012,2012-01-01T00:00:00Z,exact,Hazelnuts in Ontario : biology and potential varieties
micro_IA40244210_1093,2012,2012,2012-01-01T00:00:00Z,exact,The health analyst's toolkit
micro_IA40244210_1097,2012,2012,2012-01-01T00:00:00Z,exact,Saskatchewan Formulary bulletin : update to the 61st edition of the Saskatchewan Formulary
micro_IA40244210_1098,2012,2012,2012-01-01T00:00:00Z,exact,Saskatchewan Formulary bulletin : update to the 61st edition of the Saskatchewan Formulary
micro_IA40244210_1099,2012,2012,2012-01-01T00:00:00Z,exact,Saskatchewan Formulary bulletin : update to the 61st edition of the Saskatchewan Formulary
micro_IA40244210_1100,2012,2012,2012-01-01T00:00:00Z,exact,Saskatchewan Formulary bulletin : update to the 61st edition of the Saskatchewan Formulary
micro_IA40244210_1213,2012,2012,2012-01-01T00:00:00Z,exact,Portrait of official-language minorities in Canada : Francophones in Nova Scotia
micro_IA40244210_1215,2012,2012,2012-01-01T00:00:00Z,exact,Portrait of official-language minorities in Canada : Francophones in Prince Edward Island
micro_IA40244210_1217,2012,2012,2012-01-01T00:00:00Z,exact,Portrait of official-language minorities in Canada : Francophones in Newfoundland and Labrador
micro_IA40244210_1330,2012,2012,2012-01-01T00:00:00Z,exact,Metabolic and cellular responses of Atlantic salmon (Salmo salar) gill to intermittent hypoxia
micro_IA40244210_1431,2012,2012,2012-01-01T00:00:00Z,exact,2011/12 quarterly financial report : April to December 2011
micro_IA40244210_1438,2012,2012,2012-01-01T00:00:00Z,exact,Campylobacter infection
micro_IA40244210_1443,2012,2012,2012-01-01T00:00:00Z,exact,Rabies : protocol for management of human rabies and management of animal exposures to prevent huamn rabies : communicable disease control
micro_IA40244210_1478,2012,2012,2012-01-01T00:00:00Z,exact,2012-13 report on plans and priorities
micro_IA40244210_1494,2012,2012,2012-01-01T00:00:00Z,exact,2012-2013 report on plans and priorities
micro_IA40244210_1510,2012,2012,2012-01-01T00:00:00Z,exact,2012-13 estimates report on plans and priorities
micro_IA40244210_1518,2012,2012,2012-01-01T00:00:00Z,exact,2012-13 report on plans and priorities
micro_IA40244210_1520,2012,2012,2012-01-01T00:00:00Z,exact,2012-13 report on plans and priorities
micro_IA40244210_1528,2012,2012,2012-01-01T00:00:00Z,exact,Report on plans and priorities 2012-2013
micro_IA40244210_1555,2012,2012,2012-01-01T00:00:00Z,exact,2012-2013 report on plans and priorities
micro_IA40244210_1557,2012,2012,2012-01-01T00:00:00Z,exact,2012-13 report on plans and priorities
micro_IA40244210_1613,2012,2012,2012-01-01T00:00:00Z,exact,2012-13 report on plans and priorities
micro_IA40244210_1619,2012,2012,2012-01-01T00:00:00Z,exact,2012-13 report on plans and priorities
micro_IA40244210_1696,2012,2012,2012-01-01T00:00:00Z,exact,Bison Control Area Program annual report : December 2010-April 2011
micro_IA40244210_1705,2012,2012,2012-01-01T00:00:00Z,exact,Dutch disease or failure to compete? : a diagnosis of Canada's manufacturing woes
micro_IA40244210_1745,2012,2012,2012-01-01T00:00:00Z,exact,Business plan 2012-15
micro_IA40244210_1747,2012,2012,2012-01-01T00:00:00Z,exact,Review of deaths occurring in Alberta during the 2009 influenza pandemic
micro_IA40244210_1749,2012,2012,2012-01-01T00:00:00Z,exact,State-of-the-ocean report for the Gulf of St. Lawrence integrated management (GOSLIM) area
micro_IA40244210_1829,2012,2012,2012-01-01T00:00:00Z,exact,2011 annual report
micro_IA40244210_1935,2012,2012,2012-01-01T00:00:00Z,exact,"Canada at a glance, 2012"
micro_IA40244210_1953,2012,2012,2012-01-01T00:00:00Z,exact,Bison Control Area Program annual report of survey activities : December 2008-April 2009
micro_IA40244210_1954,2012,2012,2012-01-01T00:00:00Z,exact,Bison Control Area Program annual report of survey activities : December 2009-April 2010
micro_IA40244210_1955,2012,2012,2012-01-01T00:00:00Z,exact,Bison Control Area Program annual report of survey activities : December 2006-April 2007
micro_IA40244210_1978,2012,2012,2012-01-01T00:00:00Z,exact,"Physical activity, sedentary behaviour and sleep in Canadian children : parent-report versus direct measures and relative associations with health risk"
micro_IA40244210_1980,2012,2012,2012-01-01T00:00:00Z,exact,Daily patterns of physical activity among Canadians
micro_IA40244210_1982,2012,2012,2012-01-01T00:00:00Z,exact,Abdominal obesity and cardiovascular disease risk factors within body mass index categories
micro_IA40244210_1984,2012,2012,2012-01-01T00:00:00Z,exact,"Measures of abdominal obesity within body mass index categories, 1981 and 2007-2009"
micro_IA40244210_2159,2012,2012,2012-01-01T00:00:00Z,exact,2011 annual report
micro_IA40244210_2168,2012,2012,2012-01-01T00:00:00Z,exact,2011 annual report
micro_IA40244210_2308,2012,2012,2012-01-01T00:00:00Z,exact,Annual report 2011
micro_IA40244210_2383,2012,2012,2012-01-01T00:00:00Z,exact,2011 access & privacy : ever vigilant : 2011 annual report
micro_IA40244210_2757,2012,2012,2012-01-01T00:00:00Z,exact,"Quarter 1 financial report : for the period ended March 31, 2012"
micro_IA40244210_2840,2012,2012,2012-01-01T00:00:00Z,exact,Traditional knowledge annual report 2011-2012
micro_IA40244210_3011,2012,2012,2012-01-01T00:00:00Z,exact,"Infoline. Issue 12-24 (June 15th, 2012)"
micro_IA40244210_3012,2012,2012,2012-01-01T00:00:00Z,exact,"Infoline. Issue 12-25 (June 22, 2012)"
micro_IA40244210_3013,2012,2012,2012-01-01T00:00:00Z,exact,"Infoline. Issue 12-26 (June 29th, 2012)"
micro_IA40244210_3014,2012,2012,2012-01-01T00:00:00Z,exact,"Infoline. Issue 12-27 (July 6, 2012)"
micro_IA40244210_3015,2012,2012,2012-01-01T00:00:00Z,exact,"Infoline. Issue 12-28 (July 13th, 2012)"
micro_IA40244210_3033,2012,2012,2012-01-01T00:00:00Z,exact,Annual report 2011-2012
micro_IA40244210_3486,2012,2012,2012-01-01T00:00:00Z,exact,"Conservation priorities, objectives, and ecosystem assessment approach for the St. Anns Bank area of interest (AOI)"
micro_IA40244211_0579,2012,2012,2012-01-01T00:00:00Z,exact,Routine practices and additional precautions : preventing the transmission of infection in health care
micro_IA40244211_0618,2012,2012,2012-01-01T00:00:00Z,exact,Seasonal influenza in Alberta : 2011/2012 summary report
micro_IA40244211_0620,2012,2012,2012-01-01T00:00:00Z,exact,Business plan 2012-15
micro_IA40244211_0641,2012,2012,2012-01-01T00:00:00Z,exact,"Annual report to the Minister of Health : for the fiscal year ending March 31, 2012"
micro_IA40244211_0643,2012,2012,2012-01-01T00:00:00Z,exact,2012-2013 Five Hills Region strategic plan : leading into the future : Q1 status update
micro_IA40244211_0645,2012,2012,2012-01-01T00:00:00Z,exact,"Annual report to the Minister of Health : year ended March 31, 2012"
micro_IA40244211_0646,2012,2012,2012-01-01T00:00:00Z,exact,"Heartland Health Region's annual report, 2011-2012 : annual report to the Minister of Health for the 2011-12 fiscal year ending March 31, 2012"
micro_IA40244211_0649,2012,2012,2012-01-01T00:00:00Z,exact,"Annual report to the Minister of Health for the 2011-12 fiscal year ended March 31, 2012"
micro_IA40244211_0650,2012,2012,2012-01-01T00:00:00Z,exact,Annual report 2011-2012 : together in wellness
micro_IA40244211_0651,2012,2012,2012-01-01T00:00:00Z,exact,Annual report 2011-2012 to the Minister of Health
micro_IA40244211_0652,2012,2012,2012-01-01T00:00:00Z,exact,2011/2012 annual report
micro_IA40244211_0653,2012,2012,2012-01-01T00:00:00Z,exact,Annual report 2011-2012
micro_IA40244211_0654,2012,2012,2012-01-01T00:00:00Z,exact,2011-2012 annual report
micro_IA40244211_0667,2012,2012,2012-01-01T00:00:00Z,exact,"Public accounts for the fiscal year ended 31 March 2012. Volume 1, Financial statements"
micro_IA40244211_0704,2012,2012,2012-01-01T00:00:00Z,exact,The measure of success : Canadian Institutes of Health Research annual report 2011-12
micro_IA40244211_0836,2012,2012,2012-01-01T00:00:00Z,exact,Boric acid and its salts (boron)
micro_IA40244211_0880,2012,2012,2012-01-01T00:00:00Z,exact,Sodium and potassium dimethyldithiocarbamate salts
micro_IA40244211_0882,2012,2012,2012-01-01T00:00:00Z,exact,Propiconazole
micro_IA40244211_0884,2012,2012,2012-01-01T00:00:00Z,exact,Nabam
micro_IA40244211_0886,2012,2012,2012-01-01T00:00:00Z,exact,Poly[oxyethylene (dimethyliminio)ethylene (dimethyliminio)ethylene dichloride] (POD)
micro_IA40244211_0888,2012,2012,2012-01-01T00:00:00Z,exact,Fluazifop-P-butyl
micro_IA40244211_0890,2012,2012,2012-01-01T00:00:00Z,exact,Denatonium benzoate
micro_IA40244211_0892,2012,2012,2012-01-01T00:00:00Z,exact,Fenoxaprop-P-ethyl
micro_IA40244211_0894,2012,2012,2012-01-01T00:00:00Z,exact,MCPB
micro_IA40244211_0912,2012,2012,2012-01-01T00:00:00Z,exact,Update on the use of phorate on potatoes
micro_IA40244211_0914,2012,2012,2012-01-01T00:00:00Z,exact,Re-evaluation of neonicotinoid insecticides
micro_IA40244211_0916,2012,2012,2012-01-01T00:00:00Z,exact,"Re-evaluation update, clofentezine"
micro_IA40244211_0918,2012,2012,2012-01-01T00:00:00Z,exact,"Chloropicrin, dazomet, metam sodium and metam potassium : label improvements for antimicrobial products"
micro_IA40244211_0920,2012,2012,2012-01-01T00:00:00Z,exact,"Chloropicrin, dazomet, metam sodium and metam potassium : label improvements for soil fumigant products"
micro_IA40244211_0922,2012,2012,2012-01-01T00:00:00Z,exact,Label amendments for soil fumigant products containing dazomet
micro_IA40244211_0924,2012,2012,2012-01-01T00:00:00Z,exact,Revised mitigation measures for acrolein
micro_IA40244211_0944,2012,2012,2012-01-01T00:00:00Z,exact,Sedaxane
micro_IA40244211_1064,2012,2012,2012-01-01T00:00:00Z,exact,Seeking medical help to conceive
micro_IA40244211_1065,2012,2012,2012-01-01T00:00:00Z,exact,"Health reports. Volume 23, number 3"
micro_IA40244211_1073,2012,2012,2012-01-01T00:00:00Z,exact,A new life : healthy pregnancy--healthy baby
micro_IA40244211_1076,2012,2012,2012-01-01T00:00:00Z,exact,Health and safety guidelines for the Nova Scotia screen based production industry
micro_IA40244211_1186,2012,2012,2012-01-01T00:00:00Z,exact,Analysis of researching amphibian numbers in Alberta (RANA) Project : amphibian captures at pitfall trapping sites 1997-2008
micro_IA40244211_1642,2012,2012,2012-01-01T00:00:00Z,exact,"Infoline. Issue 12-35 (August 31, 2012)"
micro_IA40244211_1644,2012,2012,2012-01-01T00:00:00Z,exact,"Infoline. Issue 12-37 (September 14, 2012)"
micro_IA40244211_1645,2012,2012,2012-01-01T00:00:00Z,exact,"Infoline. Issue 12-38 (September 21st, 2012)"
micro_IA40244211_1648,2012,2012,2012-01-01T00:00:00Z,exact,"Infoline. Issue 12-41 (October 12, 2012)"
micro_IA40244211_1649,2012,2012,2012-01-01T00:00:00Z,exact,"Infoline. Issue 12-42 (October 19th, 2012)"
micro_IA40244211_1650,2012,2012,2012-01-01T00:00:00Z,exact,"Infoline. Issue 12-43 (October 26, 2012)"
micro_IA40244211_1688,2012,2012,2012-01-01T00:00:00Z,exact,Adversity or prosperity : a comparative socio-economic study of selected Local Health Areas in British Columbia
micro_IA40244211_1710,2012,2012,2012-01-01T00:00:00Z,exact,"2011-12 performance report : for the period ending March 31, 2012"
micro_IA40244211_1745,2012,2012,2012-01-01T00:00:00Z,exact,2011-12 departmental performance report
micro_IA40244211_1749,2012,2012,2012-01-01T00:00:00Z,exact,2011-12 departmental performance report
micro_IA40244211_1765,2012,2012,2012-01-01T00:00:00Z,exact,"Agriview. Volume 8, issue 07 (November 2012)"
micro_IA40244211_1813,2012,2012,2012-01-01T00:00:00Z,exact,2011-2012 departmental performance report
micro_IA40244211_1815,2012,2012,2012-01-01T00:00:00Z,exact,2011-12 estimates : departmental performance report
micro_IA40244211_1980,2012,2012,2012-01-01T00:00:00Z,exact,2011-12 departmental performance report
micro_IA40244211_1994,2012,2012,2012-01-01T00:00:00Z,exact,11-12 annual report
micro_IA40244211_1995,2012,2012,2012-01-01T00:00:00Z,exact,2011 annual report : guided by our strategy : focused on your future
micro_IA40244211_2157,2012,2012,2012-01-01T00:00:00Z,exact,Chlorantraniliprole
micro_IA40244211_2159,2012,2012,2012-01-01T00:00:00Z,exact,Fludioxonil
micro_IA40244211_2169,2012,2012,2012-01-01T00:00:00Z,exact,Ipconazole
micro_IA40244211_2171,2012,2012,2012-01-01T00:00:00Z,exact,Thiamethoxam
micro_IA40244211_2173,2012,2012,2012-01-01T00:00:00Z,exact,Indaziflam
micro_IA40244211_2175,2012,2012,2012-01-01T00:00:00Z,exact,Indaziflam
micro_IA40244211_2177,2012,2012,2012-01-01T00:00:00Z,exact,Tebufenpyrad
micro_IA40244211_2179,2012,2012,2012-01-01T00:00:00Z,exact,Metrafenone
micro_IA40244211_2181,2012,2012,2012-01-01T00:00:00Z,exact,Fosetyl-aluminum
micro_IA40244211_2183,2012,2012,2012-01-01T00:00:00Z,exact,Difenoconazole
micro_IA40244211_2185,2012,2012,2012-01-01T00:00:00Z,exact,Glyphosate
micro_IA40244211_2187,2012,2012,2012-01-01T00:00:00Z,exact,Fluopicolide
micro_IA40244211_2189,2012,2012,2012-01-01T00:00:00Z,exact,Penflufen
micro_IA40244211_2191,2012,2012,2012-01-01T00:00:00Z,exact,Flumioxazin
micro_IA40244211_2193,2012,2012,2012-01-01T00:00:00Z,exact,Mandipropamid
micro_IA40244211_2195,2012,2012,2012-01-01T00:00:00Z,exact,Chlorantraniliprole
micro_IA40244211_2197,2012,2012,2012-01-01T00:00:00Z,exact,Uniconazole
micro_IA40244211_2199,2012,2012,2012-01-01T00:00:00Z,exact,Flumioxazin
micro_IA40244211_2201,2012,2012,2012-01-01T00:00:00Z,exact,Prosulfuron
micro_IA40244211_2203,2012,2012,2012-01-01T00:00:00Z,exact,Flumioxazin
micro_IA40244211_2205,2012,2012,2012-01-01T00:00:00Z,exact,Chlorantraniliprole
micro_IA40244211_2207,2012,2012,2012-01-01T00:00:00Z,exact,Trifloxystrobin
micro_IA40244211_2209,2012,2012,2012-01-01T00:00:00Z,exact,Desmedipham
micro_IA40244211_2211,2012,2012,2012-01-01T00:00:00Z,exact,Fluxapyroxad
micro_IA40244211_2213,2012,2012,2012-01-01T00:00:00Z,exact,Iodosulfuron-methyl-sodium
micro_IA40244211_2215,2012,2012,2012-01-01T00:00:00Z,exact,Dimethomorph
micro_IA40244211_2217,2012,2012,2012-01-01T00:00:00Z,exact,Pyraclostrobin
micro_IA40244211_2219,2012,2012,2012-01-01T00:00:00Z,exact,Metconazole
micro_IA40244211_2221,2012,2012,2012-01-01T00:00:00Z,exact,Fluoxastrobin
micro_IA40244211_2223,2012,2012,2012-01-01T00:00:00Z,exact,"2,4-D"
micro_IA40244211_2225,2012,2012,2012-01-01T00:00:00Z,exact,Chlorpyrifos
micro_IA40244211_2227,2012,2012,2012-01-01T00:00:00Z,exact,Methoxyfenozide
micro_IA40244211_2229,2012,2012,2012-01-01T00:00:00Z,exact,Propylene oxide
micro_IA40244211_2233,2012,2012,2012-01-01T00:00:00Z,exact,Picoxystrobin
micro_IA40244211_2235,2012,2012,2012-01-01T00:00:00Z,exact,Metalaxyl
micro_IA40244211_2237,2012,2012,2012-01-01T00:00:00Z,exact,Prothioconazole
micro_IA40244211_2239,2012,2012,2012-01-01T00:00:00Z,exact,Mesotrione
micro_IA40244211_2241,2012,2012,2012-01-01T00:00:00Z,exact,Benoxacor
micro_IA40244211_2243,2012,2012,2012-01-01T00:00:00Z,exact,S-metolachlor
micro_IA40244211_2362,2012,2012,2012-01-01T00:00:00Z,exact,"Departmental performance report for the period ending March 31, 2012"
micro_IA40244211_2367,2012,2012,2012-01-01T00:00:00Z,exact,2011-12 departmental performance report
micro_IA40244211_2371,2012,2012,2012-01-01T00:00:00Z,exact,2011-12 departmental performance report
micro_IA40244211_2449,2012,2012,2012-01-01T00:00:00Z,exact,"The Province of Manitoba annual report : for the year ended March 31, 2012 = Province du Manitoba rapport annuel : pour l'exercise termine le 31 mars, 2012"
micro_IA40244211_2462,2012,2012,2012-01-01T00:00:00Z,exact,2012/13 quarterly financial report : April to June 2012
micro_IA40244211_2470,2012,2012,2012-01-01T00:00:00Z,exact,Annual report 2011-2012
micro_IA40244211_2471,2012,2012,2012-01-01T00:00:00Z,exact,Annual report 2011-2012
micro_IA40244211_2835,2012,2012,2012-01-01T00:00:00Z,exact,Geozones : an area-based method for analysis of health outcomes
micro_IA40244211_2837,2012,2012,2012-01-01T00:00:00Z,exact,Sexual behaviour and condom use of 15- to 24-year-olds in 2003 and 2009/2010
micro_IA40244211_2839,2012,2012,2012-01-01T00:00:00Z,exact,Assessment of validity of self-reported smoking status
micro_IA40244211_2841,2012,2012,2012-01-01T00:00:00Z,exact,Health of First Nations children living off reserve and Metis children younger than age 6
micro_IA40244211_2843,2012,2012,2012-01-01T00:00:00Z,exact,Adopting leisure-time physical activity after diagnosis of a vascular condition
micro_IA40244211_2851,2012,2012,2012-01-01T00:00:00Z,exact,"Area-based methods to calculate hospitalization rates for the foreign-born population in Canada, 2005/2006"
micro_IA40244211_2857,2012,2012,2012-01-01T00:00:00Z,exact,The physical and mental health of Inuit children of teenage mothers
micro_IA40244211_2859,2012,2012,2012-01-01T00:00:00Z,exact,Iron sufficiency of Canadians
micro_IA40244211_2861,2012,2012,2012-01-01T00:00:00Z,exact,Health behaviour changes after diagnosis of chronic illness among Canadians aged 50 or older
micro_IA40244211_2863,2012,2012,2012-01-01T00:00:00Z,exact,"Seniors' use of and unmet needs for home care, 2009"
micro_IA40244211_2865,2012,2012,2012-01-01T00:00:00Z,exact,Acute care hospital days and mental diagnoses
micro_IA40244211_3275,2012,2012,2012-01-01T00:00:00Z,exact,2011-12 estimates departmental performance report
micro_IA40244212_0120,2012,2012,2012-01-01T00:00:00Z,exact,Budget address : building on the Province's plan for change that makes life better for families : for the fiscal year 2011-2012
micro_IA40244212_0300,2012,2012,2012-01-01T00:00:00Z,exact,Community first Integrated health service plan 2013-2016
micro_IA40244212_0310,2012,2012,2012-01-01T00:00:00Z,exact,"Better care, better experiences, better value : 2013-16 Erie St. Clair Local Health Integration Network Integrated Health Service Plan 3"
micro_IA40244212_0313,2012,2012,2012-01-01T00:00:00Z,exact,Working together for better health care : integrated health service plan 2013-2016
micro_IA40244212_0319,2012,2012,2012-01-01T00:00:00Z,exact,Partnering for a healthier tomorrow : integrated health service plan 2013-2016
micro_IA40244212_0325,2012,2012,2012-01-01T00:00:00Z,exact,Integrated health services plan 2013-2016
micro_IA40244212_0601,2012,2012,2012-01-01T00:00:00Z,exact,Toronto employment survey 2011
micro_IA40244212_0847,2012,2012,2012-01-01T00:00:00Z,exact,Budget and fiscal plan 2012/13-2014/15
micro_IA40244212_0850,2012,2012,2012-01-01T00:00:00Z,exact,Report on the budget 2013 consultations
micro_IA40244212_0883,2012,2012,2012-01-01T00:00:00Z,exact,Lake trout population assessment : Caribou Lake 2011
micro_IA40244212_1009,2012,2012,2012-01-01T00:00:00Z,exact,In the line of duty : investigation into how the Ontario Provincial Police and the Ministry of Community Safety and Correctional Services have addressed operational stress injuries affecting police officers
micro_IA40244212_1240,2012,2012,2012-01-01T00:00:00Z,exact,2011-2012 annual report
micro_IA40244212_1265,2012,2012,2012-01-01T00:00:00Z,exact,Quality monitor : 2012 report on Ontario's health system
micro_IA40244212_1335,2012,2012,2012-01-01T00:00:00Z,exact,The state of Canada's forests : annual report 2012
micro_IA40244212_1414,2012,2012,2012-01-01T00:00:00Z,exact,Kasugamycin
micro_IA40244212_1506,2012,2012,2012-01-01T00:00:00Z,exact,Sulphur
micro_IA40244212_1508,2012,2012,2012-01-01T00:00:00Z,exact,Mono- and di-potassium salts of phosphorous acid
micro_IA40244212_1510,2012,2012,2012-01-01T00:00:00Z,exact,Bacteriophage of Clavibacter michiganensis (subsp. michiganensis)
micro_IA40244212_1512,2012,2012,2012-01-01T00:00:00Z,exact,Ipconazole
micro_IA40244212_1514,2012,2012,2012-01-01T00:00:00Z,exact,Trichoderma virens strain G-41
micro_IA40244212_1516,2012,2012,2012-01-01T00:00:00Z,exact,Ammonium bromide fuzzicide
micro_IA40244212_1518,2012,2012,2012-01-01T00:00:00Z,exact,"Mono- and dibasic sodium, potassium and ammonium phosphites"
micro_IA40244212_1520,2012,2012,2012-01-01T00:00:00Z,exact,Pseudomonas fluorescens strain CL145A
micro_IA40244212_1522,2012,2012,2012-01-01T00:00:00Z,exact,Mint-X Super perfume blend
micro_IA40244212_1524,2012,2012,2012-01-01T00:00:00Z,exact,Natamycin
micro_IA40244212_1526,2012,2012,2012-01-01T00:00:00Z,exact,Ammonia (present as ammonium sulphate)
micro_IA40244212_1528,2012,2012,2012-01-01T00:00:00Z,exact,"NeemAzal Technical, containing Azadirachtin"
micro_IA40244212_1530,2012,2012,2012-01-01T00:00:00Z,exact,Aureobasidium pullulans strain DSM 14940 and Aureobasidium pullulans strain DSM 14941
micro_IA40244212_1532,2012,2012,2012-01-01T00:00:00Z,exact,Fluroxypyr
micro_IA40244212_1534,2012,2012,2012-01-01T00:00:00Z,exact,DWB Pheromone Technical
micro_IA40244212_2989,2012,2012,2012-01-01T00:00:00Z,exact,2011 annual report : Extended Health Care Plan for Certain Other Employees
micro_IA40244212_3192,2012,2012,2012-01-01T00:00:00Z,exact,"2012 guide to crop protection : weeds, plant diseases, insects"
micro_IA40244212_3208,2012,2012,2012-01-01T00:00:00Z,exact,Annual report 2011-2012
micro_IA40244212_3486,2012,2012,2012-01-01T00:00:00Z,exact,Ethalfluralin
micro_IA40244213_0026,2012,2012,2012-01-01T00:00:00Z,exact,2011 annual report : Extended Health Care Plan for Retired Employees
micro_IA40244213_0027,2012,2012,2012-01-01T00:00:00Z,exact,2011 annual report : Extended Health Care Plan
micro_IA40244213_0038,2012,2012,2012-01-01T00:00:00Z,exact,2011 annual report : Public Employees Dental Fund
micro_IA40244213_0131,2012,2012,2012-01-01T00:00:00Z,exact,"Quarter 3 financial report : for the period ended September 30, 2012"
micro_IA40244213_0132,2012,2012,2012-01-01T00:00:00Z,exact,"Quarter 2 financial report : for the period ended June 30, 2012"
micro_IA40244213_0139,2012,2012,2012-01-01T00:00:00Z,exact,Guide to reporting on common indicators used in state of the watershed reports
micro_IA40244213_0248,2012,2012,2012-01-01T00:00:00Z,exact,Northwest Territories standards for personal service establishments
micro_IA40244213_0256,2012,2012,2012-01-01T00:00:00Z,exact,"Population report : June 1, 2012"
micro_IA40244213_0313,2012,2012,2012-01-01T00:00:00Z,exact,Malathion
micro_IA40244213_0344,2012,2012,2012-01-01T00:00:00Z,exact,"Student Health provincial summary of annual reports : 2010/2011 school year : September 1, 2010 to August 31, 2011"
micro_IA40244213_0360,2012,2012,2012-01-01T00:00:00Z,exact,Annual report 2011-2012
micro_IA40244213_0362,2012,2012,2012-01-01T00:00:00Z,exact,"2011 summary : lost-time claims, disabling injury claims and claim rates"
micro_IA40244213_0365,2012,2012,2012-01-01T00:00:00Z,exact,Annual report 2011-2012
micro_IA40244213_0369,2012,2012,2012-01-01T00:00:00Z,exact,Health plan and business plan 2012-2015
micro_IA40244213_0788,2012,2012,2012-01-01T00:00:00Z,exact,2011-12 annual report
micro_IA40244213_0793,2012,2012,2012-01-01T00:00:00Z,exact,25 years of access and privacy leadership
micro_IA40244213_0794,2012,2012,2012-01-01T00:00:00Z,exact,2011 access & privacy ever vigilant : 2011 annual report
micro_IA40244213_0942,2012,2012,2012-01-01T00:00:00Z,exact,Creating tobacco-free futures : Alberta's strategy to prevent and reduce tobacco use 2012-2022
micro_IA40244213_0962,2012,2012,2012-01-01T00:00:00Z,exact,"Standards and guidelines for municipal waterworks, wastewater and storm drainage systems. Part 1, Standards for municipal waterworks, of a total of 5 parts"
micro_IA40244213_0963,2012,2012,2012-01-01T00:00:00Z,exact,"Standards and guidelines for municipal waterworks, wastewater and storm drainage systems. Part 2, Guidelines for municipal waterworks, of a total of 5 parts"
micro_IA40244213_0975,2012,2012,2012-01-01T00:00:00Z,exact,Research capacity impacts : 2011 report
micro_IA40244213_0976,2012,2012,2012-01-01T00:00:00Z,exact,Research capacity impacts : 2012 report
micro_IA40244213_1166,2012,2012,2012-01-01T00:00:00Z,exact,Development of St. Lawrence Estuary marine protected area ecological monitoring plan
micro_IA40244213_1279,2012,2012,2012-01-01T00:00:00Z,exact,"Whiteman's Creek trout density and biomass estimates, 2010"
micro_IA40244213_1286,2012,2012,2012-01-01T00:00:00Z,exact,2012 long term care family experience report
micro_IA40244213_1440,2012,2012,2012-01-01T00:00:00Z,exact,Annual report 2011-12
micro_IA40244213_2154,2012,2012,2012-01-01T00:00:00Z,exact,South West Local Health Integration Network annual report 2011-12
micro_IA40244213_2164,2012,2012,2012-01-01T00:00:00Z,exact,Annual report 2011-12
micro_IA40244213_2511,2012,2012,2012-01-01T00:00:00Z,exact,2011-2012 annual report
micro_IA40244213_2515,2012,2012,2012-01-01T00:00:00Z,exact,Annual report 2011-2012
micro_IA40244213_2837,2012,2012,2012-01-01T00:00:00Z,exact,Ethofumesate
micro_IA40244213_2839,2012,2012,2012-01-01T00:00:00Z,exact,Mefenpyr-diethyl
micro_IA40244213_2841,2012,2012,2012-01-01T00:00:00Z,exact,Isoxadifen-ethyl
micro_IA40244213_2843,2012,2012,2012-01-01T00:00:00Z,exact,Mesotrione
micro_IA40244213_2845,2012,2012,2012-01-01T00:00:00Z,exact,Ipconazole
micro_IA40244213_2847,2012,2012,2012-01-01T00:00:00Z,exact,Ethiprole
micro_IA40244213_2849,2012,2012,2012-01-01T00:00:00Z,exact,Fenoxaprop-ethyl
micro_IA40244213_2851,2012,2012,2012-01-01T00:00:00Z,exact,Bifenazate
micro_IA40244213_2853,2012,2012,2012-01-01T00:00:00Z,exact,Mecoprop
micro_IA40244213_2855,2012,2012,2012-01-01T00:00:00Z,exact,Prothioconazole
micro_IA40244213_2857,2012,2012,2012-01-01T00:00:00Z,exact,Fluopicolide
micro_IA40244213_2859,2012,2012,2012-01-01T00:00:00Z,exact,Trifloxystrobin
micro_IA40244213_2861,2012,2012,2012-01-01T00:00:00Z,exact,Diflufenzopyr
micro_IA40244213_2863,2012,2012,2012-01-01T00:00:00Z,exact,Bromoxynil
micro_IA40244213_2865,2012,2012,2012-01-01T00:00:00Z,exact,Prothioconazole
micro_IA40244213_2867,2012,2012,2012-01-01T00:00:00Z,exact,Propamocarb hydrochloride
micro_IA40244213_2869,2012,2012,2012-01-01T00:00:00Z,exact,Clethodim
micro_IA40244213_2871,2012,2012,2012-01-01T00:00:00Z,exact,Pyrimethanil
micro_IA40244213_2873,2012,2012,2012-01-01T00:00:00Z,exact,Glyphosate
micro_IA40244213_2875,2012,2012,2012-01-01T00:00:00Z,exact,Metconazole
micro_IA40244213_2877,2012,2012,2012-01-01T00:00:00Z,exact,Metconazole
micro_IA40244213_2879,2012,2012,2012-01-01T00:00:00Z,exact,Iprodione
micro_IA40244213_2881,2012,2012,2012-01-01T00:00:00Z,exact,Penthiopyrad
micro_IA40244213_2883,2012,2012,2012-01-01T00:00:00Z,exact,Ametoctradin
micro_IA40244213_2885,2012,2012,2012-01-01T00:00:00Z,exact,Cyprodinil
micro_IA40244213_2887,2012,2012,2012-01-01T00:00:00Z,exact,Fluazifop-butyl
micro_IA40244213_2889,2012,2012,2012-01-01T00:00:00Z,exact,Chlorantraniliprole
micro_IA40244213_2891,2012,2012,2012-01-01T00:00:00Z,exact,Fludioxonil
micro_IA40244213_2893,2012,2012,2012-01-01T00:00:00Z,exact,Ipconazole
micro_IA40244213_2895,2012,2012,2012-01-01T00:00:00Z,exact,Thiamethoxam
micro_IA40244213_2897,2012,2012,2012-01-01T00:00:00Z,exact,Indaziflam
micro_IA40244213_2899,2012,2012,2012-01-01T00:00:00Z,exact,Imazapyr
micro_IA40244213_2901,2012,2012,2012-01-01T00:00:00Z,exact,Tebufenpyrad
micro_IA40244213_2903,2012,2012,2012-01-01T00:00:00Z,exact,Indaziflam
micro_IA40244213_2905,2012,2012,2012-01-01T00:00:00Z,exact,Metrafenone
micro_IA40244213_2907,2012,2012,2012-01-01T00:00:00Z,exact,Fosetyl-aluminum
micro_IA40244213_2909,2012,2012,2012-01-01T00:00:00Z,exact,Glyphosate
micro_IA40244213_2911,2012,2012,2012-01-01T00:00:00Z,exact,Fluopicolide
micro_IA40244213_2913,2012,2012,2012-11-06T00:00:00Z,exact,Established maximum residue limit
micro_IA40244213_2915,2012,2012,2012-11-06T00:00:00Z,exact,Established maximum residue limit
micro_IA40244213_2917,2012,2012,2012-11-06T00:00:00Z,exact,Established maximum residue limit
micro_IA40244213_2919,2012,2012,2012-11-06T00:00:00Z,exact,Established maximum residue limit
micro_IA40244213_2921,2012,2012,2012-11-06T00:00:00Z,exact,Established maximum residue limit
micro_IA40244213_2923,2012,2012,2012-01-01T00:00:00Z,exact,Clothianidin
micro_IA40244213_2925,2012,2012,2012-01-01T00:00:00Z,exact,Imidacloprid
micro_IA40244213_2927,2012,2012,2012-01-01T00:00:00Z,exact,Flumioxazin
micro_IA40244213_2929,2012,2012,2012-01-01T00:00:00Z,exact,Mandipropamid
micro_IA40244213_2931,2012,2012,2012-01-01T00:00:00Z,exact,Chlorantraniliprole
micro_IA40244213_2933,2012,2012,2012-01-01T00:00:00Z,exact,Uniconazole
micro_IA40244213_2935,2012,2012,2012-01-01T00:00:00Z,exact,Flumioxazin
micro_IA40244213_2937,2012,2012,2012-01-01T00:00:00Z,exact,Trifloxystrobin
micro_IA40244213_2939,2012,2012,2012-01-01T00:00:00Z,exact,Desmedipham
micro_IA40244213_2941,2012,2012,2012-01-01T00:00:00Z,exact,Iodosulfuron-methyl-sodium
micro_IA40244213_2943,2012,2012,2012-01-01T00:00:00Z,exact,Pyraclostrobin
micro_IA40244213_2945,2012,2012,2012-01-01T00:00:00Z,exact,Metconazole
micro_IA40244213_2947,2012,2012,2012-01-01T00:00:00Z,exact,Fluoxastrobin
micro_IA40244213_2949,2012,2012,2012-01-01T00:00:00Z,exact,Dimethomorph
micro_IA40244213_2951,2012,2012,2012-01-01T00:00:00Z,exact,Methoxyfenozide
micro_IA40244213_2953,2012,2012,2012-01-01T00:00:00Z,exact,Difenoconazole
micro_IA40244213_2955,2012,2012,2012-01-01T00:00:00Z,exact,"2,4-D"
micro_IA40244213_3158,2012,2012,2012-01-01T00:00:00Z,exact,"Healthy people, excellent care, one system : annual report 2011-2012"
micro_IA40244213_3165,2012,2012,2012-01-01T00:00:00Z,exact,"Better health, better futures : a foundation for moving forward : 2011-2012 annual report"
micro_IA40244213_3174,2012,2012,2012-01-01T00:00:00Z,exact,"North East Local Health Integration Network : working for northerners, working with northerners--to ensure quality health care : 2011/12 annual report"
micro_IA40244213_3178,2012,2012,2012-01-01T00:00:00Z,exact,Integration in action : right care at the right place--close to home! : annual report 2011-2012
micro_IA40244213_3183,2012,2012,2012-01-01T00:00:00Z,exact,2011-2012 annual report
micro_IA40244213_3210,2012,2012,2012-01-01T00:00:00Z,exact,Partners in action : delivering excellent care for all : annual report 2011/2012
micro_IA40244213_3297,2012,2012,2012-01-01T00:00:00Z,exact,LMAPD report 2011-2012
micro_IA40244213_3318,2012,2012,2012-01-01T00:00:00Z,exact,Labour Market Agreement for Persons with Disabilities annual report 2011-2012
micro_IA40244213_3544,2012,2012,2012-01-01T00:00:00Z,exact,Annual performance report : 2011-2012
micro_IA40244213_3801,2012,2012,2012-01-01T00:00:00Z,exact,2012-2021 capital budget and plan corporate report
micro_IA40244214_1094,2012,2012,2012-01-01T00:00:00Z,exact,Programs and services
micro_IA40244214_1377,2012,2012,2012-01-01T00:00:00Z,exact,"Bulletin. Volume 6, issue 3 (winter 2012)"
micro_IA40244214_1378,2012,2012,2012-01-01T00:00:00Z,exact,"The bulletin. Volume 7, issue 2 (fall 2012)"
micro_IA40244214_1391,2012,2012,2012-01-01T00:00:00Z,exact,"Chronic diseases and injuries in Canada. Volume 32, number 2 (March 2012)"
micro_IA40244214_1392,2012,2012,2012-01-01T00:00:00Z,exact,"Chronic diseases and injuries in Canada. Volume 32, number 3 (June 2012)"
micro_IA40244214_1393,2012,2012,2012-01-01T00:00:00Z,exact,"Chronic diseases and injuries in Canada. Volume 32, number 4 (September 2012)"
micro_IA40244214_1394,2012,2012,2012-01-01T00:00:00Z,exact,"Chronic diseases and injuries in Canada. Volume 33, number 1 (December 2012)"
micro_IA40244214_1443,2012,2012,2012-01-01T00:00:00Z,exact,"Current housing research. Volume 19, no. 1 (spring 2012)"
micro_IA40244214_1507,2012,2012,2012-01-01T00:00:00Z,exact,Service plan guidelines for 2012/2013 : student health
micro_IA40244214_1520,2012,2012,2012-01-01T00:00:00Z,exact,"Paramedicine in Ontario : consideration of the application for the regulation of paramedics under the Regulated Health Professions Act, 1991. Volume 2"
micro_IA40244214_1631,2012,2012,2012-01-01T00:00:00Z,exact,Annual report 2011-2012
micro_IA40244214_1642,2012,2012,2012-01-01T00:00:00Z,exact,"Annual report 2011-2012 : (fiscal period--April 1, 2011 to March 31, 2012)"
micro_IA40244214_1685,2012,2012,2012-01-01T00:00:00Z,exact,"Minds that matter : report on the consultation on human rights, mental health and addictions"
micro_IA40244214_1699,2012,2012,2012-01-01T00:00:00Z,exact,"Erie St. Clair Local Health Integration Network annual report 2011-2012 : for the year ending March 31, 2012"
micro_IA40244214_1703,2012,2012,2012-01-01T00:00:00Z,exact,Advancing better health services for all : 2011-12 annual report
micro_IA40244214_1714,2012,2012,2012-01-01T00:00:00Z,exact,"Reaching the quality summit : engaged communities, healthy communities : Central East LHIN 2011-12 annual report"
micro_IA40244214_1719,2012,2012,2012-01-01T00:00:00Z,exact,"Better access, better quality, better care closer to home : 2011-2012 annual report"
micro_IA40244214_1724,2012,2012,2012-01-01T00:00:00Z,exact,"Quality care in community hands, planning for the future : 2010-2011 annual report"
micro_IA40244214_1751,2012,2012,2012-01-01T00:00:00Z,exact,Building our future : 2011-2012 annual report
micro_IA40244214_1873,2012,2012,2012-01-01T00:00:00Z,exact,Beech bark disease in Ontario : a primer and management recommendations
micro_IA40244214_2335,2012,2012,2012-01-01T00:00:00Z,exact,Occupational health and safety (OHS) focused inspection project residential construction
micro_IA40244214_2650,2012,2012,2012-01-01T00:00:00Z,exact,"Annual report 2011-2012 : April 1, 2011, to March 31, 2012"
micro_IA40244214_2654,2012,2012,2012-01-01T00:00:00Z,exact,"Health profile of Nunavik : demographic and social conditions, 2011"
micro_IA40244214_2831,2012,2012,2012-01-01T00:00:00Z,exact,Annual report 2011-2012
micro_IA40244214_2961,2012,2012,2012-01-01T00:00:00Z,exact,2012 annual report
micro_IA40244214_2964,2012,2012,2012-01-01T00:00:00Z,exact,2011 annual report
micro_IA40244214_3053,2012,2012,2012-01-01T00:00:00Z,exact,Canada Health Act : annual report 2011-2012
micro_IA40244214_3333,2012,2012,2012-01-01T00:00:00Z,exact,Annual report 2011-2012
micro_IA40244214_3339,2012,2012,2012-01-01T00:00:00Z,exact,Annual Report 2011-2012
micro_IA40244214_3340,2012,2012,2012-01-01T00:00:00Z,exact,Health PEI annual report 2011/2012 : administration of the long-term care subsidization act
micro_IA40244214_3342,2012,2012,2012-01-01T00:00:00Z,exact,2011-2012 annual report
micro_IA40244214_3351,2012,2012,2012-01-01T00:00:00Z,exact,Annual report 2011-2012
micro_IA40244214_3417,2012,2012,2012-01-01T00:00:00Z,exact,Annual report 2011
micro_IA40244214_3418,2012,2012,2012-01-01T00:00:00Z,exact,Annual report 2012
micro_IA40244214_3633,2012,2012,2012-01-01T00:00:00Z,exact,Canadian beef cattle on-farm biosecurity standard
micro_IA40244214_3726,2012,2012,2012-01-01T00:00:00Z,exact,Annual report 2012-13
micro_IA40244215_0087,2012,2012,2012-01-01T00:00:00Z,exact,CIHI annual report 2011-2012 : at the heart of data
micro_IA40244215_0093,2012,2012,2012-01-01T00:00:00Z,exact,"Canadian Institute for Health Information 2012 to 2017 strategic plan : better data, better decisions, healthier Canadians"
micro_IA40244215_0965,2012,2012,2012-01-01T00:00:00Z,exact,"Annual report, 2011-2012"
micro_IA40244215_0966,2012,2012,2012-01-01T00:00:00Z,exact,"Annual report, 2010-2011"
micro_IA40244215_0967,2012,2012,2012-01-01T00:00:00Z,exact,2012 report on pesticide incidents
micro_IA40244215_1043,2012,2012,2012-01-01T00:00:00Z,exact,2012/13-2014/15 service plan
micro_IA40244215_1246,2012,2012,2012-01-01T00:00:00Z,exact,2012 annual report
micro_IA40244215_1968,2012,2012,2012-01-01T00:00:00Z,exact,"FluWatch. Week 01 (January 1 to January 7, 2012)"
micro_IA40244215_1969,2012,2012,2012-01-01T00:00:00Z,exact,"FluWatch. Week 02 (January 8 to January 14, 2012)"
micro_IA40244215_1970,2012,2012,2012-01-01T00:00:00Z,exact,"FluWatch. Week 03 (January 15 to January 21, 2012)"
micro_IA40244215_1971,2012,2012,2012-01-01T00:00:00Z,exact,"FluWatch. Week 04 (January 22 to January 28, 2012)"
micro_IA40244215_1972,2012,2012,2012-01-01T00:00:00Z,exact,"FluWatch. Week 05 (January 29 to February 4, 2012)"
micro_IA40244215_1973,2012,2012,2012-01-01T00:00:00Z,exact,"FluWatch. Week 06 (February 5 to February 11, 2012)"
micro_IA40244215_1974,2012,2012,2012-01-01T00:00:00Z,exact,"FluWatch. Week 07 (February 12 to February 18, 2012)"
micro_IA40244215_1975,2012,2012,2012-01-01T00:00:00Z,exact,"FluWatch. Week 08 (February 19 to February 25, 2012)"
micro_IA40244215_1976,2012,2012,2012-01-01T00:00:00Z,exact,"FluWatch. Week 09 (February 26 to March 3, 2012)"
micro_IA40244215_1977,2012,2012,2012-01-01T00:00:00Z,exact,"FluWatch. Week 10 (March 4 to March 10, 2012)"
micro_IA40244215_1978,2012,2012,2012-01-01T00:00:00Z,exact,"FluWatch. Week 11 (March 11 to March 17, 2012)"
micro_IA40244215_1979,2012,2012,2012-01-01T00:00:00Z,exact,"FluWatch. Week 12 (March 18 to March 24, 2012)"
micro_IA40244215_1980,2012,2012,2012-01-01T00:00:00Z,exact,"FluWatch. Week 13 (March 25 to March 31, 2012)"
micro_IA40244215_1981,2012,2012,2012-01-01T00:00:00Z,exact,"FluWatch. Week 14 (April 1 to April 7, 2012)"
micro_IA40244215_1982,2012,2012,2012-01-01T00:00:00Z,exact,"FluWatch. Week 15 (April 8 to April 14, 2012)"
micro_IA40244215_1983,2012,2012,2012-01-01T00:00:00Z,exact,"FluWatch. Week 16 (April 15 to April 21, 2012)"
micro_IA40244215_1984,2012,2012,2012-01-01T00:00:00Z,exact,"FluWatch. Week 17 (April 22 to April 28, 2012)"
micro_IA40244215_1985,2012,2012,2012-01-01T00:00:00Z,exact,"FluWatch. Week 18 (April 29 to May 5, 2012)"
micro_IA40244215_1986,2012,2012,2012-01-01T00:00:00Z,exact,"FluWatch. Week 19 (May 6 to May 12, 2012)"
micro_IA40244215_1987,2012,2012,2012-01-01T00:00:00Z,exact,"FluWatch. Week 20 (May 13 to May 19, 2012)"
micro_IA40244215_1988,2012,2012,2012-01-01T00:00:00Z,exact,"FluWatch. Weeks 21 & 22 (May 20 to June 2, 2012)"
micro_IA40244215_1989,2012,2012,2012-01-01T00:00:00Z,exact,"FluWatch. Weeks 23 & 24 (June 3 to June 16, 2012)"
micro_IA40244215_1990,2012,2012,2012-01-01T00:00:00Z,exact,"FluWatch. Weeks 25 & 26 (June 17 to June 30, 2012)"
micro_IA40244215_1991,2012,2012,2012-01-01T00:00:00Z,exact,"FluWatch. Weeks 27 & 28 (July 1 to July 14, 2012)"
micro_IA40244215_1992,2012,2012,2012-01-01T00:00:00Z,exact,"FluWatch. Weeks 29 & 30 (July 15 to July 28, 2012)"
micro_IA40244215_1993,2012,2012,2012-01-01T00:00:00Z,exact,"FluWatch. Weeks 31 & 32 (July 29 to August 11, 2012)"
micro_IA40244215_1994,2012,2012,2012-01-01T00:00:00Z,exact,"FluWatch. Weeks 33 & 34 (August 12 to August 25, 2012)"
micro_IA40244215_2892,2012,2012,2012-01-01T00:00:00Z,exact,2011-12 annual report
micro_IA40244215_3165,2012,2012,2012-01-01T00:00:00Z,exact,Annual report 2011-2012
micro_IA40244215_3174,2012,2012,2012-01-01T00:00:00Z,exact,"Manitoba Health statistical update on HIV and AIDS : report to December 31, 2011"
micro_IA40244215_3185,2012,2012,2012-01-01T00:00:00Z,exact,"CCDR. (August 2012) volume 38, ACS-2"
micro_IA40244215_3186,2012,2012,2012-01-01T00:00:00Z,exact,"RMTC. (Aout 2012) volume 38, DCC-2"
micro_IA40244215_3356,2012,2012,2012-01-01T00:00:00Z,exact,Healthy pregnancy--healthy baby : a new life
micro_IA40244215_3765,2012,2012,2012-01-01T00:00:00Z,exact,"Manitoba Health : annual immunization surveillance report, 2011 : January 1 to December 31, 2011"
micro_IA40244216_0324,2012,2012,2012-01-01T00:00:00Z,exact,Success in early childhood : how do we get there?
micro_IA40244216_0360,2012,2012,2012-01-01T00:00:00Z,exact,2011 public service annual report
micro_IA40244216_0366,2012,2012,2012-01-01T00:00:00Z,exact,Measuring success and focusing on results : NWT Health and Social Services system : 2011/2012 annual report
micro_IA40244216_0471,2012,2012,2012-01-01T00:00:00Z,exact,Health and health-related behaviours among young people in the Northwest Territories
micro_IA40244216_0491,2012,2012,2012-01-01T00:00:00Z,exact,Health and Social Services
micro_IA40244216_0721,2012,2012,2012-01-01T00:00:00Z,exact,Part I : results-based plan 2012-13
micro_IA40244216_1612,2012,2012,2012-01-01T00:00:00Z,exact,Corporate plan 2013
micro_IA40244216_1644,2012,2012,2012-01-01T00:00:00Z,exact,"Our water, our life : building partnerships to assess the health of the Slave River and Slave River Delta : summary report for the community workshop convened in Fort Smith, NWT on March 1 and 2, 2011"
micro_IA40244216_2141,2012,2012,2012-01-01T00:00:00Z,exact,Budget address
micro_IA40244216_2502,2012,2012,2012-01-01T00:00:00Z,exact,Northwest Territories Cumulative Impact Monitoring Program (CIMP) strategic plan to 2015
micro_IA40244216_2897,2012,2012,2012-01-01T00:00:00Z,exact,Provincial response to the resolutions of the 2011 Union of British Columbia Municipalities Convention
micro_IA40244216_2936,2012,2012,2012-01-01T00:00:00Z,exact,Collective agreement between Government of Yukon and the Public Service Alliance of Canada
micro_IA40244216_3182,2012,2012,2012-01-01T00:00:00Z,exact,"Report of the Auditor General of Prince Edward Island, 2012"
micro_IA40244216_3221,2012,2012,2012-01-01T00:00:00Z,exact,"2011/12 annual report : fiscal year April 1, 2011 to March 31, 2012"
micro_IA40244216_3630,2012,2012,2012-01-01T00:00:00Z,exact,Annual report 2011/2012
micro_IA42404214_0119,2012,2012,2012-01-01T00:00:00Z,exact,"Growing fibre, growing value"
micro_IA42404214_0130,2012,2012,2012-01-01T00:00:00Z,exact,Province of British Columbia strategic plan 2012/13-2014/15
micro_IA44024216_0149,2012,2012,2012-01-01T00:00:00Z,exact,National farm-level biosecurity standard for potato growers
micro_IA04244212_1564,2013,2013,2013-01-01T00:00:00Z,exact,Chlorfenapyr
micro_IA04244212_1566,2013,2013,2013-01-01T00:00:00Z,exact,Ammonia (present as ammonium sulphate)
micro_IA04244212_1568,2013,2013,2013-01-01T00:00:00Z,exact,Metarhizium anisopliae strain F52
micro_IA04244212_1570,2013,2013,2013-01-01T00:00:00Z,exact,"P-menthane-3,8-diol and related oil of lemon eucalyptus compounds"
micro_IA04244212_1572,2013,2013,2013-01-01T00:00:00Z,exact,Soybean oil
micro_IA04244212_1573,2013,2013,2013-01-01T00:00:00Z,exact,Garlic powder
micro_IA04244212_1684,2013,2013,2013-01-01T00:00:00Z,exact,Garlic powder
micro_IA04244212_1686,2013,2013,2013-01-01T00:00:00Z,exact,Pseudomonas fluorescens strain CL145A
micro_IA04244212_2092,2013,2013,2013-01-01T00:00:00Z,exact,"Smoking, smoking cessation and heart disease risk : a 16-year follow-up study"
micro_IA04244212_2094,2013,2013,2013-01-01T00:00:00Z,exact,Dynamics of smoking cessation and health-related quality of life among Canadians
micro_IA04244212_2098,2013,2013,2013-01-01T00:00:00Z,exact,Nutritional risk among older Canadians
micro_IA04244212_2100,2013,2013,2013-01-01T00:00:00Z,exact,Prevalence of chlamydia trachomatis and herpes simplex virus type 2 : results from the 2009 to 2011 Canadian Health Measures Survey
micro_IA04244212_2104,2013,2013,2013-01-01T00:00:00Z,exact,Predictors of indoor BTEX concentrations in Canadian residences
micro_IA04244212_2106,2013,2013,2013-01-01T00:00:00Z,exact,Implementation of the indoor air component of cycle 2 of the Canadian Health Measures Survey
micro_IA04244212_2192,2013,2013,2013-01-01T00:00:00Z,exact,Plan for 2013-14
micro_IA04244212_2283,2013,2013,2013-01-01T00:00:00Z,exact,Advertising of pest control products
micro_IA04244212_2285,2013,2013,2013-01-01T00:00:00Z,exact,"N-alkyl (40% C12, 50% C14, 10% C16) dimethyl benzyl ammonium saccharinate and ethyl alcohol"
micro_IA04244212_2287,2013,2013,2013-01-01T00:00:00Z,exact,Mono- and di-potassium salts of phosporous acid (Rampart)
micro_IA04244212_2289,2013,2013,2013-01-01T00:00:00Z,exact,Proxitane
micro_IA04244212_2291,2013,2013,2013-01-01T00:00:00Z,exact,Kasugamycin
micro_IA04244212_2293,2013,2013,2013-01-01T00:00:00Z,exact,Dimethomorph
micro_IA04244212_2295,2013,2013,2013-01-01T00:00:00Z,exact,Trifloxystrobin
micro_IA04244212_2297,2013,2013,2013-01-01T00:00:00Z,exact,Fenamidone
micro_IA04244212_2299,2013,2013,2013-01-01T00:00:00Z,exact,Benoxacor
micro_IA04244212_2301,2013,2013,2013-01-01T00:00:00Z,exact,Flonicamid
micro_IA04244212_2303,2013,2013,2013-01-01T00:00:00Z,exact,Benthiavalicarb-isopropyl
micro_IA04244212_2305,2013,2013,2013-01-01T00:00:00Z,exact,Metrafenone
micro_IA04244212_2307,2013,2013,2013-01-01T00:00:00Z,exact,Chlorantraniliprole
micro_IA04244212_2309,2013,2013,2013-01-01T00:00:00Z,exact,Cyantraniliprole
micro_IA04244212_2311,2013,2013,2013-01-01T00:00:00Z,exact,Pyrimethanil
micro_IA04244212_2313,2013,2013,2013-01-01T00:00:00Z,exact,Metconozole
micro_IA04244212_2315,2013,2013,2013-01-01T00:00:00Z,exact,3-decen-2-one
micro_IA04244212_2322,2013,2013,2013-01-01T00:00:00Z,exact,"Health, population and environmental conditions of clam flats in the Bay of Fundy, Nova Scotia, Canada"
micro_IA04244212_2379,2013,2013,2013-01-01T00:00:00Z,exact,2013-16 Government of Alberta strategic plan
micro_IA04244212_2434,2013,2013,2013-01-01T00:00:00Z,exact,"Infoline. Issue 13-21 (May 27th, 2013)"
micro_IA04244212_2436,2013,2013,2013-01-01T00:00:00Z,exact,"Infoline. Issue 13-23 (June 10th, 2013)"
micro_IA24402414_0241,2013,2013,2013-01-01T00:00:00Z,exact,Lower the stakes : a public health approach to gambling in British Columbia : Provincial Health Officer's 2009 annual report
micro_IA24402414_0248,2013,2013,2013-01-01T00:00:00Z,exact,CNSC safety from all angles : annual report 2012-13
micro_IA24402414_0253,2013,2013,2013-01-01T00:00:00Z,exact,CNSC staff integrated safety assessment of Canadian nuclear power plants for 2012
micro_IA24402414_0271,2013,2013,2013-01-01T00:00:00Z,exact,Annual report on the Access to Information Act 2012-13 = rapport annuel concernant la loi sur l'acces a l'information 2012-2013
micro_IA24402414_0334,2013,2013,2013-01-01T00:00:00Z,exact,No longer your decision : British Columbia's process for appointing the public guardian and trustee to manage the financial affairs of incapable adults
micro_IA24402414_0341,2013,2013,2013-01-01T00:00:00Z,exact,Research capacity impacts : 2013 report
micro_IA24402414_0346,2013,2013,2013-01-01T00:00:00Z,exact,2013-14 Five Hills Region strategic plan
micro_IA24402414_0352,2013,2013,2013-01-01T00:00:00Z,exact,Health Quality Council 2012-2013 annual report
micro_IA24402414_0355,2013,2013,2013-01-01T00:00:00Z,exact,2012 annual report : Extended Health Care Plan for Certain Other Retired Employees
micro_IA24402414_0356,2013,2013,2013-01-01T00:00:00Z,exact,2012 annual report : Extended Health Care Plan for Retired Employees
micro_IA24402414_0357,2013,2013,2013-01-01T00:00:00Z,exact,New beginnings : annual report 2012-2013
micro_IA40242401_0289,2013,2013,2013-01-01T00:00:00Z,exact,"FluWatch. Week 01 (December 30 2012 to January 5, 2013)"
micro_IA40242401_0290,2013,2013,2013-01-01T00:00:00Z,exact,"FluWatch. Week 02 (January 6 to 12, 2013)"
micro_IA40242401_0291,2013,2013,2013-01-01T00:00:00Z,exact,"FluWatch. Week 03 (January 13 to 19, 2013)"
micro_IA40242401_0292,2013,2013,2013-01-01T00:00:00Z,exact,"FluWatch. Week 04 (January 20 to 26, 2013)"
micro_IA40242401_0293,2013,2013,2013-01-01T00:00:00Z,exact,"FluWatch. Week 05 (January 27 to February 2, 2013)"
micro_IA40242401_0294,2013,2013,2013-01-01T00:00:00Z,exact,"FluWatch. Week 06 (February 3 to February 9, 2013)"
micro_IA40242401_0295,2013,2013,2013-01-01T00:00:00Z,exact,"FluWatch. Week 07 (February 10 to February 16, 2013)"
micro_IA40242401_0296,2013,2013,2013-01-01T00:00:00Z,exact,"FluWatch. Week 08 (February 17 to February 23, 2013)"
micro_IA40242401_0297,2013,2013,2013-01-01T00:00:00Z,exact,"FluWatch. Week 09 (February 24 to March 2, 2013)"
micro_IA40242401_0298,2013,2013,2013-01-01T00:00:00Z,exact,"FluWatch. Week 10 (March 3 to March 9, 2013)"
micro_IA40242401_0299,2013,2013,2013-01-01T00:00:00Z,exact,"FluWatch. Week 11 (March 10 to March 16, 2013)"
micro_IA40242401_0300,2013,2013,2013-01-01T00:00:00Z,exact,"FluWatch. Week 12 (March 17 to March 23, 2013)"
micro_IA40242401_0301,2013,2013,2013-01-01T00:00:00Z,exact,"FluWatch. Week 13 (March 24 to March 30, 2013)"
micro_IA40242401_0302,2013,2013,2013-01-01T00:00:00Z,exact,"FluWatch. Week 14 (March 31 to April 6, 2013)"
micro_IA40242401_0303,2013,2013,2013-01-01T00:00:00Z,exact,"FluWatch. Week 15 (April 7 to April 13, 2013)"
micro_IA40242401_0304,2013,2013,2013-01-01T00:00:00Z,exact,"FluWatch. Week 16 (April 14 to April 20, 2013)"
micro_IA40242401_0305,2013,2013,2013-01-01T00:00:00Z,exact,"FluWatch. Week 17 (April 21 to April 27, 2013)"
micro_IA40242401_0306,2013,2013,2013-01-01T00:00:00Z,exact,"FluWatch. Week 18 (April 28 to May 4, 2013)"
micro_IA40242401_0307,2013,2013,2013-01-01T00:00:00Z,exact,"FluWatch. Week 19 (May 5 to May 11, 2013)"
micro_IA40242401_0308,2013,2013,2013-01-01T00:00:00Z,exact,"FluWatch. Week 20 (May 12 to May 18, 2013)"
micro_IA40242401_0309,2013,2013,2013-01-01T00:00:00Z,exact,"FluWatch. Weeks 21 & 22 (May 19 to June 1, 2013)"
micro_IA40242401_0310,2013,2013,2013-01-01T00:00:00Z,exact,"FluWatch. Weeks 23 & 24 (June 2 to June 15, 2013)"
micro_IA40242401_0311,2013,2013,2013-01-01T00:00:00Z,exact,"FluWatch. Weeks 25 & 26 (June 16 to June 29, 2013)"
micro_IA40242401_0312,2013,2013,2013-01-01T00:00:00Z,exact,"FluWatch. Week 27 & 28 (June 30 to July 13, 2013)"
micro_IA40242401_0313,2013,2013,2013-01-01T00:00:00Z,exact,"FluWatch. Week 29 & 30 (July 14 to 27, 2013)"
micro_IA40242401_0314,2013,2013,2013-01-01T00:00:00Z,exact,"FluWatch. Week 31 & 32 (July 28 to August 10, 2013)"
micro_IA40242401_0315,2013,2013,2013-01-01T00:00:00Z,exact,"FluWatch. Week 33 & 34 (August 11 to 24, 2013)"
micro_IA40242401_0316,2013,2013,2013-01-01T00:00:00Z,exact,"FluWatch. Week 35 & 36 (August 25 to September 7, 2013)"
micro_IA40242401_0317,2013,2013,2013-01-01T00:00:00Z,exact,"FluWatch. Week 37 & 38 (September 8 to September 21, 2013)"
micro_IA40242401_0318,2013,2013,2013-01-01T00:00:00Z,exact,"FluWatch. Weeks 39 & 40 (September 22 to October 5, 2013)"
micro_IA40242401_0319,2013,2013,2013-01-01T00:00:00Z,exact,"FluWatch. Week 41 (October 6 to 12, 2013)"
micro_IA40242401_0320,2013,2013,2013-01-01T00:00:00Z,exact,"FluWatch. Week 42 (October 13 to 19, 2013)"
micro_IA40242401_0321,2013,2013,2013-01-01T00:00:00Z,exact,"FluWatch. Week 43 (October 20 to 26, 2013)"
micro_IA40242401_0322,2013,2013,2013-01-01T00:00:00Z,exact,"FluWatch. Week 44 (October 27 to November 2, 2013)"
micro_IA40242401_0323,2013,2013,2013-01-01T00:00:00Z,exact,"FluWatch. Week 45 (November 3 to 9, 2013)"
micro_IA40242401_0324,2013,2013,2013-01-01T00:00:00Z,exact,"FluWatch. Week 46 (November 10 to 16, 2013)"
micro_IA40242401_0325,2013,2013,2013-01-01T00:00:00Z,exact,"FluWatch. Week 46 (November 11 to November 17, 2013)"
micro_IA40242401_0326,2013,2013,2013-01-01T00:00:00Z,exact,"FluWatch. Week 47 (November 17 to 23, 2013)"
micro_IA40242401_0327,2013,2013,2013-01-01T00:00:00Z,exact,"FluWatch. Week 47 (November 18 to November 24, 2013)"
micro_IA40242401_0328,2013,2013,2013-01-01T00:00:00Z,exact,"FluWatch. Week 48 (November 24 to 30, 2013)"
micro_IA40242401_0329,2013,2013,2013-01-01T00:00:00Z,exact,"FluWatch. Week 49 (December 1 to 7, 2013)"
micro_IA40242401_0330,2013,2013,2013-01-01T00:00:00Z,exact,"FluWatch. Week 50 (December 8 to 14, 2013)"
micro_IA40242401_0331,2013,2013,2013-01-01T00:00:00Z,exact,"FluWatch. Week 51 and 52 (December 15 to 28, 2013)"
micro_IA40242401_0332,2013,2013,2013-01-01T00:00:00Z,exact,"FluWatch. Weeks 51 & 52 (December 16 to December 29, 2013)"
micro_IA40242401_1048,2013,2013,2013-01-01T00:00:00Z,exact,Annual report 2012-2013
micro_IA40242401_1186,2013,2013,2013-01-01T00:00:00Z,exact,Building families' futures and opportunities through Habitat homeownership
micro_IA40242401_1262,2013,2013,2013-01-01T00:00:00Z,exact,Bullying
micro_IA40242401_1264,2013,2013,2013-01-01T00:00:00Z,exact,Healthy living
micro_IA40242401_1266,2013,2013,2013-01-01T00:00:00Z,exact,Healthy weights
micro_IA40242401_1267,2013,2013,2013-01-01T00:00:00Z,exact,Mental health
micro_IA40242401_1270,2013,2013,2013-01-01T00:00:00Z,exact,"Smoking, alcohol and drug use"
micro_IA40242401_1272,2013,2013,2013-01-01T00:00:00Z,exact,Injuries to young people
micro_IA40242401_1795,2013,2013,2013-01-01T00:00:00Z,exact,2012-13 annual report
micro_IA40242401_1952,2013,2013,2013-01-01T00:00:00Z,exact,Annual report 2012/2013
micro_IA40242401_2438,2013,2013,2013-01-01T00:00:00Z,exact,"Nova Scotia Medical Services Insurance annual statistical tables : 12 months ending March 31, 2013 (with comparative statistics for previous years)"
micro_IA40242401_2768,2013,2013,2013-01-01T00:00:00Z,exact,Sustainability report 2012
micro_IA40242401_3401,2013,2013,2013-01-01T00:00:00Z,exact,"Annual report of the Chief Inspector of Mines, 2012"
micro_IA40242402_0150,2013,2013,2013-01-01T00:00:00Z,exact,"Flash grippe. Volume 4, numero 1 (le lundi 28 octobre 2013), Le 1er novembre, on vaccine! : debut de la campagne de vaccination contre la grippe"
micro_IA40242402_0151,2013,2013,2013-01-01T00:00:00Z,exact,"Flash grippe. Volume 4, numero 2 (le vendredi 20 decembre 2013), Debut de la saison grippale 2013-2014 au Quebec : poursuivons les efforts de vaccination"
micro_IA40242402_1590,2013,2013,2013-01-01T00:00:00Z,exact,"Consolidated financial statements. Volume 1, Public accounts for the fiscal year ended 31 March 2013"
micro_IA40242402_2721,2013,2013,2013-01-01T00:00:00Z,exact,Yukon 2012 health status report : focus on children and youth
micro_IA40242402_3133,2013,2013,2013-01-01T00:00:00Z,exact,Annual business plan 2013-2014
micro_IA40242402_3176,2013,2013,2013-01-01T00:00:00Z,exact,"Financial statements (expressed in thousands of dollars) of British Columbia Mental Health Society (Riverview) Branch : year ended March 31, 2013"
micro_IA40242402_3260,2013,2013,2013-01-01T00:00:00Z,exact,"Financial statements (expressed in thousands of dollars), Forensic Psychiatric Services Commission : year ended March 31, 2013"
micro_IA40242402_3265,2013,2013,2013-01-01T00:00:00Z,exact,Interior Health Authority: Service plan
micro_IA40242402_3338,2013,2013,2013-01-01T00:00:00Z,exact,"Erie St. Clair Local Health Integration Network annual report 2013-14 : for the year ending March 31, 2014"
micro_IA40242403_0301,2013,2013,2013-01-01T00:00:00Z,exact,HIV and AIDS in Saskatchewan 2012
micro_IA40242403_0482,2013,2013,2013-01-01T00:00:00Z,exact,Special review of Compound 1080
micro_IA40242403_0500,2013,2013,2013-01-01T00:00:00Z,exact,Myclobutanil
micro_IA40242403_0516,2013,2013,2013-01-01T00:00:00Z,exact,Second report on human biomonitoring of environmental chemicals in Canada : results of the Canadian Health Measures Survey cycle 2 (2009-2011)
micro_IA40242403_0730,2013,2013,2013-01-01T00:00:00Z,exact,Business plan 2013-16
micro_IA40242403_1050,2013,2013,2013-01-01T00:00:00Z,exact,Business plan 2013-2014
micro_IA40242403_1751,2013,2013,2013-01-01T00:00:00Z,exact,Revised management of submissions policy
micro_IA40242403_1752,2013,2013,2013-01-01T00:00:00Z,exact,Notification/non-notification
micro_IA40242403_1753,2013,2013,2013-01-01T00:00:00Z,exact,Value assessment of pest control products
micro_IA40242403_1754,2013,2013,2013-01-01T00:00:00Z,exact,Pesticide resistance management labelling based on target site/mode of action
micro_IA40242403_2001,2013,2013,2013-01-01T00:00:00Z,exact,2012-13 departmental performance report
micro_IA40242403_2699,2013,2013,2013-01-01T00:00:00Z,exact,2014-15 Five Hills Health Region strategic plan
micro_IA40242404_0026,2013,2013,2013-01-01T00:00:00Z,exact,Nova Scotia Public Service Superannuation Plan : 2012-2013 annual report
micro_IA40242404_0521,2013,2013,2013-01-01T00:00:00Z,exact,2012-2013 annual report
micro_IA40242404_0587,2013,2013,2013-01-01T00:00:00Z,exact,Strategic plan 2013-2016
micro_IA40242404_1495,2013,2013,2013-01-01T00:00:00Z,exact,2012-2013 annual report
micro_IA40242404_1976,2013,2013,2013-01-01T00:00:00Z,exact,"Aboriginal Peoples Survey, 2006 : screening for chronic diseases among Metis"
micro_IA40242404_2782,2013,2013,2013-01-01T00:00:00Z,exact,"For you : annual report April 1, 2012-March 31, 2013"
micro_IA40242405_2691,2013,2013,2013-01-01T00:00:00Z,exact,"Innovative, strategic, current : Canadian Institutes of Health Research annual report 2012-13"
micro_IA40242405_3449,2013,2013,2013-01-01T00:00:00Z,exact,Annual business plan 2016-2017
micro_IA40242413_2074,2013,2013,2013-01-01T00:00:00Z,exact,Summary of the environmental and indirect human health risk assessment of AquAdvantage salmon
micro_IA40244211_2261,2013,2013,2013-01-01T00:00:00Z,exact,2011-2012 annual report to the Minister of Health
micro_IA40244211_2867,2013,2013,2013-01-01T00:00:00Z,exact,Comparability of self-reported medication use and pharmacy claims data
micro_IA40244212_0296,2013,2013,2013-01-01T00:00:00Z,exact,Integrated health service plan 2013-2016
micro_IA40244212_0298,2013,2013,2013-01-01T00:00:00Z,exact,Creating caring communities : advancing excellence in local health care together : an Integrated Health Service Plan for the Central Local Health Integration Network 2013-2016
micro_IA40244212_0304,2013,2013,2013-01-01T00:00:00Z,exact,Integrated health service plan 3 : 2013-2016
micro_IA40244212_0321,2013,2013,2013-01-01T00:00:00Z,exact,"Healthy people, excellent care, one system : North Simcoe Muskoka Local Health Integration Network integrated health service plan 2013-2016"
micro_IA40244212_0375,2013,2013,2013-01-01T00:00:00Z,exact,"Infoline. Issue 13-05 (February 1st, 2013)"
micro_IA40244212_0378,2013,2013,2013-01-01T00:00:00Z,exact,"Infoline. Issue 13-02 (January 11th, 2013)"
micro_IA40244212_0429,2013,2013,2013-01-01T00:00:00Z,exact,Development of indicators for Arctic Marine Biodiversity Monitoring in Canada = Elaboration d'indicateurs pour la surveillance de la biodiversite marine dans l'Arctique canadien
micro_IA40244212_0580,2013,2013,2013-01-01T00:00:00Z,exact,"Budget address, 2013-2014"
micro_IA40244212_0602,2013,2013,2013-01-01T00:00:00Z,exact,Toronto employment survey 2012
micro_IA40244212_0627,2013,2013,2013-01-01T00:00:00Z,exact,"2013 guide to crop protection : weeds, plant diseases, insects"
micro_IA40244212_0702,2013,2013,2013-01-01T00:00:00Z,exact,2013-14 estimates. Report on plans and priorities
micro_IA40244212_0722,2013,2013,2013-01-01T00:00:00Z,exact,2013-14 report on plans and priorities
micro_IA40244212_0770,2013,2013,2013-01-01T00:00:00Z,exact,2013-14 report on plans and priorities
micro_IA40244212_0774,2013,2013,2013-01-01T00:00:00Z,exact,"Une meilleure integration, de meilleurs soins de sante : plan de services de sante integres du RLISS du Sud-Est, PSSI3"
micro_IA40244212_0848,2013,2013,2013-01-01T00:00:00Z,exact,Budget and fiscal plan 2013/14-2015/16
micro_IA40244212_1150,2013,2013,2013-01-01T00:00:00Z,exact,2013-14 report on plans and priorities
micro_IA40244212_1196,2013,2013,2013-01-01T00:00:00Z,exact,Satellite collaring and calf survival in the Bathurst herd of barren-ground caribou 2003-2005
micro_IA40244212_1197,2013,2013,2013-01-01T00:00:00Z,exact,An opportunistic parasitological and serological examination of nuisance black bears in the Dehcho region of the Northwest Territories
micro_IA40244212_1246,2013,2013,2013-01-01T00:00:00Z,exact,"Maintaining the gains, moving the yardstick : Ontario health status report, 2011"
micro_IA40244212_1416,2013,2013,2013-01-01T00:00:00Z,exact,Chlorpyrifos
micro_IA40244212_1418,2013,2013,2013-01-01T00:00:00Z,exact,Spinetoram
micro_IA40244212_1420,2013,2013,2013-01-01T00:00:00Z,exact,Clopyralid
micro_IA40244212_1422,2013,2013,2013-01-01T00:00:00Z,exact,Fluazifop-butyl
micro_IA40244212_1424,2013,2013,2013-01-01T00:00:00Z,exact,Difenoconazole
micro_IA40244212_1426,2013,2013,2013-01-01T00:00:00Z,exact,Fluroxypyr-meptyl
micro_IA40244212_1428,2013,2013,2013-01-01T00:00:00Z,exact,Mesotrione
micro_IA40244212_1430,2013,2013,2013-01-01T00:00:00Z,exact,Tembotrione
micro_IA40244212_1432,2013,2013,2013-01-01T00:00:00Z,exact,Propiconazole
micro_IA40244212_1434,2013,2013,2013-01-01T00:00:00Z,exact,Sedaxane
micro_IA40244212_1436,2013,2013,2013-01-01T00:00:00Z,exact,Desmedipham
micro_IA40244212_1438,2013,2013,2013-01-01T00:00:00Z,exact,Phenmedipham
micro_IA40244212_1440,2013,2013,2013-01-01T00:00:00Z,exact,S-metolachlor
micro_IA40244212_1442,2013,2013,2013-01-01T00:00:00Z,exact,Glufosinate-ammonium
micro_IA40244212_1444,2013,2013,2013-01-01T00:00:00Z,exact,Prometryn
micro_IA40244212_1446,2013,2013,2013-01-01T00:00:00Z,exact,Fenamidone
micro_IA40244212_1448,2013,2013,2013-01-01T00:00:00Z,exact,Flumioxazin
micro_IA40244212_1450,2013,2013,2013-01-01T00:00:00Z,exact,Boscalid
micro_IA40244212_1452,2013,2013,2013-01-01T00:00:00Z,exact,Quizalofop-ethyl
micro_IA40244212_1454,2013,2013,2013-01-01T00:00:00Z,exact,Pyriproxyfen
micro_IA40244212_1456,2013,2013,2013-01-01T00:00:00Z,exact,Metalaxyl
micro_IA40244212_1458,2013,2013,2013-01-01T00:00:00Z,exact,Clothianidin
micro_IA40244212_1460,2013,2013,2013-01-01T00:00:00Z,exact,Metconazole
micro_IA40244212_1462,2013,2013,2013-01-01T00:00:00Z,exact,Bifenazate
micro_IA40244212_2988,2013,2013,2013-01-01T00:00:00Z,exact,2012 annual report Extended Health Care Plan for Certain Other Employees
micro_IA40244212_3181,2013,2013,2013-01-01T00:00:00Z,exact,2013 report. Volume 1
micro_IA40244212_3190,2013,2013,2013-01-01T00:00:00Z,exact,Canadian aquaculture R&D review 2013
micro_IA40244212_3300,2013,2013,2013-01-01T00:00:00Z,exact,WSIB 2013 premium rates manual
micro_IA40244212_3458,2013,2013,2013-01-01T00:00:00Z,exact,Sodium lauryl sulfate
micro_IA40244212_3460,2013,2013,2013-01-01T00:00:00Z,exact,Corn gluten meal
micro_IA40244212_3464,2013,2013,2013-01-01T00:00:00Z,exact,Tetraconazole technical fungicide
micro_IA40244212_3466,2013,2013,2013-01-01T00:00:00Z,exact,Ammonia (present as ammonium sulphate)
micro_IA40244212_3468,2013,2013,2013-01-01T00:00:00Z,exact,Mono- and di-potassium salts of phosphorous acid
micro_IA40244212_3470,2013,2013,2013-01-01T00:00:00Z,exact,Bacillus subtilis var. amyloliquefaciens strain FZB24
micro_IA40244212_3472,2013,2013,2013-01-01T00:00:00Z,exact,DWB Pheromone Technical
micro_IA40244212_3474,2013,2013,2013-01-01T00:00:00Z,exact,Mandipropamid
micro_IA40244212_3476,2013,2013,2013-01-01T00:00:00Z,exact,"Clutch 50 WDG, Arena 50 WDG and Clothianidin insecticides"
micro_IA40244212_3478,2013,2013,2013-01-01T00:00:00Z,exact,Spinetoram
micro_IA40244212_3480,2013,2013,2013-01-01T00:00:00Z,exact,Diazinon risk management plan
micro_IA40244212_3482,2013,2013,2013-01-01T00:00:00Z,exact,"Re-evaluation update 2,4-D"
micro_IA40244212_3484,2013,2013,2013-01-01T00:00:00Z,exact,Re-evaluation of (z)-11-tetradecenyl acetate
micro_IA40244212_3517,2013,2013,2013-01-01T00:00:00Z,exact,Dichlorprop-P
micro_IA40244212_3525,2013,2013,2013-01-01T00:00:00Z,exact,Cyantraniliprole
micro_IA40244212_3527,2013,2013,2013-01-01T00:00:00Z,exact,Cyflufenamid
micro_IA40244212_3529,2013,2013,2013-01-01T00:00:00Z,exact,Cyprodinil
micro_IA40244212_3531,2013,2013,2013-01-01T00:00:00Z,exact,Pyroxasulfone
micro_IA40244212_3533,2013,2013,2013-01-01T00:00:00Z,exact,Lambda-cyhalothrin
micro_IA40244212_3535,2013,2013,2013-01-01T00:00:00Z,exact,Thiabendazole
micro_IA40244212_3537,2013,2013,2013-01-01T00:00:00Z,exact,Clothianidin
micro_IA40244212_3539,2013,2013,2013-01-01T00:00:00Z,exact,Pendimethalin
micro_IA40244212_3541,2013,2013,2013-01-01T00:00:00Z,exact,Isopyrazam
micro_IA40244212_3543,2013,2013,2013-01-01T00:00:00Z,exact,Clodinafop-propargyl
micro_IA40244212_3545,2013,2013,2013-01-01T00:00:00Z,exact,Fluopyram
micro_IA40244212_3548,2013,2013,2013-01-01T00:00:00Z,exact,Dichlorprop
micro_IA40244212_3549,2013,2013,2013-01-01T00:00:00Z,exact,Prosulfuron
micro_IA40244212_3551,2013,2013,2013-01-01T00:00:00Z,exact,Flumioxazin
micro_IA40244212_3553,2013,2013,2013-01-01T00:00:00Z,exact,Trifloxystrobin
micro_IA40244212_3555,2013,2013,2013-01-01T00:00:00Z,exact,Meptyldinocap
micro_IA40244212_3557,2013,2013,2013-01-01T00:00:00Z,exact,Tebuconazole
micro_IA40244212_3559,2013,2013,2013-01-01T00:00:00Z,exact,Rimsulfuron
micro_IA40244212_3561,2013,2013,2013-01-01T00:00:00Z,exact,Propamocarb hydrochloride
micro_IA40244212_3563,2013,2013,2013-01-01T00:00:00Z,exact,Imidacloprid
micro_IA40244212_3565,2013,2013,2013-01-01T00:00:00Z,exact,Bacillus subtilis strain GB03
micro_IA40244213_0002,2013,2013,2013-01-01T00:00:00Z,exact,British Columbia regional socio-economic indicators : methodology
micro_IA40244213_0024,2013,2013,2013-01-01T00:00:00Z,exact,2012 annual report
micro_IA40244213_0115,2013,2013,2013-01-01T00:00:00Z,exact,2012-2013 annual report
micro_IA40244213_0126,2013,2013,2013-01-01T00:00:00Z,exact,Annual report 2012-2013
micro_IA40244213_0130,2013,2013,2013-01-01T00:00:00Z,exact,"Quarter 1 financial report : for the period ended March 31, 2013"
micro_IA40244213_0164,2013,2013,2013-01-01T00:00:00Z,exact,Report of the Auditor General of Alberta. February 2013
micro_IA40244213_0210,2013,2013,2013-01-01T00:00:00Z,exact,2012/2013 annual report
micro_IA40244213_0228,2013,2013,2013-01-01T00:00:00Z,exact,"Heartland Heath Region's annual report 2012-2013 : annual report to the Minister of Health : for the 2012-13 fiscal year ending March 31, 2013"
micro_IA40244213_0229,2013,2013,2013-01-01T00:00:00Z,exact,2012-13 annual report
micro_IA40244213_0231,2013,2013,2013-01-01T00:00:00Z,exact,2012-13 annual statistical report
micro_IA40244213_0237,2013,2013,2013-01-01T00:00:00Z,exact,"Appendices to annual report 2012-2013 : management report, financial statements, payee list, supplier list, organizational structure"
micro_IA40244213_0247,2013,2013,2013-01-01T00:00:00Z,exact,Right from the start : a framework for early childhood development in the NWT
micro_IA40244213_0366,2013,2013,2013-01-01T00:00:00Z,exact,Annual report 2012-2013
micro_IA40244213_0370,2013,2013,2013-01-01T00:00:00Z,exact,Health plan and business plan 2013-2016
micro_IA40244213_0518,2013,2013,2013-01-01T00:00:00Z,exact,Heavy duty wood preservative (HDWP) : risk management plan
micro_IA40244213_0684,2013,2013,2013-01-01T00:00:00Z,exact,"Report of the independent fact-finding panel on herbicide 2, 4, 5-T : final report"
micro_IA40244213_0704,2013,2013,2013-01-01T00:00:00Z,exact,Annual report 2012-13
micro_IA40244213_0706,2013,2013,2013-01-01T00:00:00Z,exact,Mamawetan Churchill River Health Region : annual report 2012-2013
micro_IA40244213_0725,2013,2013,2013-01-01T00:00:00Z,exact,2012 annual report : delivering futures by valuing today
micro_IA40244213_0726,2013,2013,2013-01-01T00:00:00Z,exact,2012-2013 annual report : wholistic health of Keewatin Yatthe Regional residents
micro_IA40244213_0727,2013,2013,2013-01-01T00:00:00Z,exact,"Annual report to the Minister of Health : for the 2012-13 fiscal year ended March 31, 2013"
micro_IA40244213_0728,2013,2013,2013-01-01T00:00:00Z,exact,Annual report 2012-13
micro_IA40244213_0729,2013,2013,2013-01-01T00:00:00Z,exact,2012-2013 annual report to the Minister of Health
micro_IA40244213_0737,2013,2013,2013-01-01T00:00:00Z,exact,2012-13 annual report
micro_IA40244213_0738,2013,2013,2013-01-01T00:00:00Z,exact,2012/13 annual service plan report
micro_IA40244213_0768,2013,2013,2013-01-01T00:00:00Z,exact,Sunrise Regional Health Authority : 2012-2013 annual report
micro_IA40244213_0769,2013,2013,2013-01-01T00:00:00Z,exact,Annual report 2012-2013 to the Minister of Health
micro_IA40244213_0825,2013,2013,2013-01-01T00:00:00Z,exact,Province of British Columbia strategic plan 2013/14-2015/16
micro_IA40244213_0964,2013,2013,2013-01-01T00:00:00Z,exact,"Standards and guidelines for municipal waterworks, wastewater and storm drainage systems. Part 3, Wastewater systems standards for performance and design, of a total of 5 parts"
micro_IA40244213_0965,2013,2013,2013-01-01T00:00:00Z,exact,"Standards and guidelines for municipal waterworks, wastewater and storm drainage systems. Part 4, Wastewater systems guidelines for design, operating and monitoring, of a total of 5 parts"
micro_IA40244213_0966,2013,2013,2013-01-01T00:00:00Z,exact,"Standards and guidelines for municipal waterworks, wastewater and storm drainage systems. Part 5, Stormwater management guidelines, of a total of 5 parts"
micro_IA40244213_1010,2013,2013,2013-01-01T00:00:00Z,exact,2012 annual report
micro_IA40244213_1094,2013,2013,2013-01-01T00:00:00Z,exact,"A review of potential environmental risks associated with the use of pesticides to treat Atlantic salmon against infestations of sea lice in southwest New Brunswick, Canada"
micro_IA40244213_1180,2013,2013,2013-01-01T00:00:00Z,exact,Monitoring protocols and strategies for selected indicators in the Tarium Niryutait marine protected area (MPA)
micro_IA40244213_1210,2013,2013,2013-01-01T00:00:00Z,exact,"Science advice from the risk assessment of three dreissenid mussels (Dreissena polymorpha, Dreissena rostriformis bugensis, and Mytilopsis leucophaeata) in Canadian freshwater ecosystems"
micro_IA40244213_1214,2013,2013,2013-01-01T00:00:00Z,exact,Chlorfenapyr
micro_IA40244213_1216,2013,2013,2013-01-01T00:00:00Z,exact,D-Phenothrin
micro_IA40244213_1218,2013,2013,2013-01-01T00:00:00Z,exact,"Dried eggs, wintergreen oil, castrol oil, fish meal mixture, fish oil mixture, garlic oil, meat meal mixture, capsaicin and related capsaicinoids"
micro_IA40244213_1220,2013,2013,2013-01-01T00:00:00Z,exact,Trichoderma asperellum strain T34
micro_IA40244213_1222,2013,2013,2013-01-01T00:00:00Z,exact,Garlic powder
micro_IA40244213_1224,2013,2013,2013-01-01T00:00:00Z,exact,Ammonia (present as ammonium sulfate)
micro_IA40244213_1226,2013,2013,2013-01-01T00:00:00Z,exact,Metarhizium anisopliae strain F52
micro_IA40244213_1228,2013,2013,2013-01-01T00:00:00Z,exact,Soybean oil
micro_IA40244213_1230,2013,2013,2013-01-01T00:00:00Z,exact,Fludioxonil
micro_IA40244213_1232,2013,2013,2013-01-01T00:00:00Z,exact,Isoxadifen-ethyl
micro_IA40244213_1234,2013,2013,2013-01-01T00:00:00Z,exact,Tembotrione
micro_IA40244213_1235,2013,2013,2013-01-01T00:00:00Z,exact,Tembotrione
micro_IA40244213_1236,2013,2013,2013-01-01T00:00:00Z,exact,Fluazinam
micro_IA40244213_1238,2013,2013,2013-01-01T00:00:00Z,exact,Clomazone
micro_IA40244213_1240,2013,2013,2013-01-01T00:00:00Z,exact,Novaluron
micro_IA40244213_1242,2013,2013,2013-01-01T00:00:00Z,exact,Methoxyfenozide
micro_IA40244213_1244,2013,2013,2013-01-01T00:00:00Z,exact,Propiconazole
micro_IA40244213_1246,2013,2013,2013-01-01T00:00:00Z,exact,Fenhexamid
micro_IA40244213_1248,2013,2013,2013-01-01T00:00:00Z,exact,Sethoxydim
micro_IA40244213_1250,2013,2013,2013-01-01T00:00:00Z,exact,"Annual report to the Minister of Health : for the fiscal year ending March 31, 2013"
micro_IA40244213_1285,2013,2013,2013-09-01T00:00:00Z,exact,Cypress Health Region: Long term care family experience report
micro_IA40244213_1320,2013,2013,2013-01-01T00:00:00Z,exact,An assessment of life satisfaction responses on recent Statistics Canada surveys
micro_IA40244213_1471,2013,2013,2013-01-01T00:00:00Z,exact,Departmental performance report 2012-13
micro_IA40244213_1490,2013,2013,2013-01-01T00:00:00Z,exact,2012-13 departmental performance report
micro_IA40244213_1498,2013,2013,2013-01-01T00:00:00Z,exact,2012-13 departmental performance report
micro_IA40244213_1515,2013,2013,2013-01-01T00:00:00Z,exact,2012-13 departmental performance report
micro_IA40244213_1543,2013,2013,2013-01-01T00:00:00Z,exact,"2012-13 performance report : for the period ending March 31, 2013"
micro_IA40244213_1551,2013,2013,2013-01-01T00:00:00Z,exact,2012-13 departmental performance report
micro_IA40244213_1562,2013,2013,2013-01-01T00:00:00Z,exact,Dimethenamid
micro_IA40244213_1564,2013,2013,2013-01-01T00:00:00Z,exact,Tebufenozide
micro_IA40244213_1566,2013,2013,2013-01-01T00:00:00Z,exact,Fosetyl-aluminum
micro_IA40244213_1568,2013,2013,2013-01-01T00:00:00Z,exact,Quinoxyfen
micro_IA40244213_1570,2013,2013,2013-01-01T00:00:00Z,exact,Sethoxydim
micro_IA40244213_1572,2013,2013,2013-01-01T00:00:00Z,exact,MCPA
micro_IA40244213_1574,2013,2013,2013-01-01T00:00:00Z,exact,Spirotetramat
micro_IA40244213_1576,2013,2013,2013-01-01T00:00:00Z,exact,Tetraconazole
micro_IA40244213_1578,2013,2013,2013-01-01T00:00:00Z,exact,"2,4-D"
micro_IA40244213_1580,2013,2013,2013-01-01T00:00:00Z,exact,Ethametsulfuron-methyl
micro_IA40244213_1582,2013,2013,2013-01-01T00:00:00Z,exact,Imidacloprid
micro_IA40244213_1584,2013,2013,2013-01-01T00:00:00Z,exact,Garlic juice
micro_IA40244213_1588,2013,2013,2013-01-01T00:00:00Z,exact,Cydia pomonella granulovirus strain M
micro_IA40244213_1590,2013,2013,2013-01-01T00:00:00Z,exact,Quinoxyfen
micro_IA40244213_1770,2013,2013,2013-01-01T00:00:00Z,exact,Let's talk about aging : aging well in Alberta
micro_IA40244213_1878,2013,2013,2013-01-01T00:00:00Z,exact,Anthrax emergency response plan (AERP)
micro_IA40244213_1978,2013,2013,2013-01-01T00:00:00Z,exact,Breastfeeding trends in Canada
micro_IA40244213_1979,2013,2013,2013-01-01T00:00:00Z,exact,Mental and substance use disorders in Canada
micro_IA40244213_1980,2013,2013,2013-01-01T00:00:00Z,exact,"Select health indicators of First Nations people living off reserve, Metis and Inuit"
micro_IA40244213_1981,2013,2013,2013-01-01T00:00:00Z,exact,Vitamin D blood levels of Canadians
micro_IA40244213_2446,2013,2013,2013-01-01T00:00:00Z,exact,Pyrimethanil
micro_IA40244213_2448,2013,2013,2013-01-01T00:00:00Z,exact,Isoxaflutole
micro_IA40244213_2450,2013,2013,2013-01-01T00:00:00Z,exact,Clethodim
micro_IA40244213_2453,2013,2013,2013-01-01T00:00:00Z,exact,Novaluron
micro_IA40244213_2454,2013,2013,2013-01-01T00:00:00Z,exact,Oxyfluorfen
micro_IA40244213_2456,2013,2013,2013-01-01T00:00:00Z,exact,Spinosad
micro_IA40244213_2458,2013,2013,2013-01-01T00:00:00Z,exact,Boscalid
micro_IA40244213_2460,2013,2013,2013-01-01T00:00:00Z,exact,Pyraclostrobin
micro_IA40244213_2462,2013,2013,2013-01-01T00:00:00Z,exact,Boscalid
micro_IA40244213_2464,2013,2013,2013-01-01T00:00:00Z,exact,Lambda-cyhalothrin
micro_IA40244213_2466,2013,2013,2013-01-01T00:00:00Z,exact,Bifenazate
micro_IA40244213_2468,2013,2013,2013-01-01T00:00:00Z,exact,Spinetoram
micro_IA40244213_2470,2013,2013,2013-01-01T00:00:00Z,exact,Pendimethalin
micro_IA40244213_2472,2013,2013,2013-01-01T00:00:00Z,exact,Acequinocyl
micro_IA40244213_2474,2013,2013,2013-01-01T00:00:00Z,exact,Fosetyl-aluminum
micro_IA40244213_2476,2013,2013,2013-01-01T00:00:00Z,exact,Glufosinate-ammonium
micro_IA40244213_2478,2013,2013,2013-01-01T00:00:00Z,exact,"2,4-D"
micro_IA40244213_2480,2013,2013,2013-01-01T00:00:00Z,exact,Abamectin
micro_IA40244213_2482,2013,2013,2013-01-01T00:00:00Z,exact,Fluazinam
micro_IA40244213_2484,2013,2013,2013-01-01T00:00:00Z,exact,Metalaxyl
micro_IA40244213_2486,2013,2013,2013-01-01T00:00:00Z,exact,Dimethenamid
micro_IA40244213_2488,2013,2013,2013-01-01T00:00:00Z,exact,Chlorantraniliprole
micro_IA40244213_2490,2013,2013,2013-01-01T00:00:00Z,exact,Quizalofop-ethyl
micro_IA40244213_2492,2013,2013,2013-01-01T00:00:00Z,exact,Clomazone
micro_IA40244213_2494,2013,2013,2013-01-01T00:00:00Z,exact,Azoxystrobin
micro_IA40244213_2809,2013,2013,2013-01-01T00:00:00Z,exact,Imazethapyr
micro_IA40244213_2811,2013,2013,2013-01-01T00:00:00Z,exact,Imazamox
micro_IA40244213_2813,2013,2013,2013-01-01T00:00:00Z,exact,Thiamethoxam
micro_IA40244213_2815,2013,2013,2013-01-01T00:00:00Z,exact,S-metolachlor
micro_IA40244213_2817,2013,2013,2013-01-01T00:00:00Z,exact,Benoxacor
micro_IA40244213_2819,2013,2013,2013-01-01T00:00:00Z,exact,Myclobutanil
micro_IA40244213_2821,2013,2013,2013-01-01T00:00:00Z,exact,Acetamiprid
micro_IA40244213_2823,2013,2013,2013-01-01T00:00:00Z,exact,Fluazinam
micro_IA40244213_2825,2013,2013,2013-01-01T00:00:00Z,exact,Tembotrione
micro_IA40244213_2827,2013,2013,2013-01-01T00:00:00Z,exact,Hydrogen peroxide
micro_IA40244213_2829,2013,2013,2013-01-01T00:00:00Z,exact,Metallic copper
micro_IA40244213_2831,2013,2013,2013-01-01T00:00:00Z,exact,Streptomyces acidiscabies strain RL-110 and Thaxtomin A
micro_IA40244213_2835,2013,2013,2013-01-01T00:00:00Z,exact,Amitraz
micro_IA40244213_2957,2013,2013,2013-01-01T00:00:00Z,exact,Nucleopolyhedrovirus for gypsy moth larvae
micro_IA40244213_2959,2013,2013,2013-01-01T00:00:00Z,exact,P-Chloro-m-cresol and sodium p-Chloro-m-cresolate
micro_IA40244213_2961,2013,2013,2013-01-01T00:00:00Z,exact,Paclobutrazol
micro_IA40244213_2963,2013,2013,2013-01-01T00:00:00Z,exact,Clofentezine
micro_IA40244213_2965,2013,2013,2013-01-01T00:00:00Z,exact,Ipconazole
micro_IA40244213_2967,2013,2013,2013-01-01T00:00:00Z,exact,Cyantraniliprole
micro_IA40244213_2969,2013,2013,2013-01-01T00:00:00Z,exact,Pyrimethanil
micro_IA40244213_2971,2013,2013,2013-01-01T00:00:00Z,exact,Proposed revisions and updates to specific residue chemistry crop groups
micro_IA40244213_2973,2013,2013,2013-01-01T00:00:00Z,exact,Special review initiation of 23 active ingredients
micro_IA40244213_2975,2013,2013,2013-01-01T00:00:00Z,exact,Re-evaluation project plan for fludioxonil
micro_IA40244213_2977,2013,2013,2013-01-01T00:00:00Z,exact,Re-evaluation project plan for clethodim
micro_IA40244213_2979,2013,2013,2013-01-01T00:00:00Z,exact,Re-evaluation project plan for pyridaben
micro_IA40244213_2981,2013,2013,2013-01-01T00:00:00Z,exact,Re-evaluation project plan for quinclorac
micro_IA40244213_2983,2013,2013,2013-01-01T00:00:00Z,exact,Re-evaluation project plan for fomesafen
micro_IA40244213_2985,2013,2013,2013-01-01T00:00:00Z,exact,Re-evaluation project plan for chlorimuron ethyl
micro_IA40244213_2989,2013,2013,2013-01-01T00:00:00Z,exact,Re-evaluation update for neonicotinoid insecticides
micro_IA40244213_2991,2013,2013,2013-01-01T00:00:00Z,exact,Re-evaluation project plan for cyromazine
micro_IA40244213_2993,2013,2013,2013-01-01T00:00:00Z,exact,Re-evaluation project plan for clodinafop propargyl
micro_IA40244213_2995,2013,2013,2013-01-01T00:00:00Z,exact,Proposed approach to special reviews : consultation document
micro_IA40244213_3132,2013,2013,2013-01-01T00:00:00Z,exact,"Quarter 3 financial report : for the period ended September 30, 2013"
micro_IA40244213_3146,2013,2013,2013-01-01T00:00:00Z,exact,2012 annual report : Public Employees Dental Fund
micro_IA40244213_3151,2013,2013,2013-01-01T00:00:00Z,exact,Annual business plan 2012-2013
micro_IA40244213_3152,2013,2013,2013-01-01T00:00:00Z,exact,"A year in review : engaged communities, healthy communities : Central East LHIN 2012-13 annual report"
micro_IA40244213_3155,2013,2013,2013-01-01T00:00:00Z,exact,Creating healthy change : 2012-2013 annual report
micro_IA40244213_3157,2013,2013,2013-01-01T00:00:00Z,exact,Annual report 2012-2013 : transforming health care across North Simcoe Muskoka
micro_IA40244213_3163,2013,2013,2013-01-01T00:00:00Z,exact,Partnership in action : building a local health system for all : annual report 2012/13
micro_IA40244213_3164,2013,2013,2013-01-01T00:00:00Z,exact,"Annual report 2012-2013 : leading a high quality, integrated health system for our resdients"
micro_IA40244213_3173,2013,2013,2013-01-01T00:00:00Z,exact,North East Local Health Integration Network : 2012/13 annual report
micro_IA40244213_3177,2013,2013,2013-01-01T00:00:00Z,exact,Integration in action : shaping a healthier future together : Mississauga Halton Local Health Integration Network annual report 2012-2013
micro_IA40244213_3182,2013,2013,2013-01-01T00:00:00Z,exact,2012-2013 annual report
micro_IA40244213_3201,2013,2013,2013-01-01T00:00:00Z,exact,2012-13 annual report
micro_IA40244213_3215,2013,2013,2013-01-01T00:00:00Z,exact,"Best care, right place, right time : 2012-2013 annual report"
micro_IA40244213_3241,2013,2013,2013-01-01T00:00:00Z,exact,Manitoba budget 2013
micro_IA40244213_3243,2013,2013,2013-01-01T00:00:00Z,exact,Annual report 2012-2013
micro_IA40244213_3244,2013,2013,2013-01-01T00:00:00Z,exact,Annual report 2012-2013
micro_IA40244213_3265,2013,2013,2013-01-01T00:00:00Z,exact,"The Province of Manitoba annual report : for the year ended March 31, 2013 = Province du Manitoba rapport annuel : pour l'exercise termine le 31 mars, 2013"
micro_IA40244213_3269,2013,2013,2013-01-01T00:00:00Z,exact,2013/14 quarterly financial report : April to June 2013
micro_IA40244213_3270,2013,2013,2013-01-01T00:00:00Z,exact,2013/14 quarterly financial report : April to September 2013
micro_IA40244213_3296,2013,2013,2013-01-01T00:00:00Z,exact,LMAPD report 2012-2013
micro_IA40244213_3332,2013,2013,2013-01-01T00:00:00Z,exact,Aquatic ecosystem assessments for rivers
micro_IA40244213_3468,2013,2013,2013-01-01T00:00:00Z,exact,Spinetoram
micro_IA40244213_3545,2013,2013,2013-01-01T00:00:00Z,exact,Annual performance report : 2012-2013
micro_IA40244213_3785,2013,2013,2013-01-01T00:00:00Z,exact,Women's Directorate strategic plan 2013-2018
micro_IA40244213_3797,2013,2013,2013-01-01T00:00:00Z,exact,Toronto 2014 budget : budget at a glance
micro_IA40244213_3799,2013,2013,2013-01-01T00:00:00Z,exact,2013-2022 capital budget and plan summary
micro_IA40244214_0104,2013,2013,2013-01-01T00:00:00Z,exact,Report on the budget 2014 consultations
micro_IA40244214_0912,2013,2013,2013-01-01T00:00:00Z,exact,"Reasons for decision : Melanie Paquet et al., complainants, and Air Canada, respondent"
micro_IA40244214_1056,2013,2013,2013-01-01T00:00:00Z,exact,The state of the Scotian Shelf report
micro_IA40244214_1087,2013,2013,2013-01-01T00:00:00Z,exact,"Starting early, starting strong : Manitoba's early childhood development framework"
micro_IA40244214_1093,2013,2013,2013-01-01T00:00:00Z,exact,Growing up ok!
micro_IA40244214_1102,2013,2013,2013-01-01T00:00:00Z,exact,Five year plan : 2014-2018
micro_IA40244214_1118,2013,2013,2013-01-01T00:00:00Z,exact,2013/14 quarterly financial report : April to December 2013
micro_IA40244214_1352,2013,2013,2013-01-01T00:00:00Z,exact,Paying hospital-based doctors : fee for whose service?
micro_IA40244214_1356,2013,2013,2013-01-01T00:00:00Z,exact,Capturing value from health technologies in lean times
micro_IA40244214_1379,2013,2013,2013-01-01T00:00:00Z,exact,"The bulletin. Volume 8, issue 3 (winter 2013)"
micro_IA40244214_1396,2013,2013,2013-01-01T00:00:00Z,exact,"Chronic diseases and injuries in Canada. Volume 33, number 3 (June 2013)"
micro_IA40244214_1397,2013,2013,2013-01-01T00:00:00Z,exact,"Chronic diseases and injuries in Canada. Volume 33, number 4 (September 2013)"
micro_IA40244214_1518,2013,2013,2013-01-01T00:00:00Z,exact,"Paramedicine in Ontario : consideration of the application for the regulation of paramedics under the Regulated Health Professions Act, 1991"
micro_IA40244214_1546,2013,2013,2013-01-01T00:00:00Z,exact,Supporting minds : an educator's guide to promoting students' mental health and well-being
micro_IA40244214_1592,2013,2013,2013-01-01T00:00:00Z,exact,2010-11 annual report
micro_IA40244214_1594,2013,2013,2013-01-01T00:00:00Z,exact,2011-2012 annual report
micro_IA40244214_1609,2013,2013,2013-01-01T00:00:00Z,exact,2013 yearly report on Ontario's health system
micro_IA40244214_1619,2013,2013,2013-01-01T00:00:00Z,exact,A policy guide for creating community-based specialty clinics
micro_IA40244214_1743,2013,2013,2013-01-01T00:00:00Z,exact,South West Local Health Integration Network annual report 2012-13
micro_IA40244214_1850,2013,2013,2013-01-01T00:00:00Z,exact,"Ceptor animal health news. Volume 21, issue no. 4 (November 2013)"
micro_IA40244214_1851,2013,2013,2013-01-01T00:00:00Z,exact,"Ceptor animal health news. Volume 21, issue no. 3 (July 2013)"
micro_IA40244214_1852,2013,2013,2013-01-01T00:00:00Z,exact,"Ceptor animal health news. Volume 21, issue no. 2 (March 2013)"
micro_IA40244214_1853,2013,2013,2013-01-01T00:00:00Z,exact,"Ceptor animal health news. Volume 21, issue no. 1 (January 2013)"
micro_IA40244214_1868,2013,2013,2013-01-01T00:00:00Z,exact,Annual report 2012-13
micro_IA40244214_1869,2013,2013,2013-01-01T00:00:00Z,exact,2012/13 annual report
micro_IA40244214_2357,2013,2013,2013-01-01T00:00:00Z,exact,2012-13 annual report
micro_IA40244214_2448,2013,2013,2013-01-01T00:00:00Z,exact,"Using fuzzy cost-based FMEA, GRA and profitability theory for minimizing failures at a healthcare diagnosis service"
micro_IA40244214_2518,2013,2013,2013-01-01T00:00:00Z,exact,"International Covenant on Economic, Social and Cultural Rights : sixth report of Canadac. Covering the period January 2005-December 2009"
micro_IA40244214_2651,2013,2013,2013-01-01T00:00:00Z,exact,Rapport annuel 2012-2013 : du 1er avril 2012 au 31 mars 2013
micro_IA40244214_2659,2013,2013,2013-01-01T00:00:00Z,exact,Annual statistics : 2012-2013
micro_IA40244214_2660,2013,2013,2013-01-01T00:00:00Z,exact,"Population report : June 1, 2013"
micro_IA40244214_2738,2013,2013,2013-01-01T00:00:00Z,exact,Modelling risk factor information for linked census data the case of smoking
micro_IA40244214_2740,2013,2013,2013-01-01T00:00:00Z,exact,Self-monitoring of blood glucose in type 2 diabetes results of the 2011 Survey on Living with Chronic Diseases in Canada
micro_IA40244214_2742,2013,2013,2013-01-01T00:00:00Z,exact,Cause-specific mortality by income adequacy in Canada a 16-year follow-up study
micro_IA40244214_2744,2013,2013,2013-01-01T00:00:00Z,exact,Acute myocardial infarction hospitalization and treatment areas with a high percentage of first nations identiy residents
micro_IA40244214_2748,2013,2013,2013-01-01T00:00:00Z,exact,Validation of an index to estimate the prevalence of frailty among community-dwelling seniors
micro_IA40244214_2750,2013,2013,2013-01-01T00:00:00Z,exact,Perceived need for mental health care in Canada results from the 2012 Canadian Community Health Survey-Mental Health
micro_IA40244214_2752,2013,2013,2013-01-01T00:00:00Z,exact,Urinary incontinence and loneliness in Canadian seniors
micro_IA40244214_2754,2013,2013,2013-01-01T00:00:00Z,exact,Development of a population-based microsimulation model of physical activity in Canada
micro_IA40244214_2756,2013,2013,2013-01-01T00:00:00Z,exact,Seroprevalence of hepatitis B and C virus infections Results from the 2007 to 2009 and 2009 to 2011 Canadian Health Measures Survey
micro_IA40244214_2757,2013,2013,2013-01-01T00:00:00Z,exact,"Seroprevalence des infections par le virus de l'hepatite B et par le virus de l'hepatite C resultats de l'Enquete canadienne sur les mesures de la sante, 2007 a 2009 et 2009 a 2011"
micro_IA40244214_2758,2013,2013,2013-01-01T00:00:00Z,exact,Longitudinal trajectories of sleep duration in the general population
micro_IA40244214_2760,2013,2013,2013-01-01T00:00:00Z,exact,"An age- and cause-decomposition of differences in life expectancy between residents of Inuit Nunangat and residents of the rest of Canada, 1989 to 2008"
micro_IA40244214_2832,2013,2013,2013-01-01T00:00:00Z,exact,2012-2013 annual report
micro_IA40244214_2965,2013,2013,2013-01-01T00:00:00Z,exact,Annual report 2012
micro_IA40244214_2980,2013,2013,2013-01-01T00:00:00Z,exact,2012 annual report
micro_IA40244214_2993,2013,2013,2013-01-01T00:00:00Z,exact,Seasonal influenza in Alberta : 2012/2013 season
micro_IA40244214_3003,2013,2013,2013-01-01T00:00:00Z,exact,Seasonal influenza in Alberta : 2012/2013 season
micro_IA40244214_3051,2013,2013,2013-01-01T00:00:00Z,exact,Canada Health Act : annual report 2012-2013
micro_IA40244214_3056,2013,2013,2013-01-01T00:00:00Z,exact,2013-14 report on plans and priorities
micro_IA40244214_3162,2013,2013,2013-01-01T00:00:00Z,exact,2014-2023 capital budget and plan corporate report
micro_IA40244214_3304,2013,2013,2013-01-01T00:00:00Z,exact,Family violence hurts everyone : a framework to end family violence in Alberta
micro_IA40244214_3332,2013,2013,2013-01-01T00:00:00Z,exact,Annual report 2012-2013
micro_IA40244214_3341,2013,2013,2013-01-01T00:00:00Z,exact,2012-2013 annual report
micro_IA40244214_3352,2013,2013,2013-01-01T00:00:00Z,exact,Annual report 2012-2013
micro_IA40244214_3357,2013,2013,2013-01-01T00:00:00Z,exact,Health care and social assistance industry
micro_IA40244214_3446,2013,2013,2013-01-01T00:00:00Z,exact,"Sector planning for water conservation, efficiency and productivity"
micro_IA40244214_3447,2013,2013,2013-01-01T00:00:00Z,exact,Riparian land conservation and management report and recommendations
micro_IA40244214_3635,2013,2013,2013-01-01T00:00:00Z,exact,Working for Canadians
micro_IA40244214_3728,2013,2013,2013-01-01T00:00:00Z,exact,Strategic plan 2014-2019
micro_IA40244215_0067,2013,2013,2013-01-01T00:00:00Z,exact,Ethylene oxide
micro_IA40244215_0089,2013,2013,2013-01-01T00:00:00Z,exact,"CIHI annual report 2012-2013 : better data, better decisions, healthier Canadians"
micro_IA40244215_0607,2013,2013,2013-01-01T00:00:00Z,exact,Monitoring the state of the St. Lawrence River : benthic macroinvertebrate communities : an indicator of water quality and aquatic ecosystem health in the St. Lawrence River
micro_IA40244215_0867,2013,2013,2013-01-01T00:00:00Z,exact,Evaluation of the Veterinary Drugs Program 1999 to 2012
micro_IA40244215_0910,2013,2013,2013-01-01T00:00:00Z,exact,Health care cost drivers
micro_IA40244215_0963,2013,2013,2013-01-01T00:00:00Z,exact,"Annual report, 2012-2013"
micro_IA40244215_1042,2013,2013,2013-01-01T00:00:00Z,exact,2013/14-2015/16 service plan
micro_IA40244215_1103,2013,2013,2013-01-01T00:00:00Z,exact,"Aboriginal health research news. Vol. 2, no. 9 (December 2013)"
micro_IA40244215_1104,2013,2013,2013-01-01T00:00:00Z,exact,"Aboriginal health research news. Vol. 2, no. 8 (October 2013)"
micro_IA40244215_1105,2013,2013,2013-01-01T00:00:00Z,exact,"Aboriginal health research news. Vol. 2, no. 7 (September 2013)"
micro_IA40244215_1158,2013,2013,2013-01-01T00:00:00Z,exact,"Aboriginal health research news. Vol. 2, no. 6 (July 2013)"
micro_IA40244215_1159,2013,2013,2013-01-01T00:00:00Z,exact,"Aboriginal health research news. Vol. 2, no. 5 (June 2013)"
micro_IA40244215_1160,2013,2013,2013-01-01T00:00:00Z,exact,"Aboriginal health research news. Vol. 2, no. 4 (May 2013)"
micro_IA40244215_1161,2013,2013,2013-01-01T00:00:00Z,exact,"Aboriginal health research news. Vol. 2, no. 3 (April 2013)"
micro_IA40244215_1162,2013,2013,2013-01-01T00:00:00Z,exact,"Aboriginal health research news. Vol. 2, no. 2 (February 2013)"
micro_IA40244215_1247,2013,2013,2013-01-01T00:00:00Z,exact,Ahead of the curve : 2013 annual report
micro_IA40244215_1476,2013,2013,2013-01-01T00:00:00Z,exact,Canadian beef cattle on-farm biosecurity standard : implementation manual
micro_IA40244215_1478,2013,2013,2013-01-01T00:00:00Z,exact,Biosecurity for Canadian dairy farms : producer planning guide
micro_IA40244215_1529,2013,2013,2013-01-01T00:00:00Z,exact,Bumblebee sector guide to the national bee farm-level biosecurity standard
micro_IA40244215_1530,2013,2013,2013-01-01T00:00:00Z,exact,Honey bee producer guide to the national bee farm-level biosecurity standard
micro_IA40244215_1531,2013,2013,2013-01-01T00:00:00Z,exact,Producer guide to the national farm-level biosecurity standard for potato growers : a guide to developing your farm biosecurity plan
micro_IA40244215_1539,2013,2013,2013-01-01T00:00:00Z,exact,Biosecurity planning guide for Canadian goat producers
micro_IA40244215_1549,2013,2013,2013-01-01T00:00:00Z,exact,Alfalfa leafcutting bee producer guide to the national bee farm-level biosecurity standard
micro_IA40244215_1692,2013,2013,2013-01-01T00:00:00Z,exact,2012-13 departmental performance report
micro_IA40244215_2705,2013,2013,2013-12-06T00:00:00Z,exact,Alberta Continuing Care Health Service Standards: Mackenzie Towne Continuing Care LTC Compliance Report
micro_IA40244215_2891,2013,2013,2013-01-01T00:00:00Z,exact,2012-13 annual report
micro_IA40244215_3008,2013,2013,2013-01-01T00:00:00Z,exact,GNWT implementation report on its commitments under the Snap Lake Diamond Project Socio-economic Agreement : annual status report for 2012
micro_IA40244215_3009,2013,2013,2013-01-01T00:00:00Z,exact,GNWT implementation report on its commitments under the Snap Lake Diamond Project Socio-economic Agreement : annual status report for 2011
micro_IA40244215_3166,2013,2013,2013-01-01T00:00:00Z,exact,Annual report 2012-2013
micro_IA40244215_3175,2013,2013,2013-01-01T00:00:00Z,exact,Annual report on the Privacy Act 2012-13 = rapport annuel concernant la Loi sur la protection des renseignements personnels 2012-2013
micro_IA40244215_3177,2013,2013,2013-01-01T00:00:00Z,exact,"Manitoba annual summary of communicable diseases 2013 : January 1, 2013 to December 31, 2013 with 5-year average comparison (January 1, 2008 to December 31, 2012)"
micro_IA40244215_3178,2013,2013,2013-01-01T00:00:00Z,exact,"Manitoba Health annual influenza report, 2012/2013 : July 1, 2012-June 30, 2013"
micro_IA40244215_3187,2013,2013,2013-01-01T00:00:00Z,exact,"CCDR. (October 2013) volume 39, ACS-4"
micro_IA40244215_3188,2013,2013,2013-01-01T00:00:00Z,exact,"RMTC. (Octobre 2013) volume 39, DCC-4"
micro_IA40244215_3385,2013,2013,2013-01-01T00:00:00Z,exact,Health : annual report 2012/2013
micro_IA40244215_3752,2013,2013,2013-01-01T00:00:00Z,exact,"Canadian biosafety standards and guidelines for facilities handling human and terrestrial animal pathogens, prions, and biological toxins"
micro_IA40244215_3767,2013,2013,2013-01-01T00:00:00Z,exact,"Manitoba Health : annual statistical update on HIV and AIDS, 2012 : data reported to December 31, 2012"
micro_IA40244216_0361,2013,2013,2013-01-01T00:00:00Z,exact,2012 public service annual report
micro_IA40244216_0364,2013,2013,2013-01-01T00:00:00Z,exact,Northwest Territories hospitalization report
micro_IA40244216_0413,2013,2013,2013-01-01T00:00:00Z,exact,Continuing care review
micro_IA40244216_0414,2013,2013,2013-01-01T00:00:00Z,exact,"Report on the Dehcho sharing circle : September 10-11, 2013, Ford Liard, Northwest Territories"
micro_IA40244216_0415,2013,2013,2013-01-01T00:00:00Z,exact,Making the case for change : advancing the NWT chronic disease management survey
micro_IA40244216_0492,2013,2013,2013-01-01T00:00:00Z,exact,Department of Health and Social Services
micro_IA40244216_0576,2013,2013,2013-01-01T00:00:00Z,exact,Rimsulfuron
micro_IA40244216_0669,2013,2013,2013-01-01T00:00:00Z,exact,"Alberta health care insurance plan statistical supplement, 2011-2012"
micro_IA40244216_0841,2013,2013,2013-01-01T00:00:00Z,exact,Annual report 2012-2013
micro_IA40244216_0866,2013,2013,2013-01-01T00:00:00Z,exact,"Canada at a glance, 2013"
micro_IA40244216_1613,2013,2013,2013-01-01T00:00:00Z,exact,Corporate plan 2014
micro_IA40244216_1824,2013,2013,2013-01-01T00:00:00Z,exact,Annual report 2012/13
micro_IA40244216_1848,2013,2013,2013-01-01T00:00:00Z,exact,"Annual report 2012-2013 : (fiscal period--April 1, 2012 to March 31, 2013)"
micro_IA40244216_2142,2013,2013,2013-01-01T00:00:00Z,exact,Budget address
micro_IA40244216_2883,2013,2013,2013-01-01T00:00:00Z,exact,HIV : annual report 2012
micro_IA40244216_2887,2013,2013,2013-01-01T00:00:00Z,exact,STI : annual report 2011
micro_IA40244216_2896,2013,2013,2013-01-01T00:00:00Z,exact,Provincial response to the resolutions of the 2012 Union of British Columbia Municipalities Convention
micro_IA40244216_3222,2013,2013,2013-01-01T00:00:00Z,exact,"2012/13 annual report : fiscal year April 1, 2012 to March 31, 2013"
micro_IA40244216_3631,2013,2013,2013-01-01T00:00:00Z,exact,Annual report 2013
micro_IA40244216_3632,2013,2013,2013-01-01T00:00:00Z,exact,Annual report 2014
micro_IA40244241_0040,2013,2013,2013-01-01T00:00:00Z,exact,2012/13 annual report and 2013/14-2014/15 service plan
micro_IA40424216_0088,2013,2013,2013-01-01T00:00:00Z,exact,Sante Estrie : bulletin d'information du reseau de la sante et des services sociaux de l'Estrie. 11/2013
micro_IA40242401_0333,2014,2014,2014-01-01T00:00:00Z,exact,"FluWatch. Week 01 (December 29 to 4 January, 2014)"
micro_IA40242401_0334,2014,2014,2014-01-01T00:00:00Z,exact,"FluWatch. Week 02 (5 to 11 January, 2014)"
micro_IA40242401_0335,2014,2014,2014-01-01T00:00:00Z,exact,"FluWatch. Week 03 (12 to 18 January, 2014)"
micro_IA40242401_0336,2014,2014,2014-01-01T00:00:00Z,exact,"FluWatch. Week 04 (19 to 25 January, 2014)"
micro_IA40242401_0337,2014,2014,2014-01-01T00:00:00Z,exact,"FluWatch. Week 05 (26 January to 1 February, 2014)"
micro_IA40242401_0338,2014,2014,2014-01-01T00:00:00Z,exact,"FluWatch. Week 06 (2 to 8 February, 2014)"
micro_IA40242401_0339,2014,2014,2014-01-01T00:00:00Z,exact,"FluWatch. Week 07 (9 to 15 February, 2014)"
micro_IA40242401_0340,2014,2014,2014-02-16T00:00:00Z,exact,Fluwatch: Overall influenza summary
micro_IA40242401_0341,2014,2014,2014-01-01T00:00:00Z,exact,"FluWatch. Week 09 (23 February to 1 March, 2014)"
micro_IA40242401_0342,2014,2014,2014-01-01T00:00:00Z,exact,"FluWatch. Week 10 (2 to 8 March, 2014)"
micro_IA40242401_0343,2014,2014,2014-01-01T00:00:00Z,exact,"FluWatch. Week 11 (9 to 15 March, 2014)"
micro_IA40242401_0344,2014,2014,2014-01-01T00:00:00Z,exact,"FluWatch. Week 12 (16 to 22 March, 2014)"
micro_IA40242401_0345,2014,2014,2014-01-01T00:00:00Z,exact,"FluWatch. Week 13 (23 to 29 March, 2014)"
micro_IA40242401_0346,2014,2014,2014-01-01T00:00:00Z,exact,"FluWatch. Week 14 (30 March to 5 April, 2014)"
micro_IA40242401_0347,2014,2014,2014-01-01T00:00:00Z,exact,"FluWatch. Week 15 (6 to 12 April, 2014)"
micro_IA40242401_0348,2014,2014,2014-01-01T00:00:00Z,exact,"FluWatch. Week 16 (13 to 19 April, 2014)"
micro_IA40242401_0349,2014,2014,2014-01-01T00:00:00Z,exact,"FluWatch. Week 17 (20 to 26 April, 2014)"
micro_IA40242401_0350,2014,2014,2014-01-01T00:00:00Z,exact,"FluWatch. Week 18 (27 April to 3 May, 2014)"
micro_IA40242401_0351,2014,2014,2014-01-01T00:00:00Z,exact,"FluWatch. Week 19 (4 to 10 May, 2014)"
micro_IA40242401_0352,2014,2014,2014-01-01T00:00:00Z,exact,"FluWatch. Weeks 23 & 24 (1 to 14 June, 2014)"
micro_IA40242401_0353,2014,2014,2014-01-01T00:00:00Z,exact,"FluWatch. Weeks 25 & 26 (15 to 28 June, 2014)"
micro_IA40242401_0354,2014,2014,2014-01-01T00:00:00Z,exact,"FluWatch. Weeks 27 & 28 (29 June to 12 July, 2014)"
micro_IA40242401_0355,2014,2014,2014-01-01T00:00:00Z,exact,"FluWatch. Weeks 29 & 30 (13 to 26 July, 2014)"
micro_IA40242401_0356,2014,2014,2014-01-01T00:00:00Z,exact,"FluWatch. Weeks 31 & 32 (27 July to 9 August, 2014)"
micro_IA40242401_0357,2014,2014,2014-01-01T00:00:00Z,exact,"FluWatch. Weeks 33 & 34 (10 to 23 August, 2014)"
micro_IA40242401_0358,2014,2014,2014-01-01T00:00:00Z,exact,"FluWatch. Weeks 35 & 36 (24 August to 6 September, 2014)"
micro_IA40242401_0359,2014,2014,2014-01-01T00:00:00Z,exact,"FluWatch. Weeks 37 & 38 (7 to 20 September, 2014)"
micro_IA40242401_0360,2014,2014,2014-01-01T00:00:00Z,exact,"FluWatch. Weeks 39 & 40 (21 September to 4 October, 2014)"
micro_IA40242401_0361,2014,2014,2014-01-01T00:00:00Z,exact,"FluWatch. Week 41 (5 to 11 October, 2014)"
micro_IA40242401_0362,2014,2014,2014-01-01T00:00:00Z,exact,"FluWatch. Week 42 (12 to 18 October, 2014)"
micro_IA40242401_0363,2014,2014,2014-01-01T00:00:00Z,exact,"FluWatch. Week 43 (19 to 25 October, 2014)"
micro_IA40242401_0364,2014,2014,2014-01-01T00:00:00Z,exact,"FluWatch. Week 44 (26 October to 1 November, 2014)"
micro_IA40242401_0365,2014,2014,2014-01-01T00:00:00Z,exact,"FluWatch. Week 45 (Novemeber 2 to 8, 2014)"
micro_IA40242401_0366,2014,2014,2014-11-09T00:00:00Z,exact,Fluwatch: Overall influenza summary
micro_IA40242401_0367,2014,2014,2014-01-01T00:00:00Z,exact,"FluWatch. Week 47 (Novemeber 16 to 22, 2014)"
micro_IA40242401_0368,2014,2014,2014-01-01T00:00:00Z,exact,"FluWatch. Week 48 (Novemeber 23 to 29, 2014)"
micro_IA40242401_0369,2014,2014,2014-01-01T00:00:00Z,exact,"FluWatch. Week 49 (Novemeber 30 to December 6, 2014)"
micro_IA40242401_0370,2014,2014,2014-01-01T00:00:00Z,exact,"FluWatch. Week 50 (December 7 to December 13, 2014)"
micro_IA40242401_0371,2014,2014,2014-01-01T00:00:00Z,exact,"FluWatch. Week 51 (December 14 to December 20, 2014)"
micro_IA40242401_0609,2014,2014,2014-01-01T00:00:00Z,exact,"Chronic diseases and injuries in Canada. Volume 34, number 4 (November 2014)"
micro_IA40242401_0610,2014,2014,2014-01-01T00:00:00Z,exact,"Chronic diseases and injuries in Canada. Volume 34, number 2-3 (July 2014)"
micro_IA40242401_0611,2014,2014,2014-01-01T00:00:00Z,exact,"Chronic diseases and injuries in Canada. Volume 34, number 1 (February 2014)"
micro_IA40242401_0666,2014,2014,2014-01-01T00:00:00Z,exact,Annual report 2013-2014 to the Minister of Health
micro_IA40242401_0690,2014,2014,2014-01-01T00:00:00Z,exact,Annual report for 2013-14
micro_IA40242401_0737,2014,2014,2014-01-01T00:00:00Z,exact,The case of the vanishing Quebec physicians : how to improve access to care
micro_IA40242401_0742,2014,2014,2014-01-01T00:00:00Z,exact,Paying for the boomers : long-term care and intergenerational equity
micro_IA40242401_0744,2014,2014,2014-01-01T00:00:00Z,exact,Should public drug plans be based on age or income?
micro_IA40242401_0829,2014,2014,2014-01-01T00:00:00Z,exact,Lost in the system : Jake's story : special investigation report
micro_IA40242401_0861,2014,2014,2014-01-01T00:00:00Z,exact,Annual report for 2013
micro_IA40242401_1031,2014,2014,2014-01-01T00:00:00Z,exact,Annual performance report 2013-14
micro_IA40242401_1951,2014,2014,2014-01-01T00:00:00Z,exact,Annual report 2013/2014
micro_IA40242401_2047,2014,2014,2014-01-01T00:00:00Z,exact,2014 NWT survey of mining employees : report
micro_IA40242401_2437,2014,2014,2014-01-01T00:00:00Z,exact,"Nova Scotia Medical Services Insurance annual statistical tables : 12 months ending March 31, 2014 (with comparative statistics for previous years)"
micro_IA40242401_2729,2014,2014,2014-01-01T00:00:00Z,exact,"The province of Manitoba annual report : for the year ended March 31, 2014 = Province du Manitoba rapport annuel : pour l'exercise termine le 31 mars, 2014"
micro_IA40242401_2769,2014,2014,2014-01-01T00:00:00Z,exact,Sustainability report 2013
micro_IA40242401_2895,2014,2014,2014-01-01T00:00:00Z,exact,"Annual report, April 1, 2013-March 31, 2014"
micro_IA40242401_2911,2014,2014,2014-01-01T00:00:00Z,exact,"Community first : engaged communities, healthy communities : Central East LHIN 2013-14 annual report"
micro_IA40242401_2913,2014,2014,2014-01-01T00:00:00Z,exact,Building capacity through innovation : shaping the future and a better health care system : annual report 2013-2014
micro_IA40242401_2915,2014,2014,2014-01-01T00:00:00Z,exact,"Achieving results, transforming health care : annual report 2013-14"
micro_IA40242401_2922,2014,2014,2014-01-01T00:00:00Z,exact,"Annual report 2013-2014 : (fiscal period--April 1, 2013 to March 31, 2014)"
micro_IA40242401_2983,2014,2014,2014-01-01T00:00:00Z,exact,Changes to various measures concerning individuals or businesses
micro_IA40242401_2986,2014,2014,2014-01-01T00:00:00Z,exact,Review of the tax assistance granted to persons who opt for assisted procreation to become parents
micro_IA40242401_3400,2014,2014,2014-01-01T00:00:00Z,exact,"Annual report of the Chief Inspector of Mines, 2013"
micro_IA40242402_0108,2014,2014,2014-01-01T00:00:00Z,exact,"HIV and AIDS in Canada : surveillance report to December 31, 2013"
micro_IA40242402_0161,2014,2014,2014-01-01T00:00:00Z,exact,"Flash grippe. Volume 5, numero 1 (le vendredi 17 octobre 2014), La saison de la grippe est a nos portes, l'heure est aux preparatifs"
micro_IA40242402_1355,2014,2014,2014-01-01T00:00:00Z,exact,Special review decision : aminopyralid
micro_IA40242402_1357,2014,2014,2014-01-01T00:00:00Z,exact,"Initiation of special reviews : potential environmental risk related to Peponapis pruinosa exposure to clothianidin, imidacloprid and thiamethoxam used on cucurbits"
micro_IA40242402_1589,2014,2014,2014-01-01T00:00:00Z,exact,"Consolidated financial statements. Volume 1, Public accounts for the fiscal year ended 31 March 2014"
micro_IA40242402_1677,2014,2014,2014-01-01T00:00:00Z,exact,South West Local Health Integration Network annual report 2013-2014
micro_IA40242402_1682,2014,2014,2014-01-01T00:00:00Z,exact,Leading transformation through collaboration : 2013-2014 annual report
micro_IA40242402_2523,2014,2014,2014-01-01T00:00:00Z,exact,Screening assessment : aromatic azo and benzidine-based substance grouping : certain diarylide yellow pigments
micro_IA40242402_3120,2014,2014,2014-01-01T00:00:00Z,exact,Better integrated health services for local communities : 2013/2014 annual report
micro_IA40242402_3129,2014,2014,2014-01-01T00:00:00Z,exact,"Annual report 2013-2014 : together, making healthy change happen"
micro_IA40242402_3132,2014,2014,2014-01-01T00:00:00Z,exact,Annual business plan 2014/15
micro_IA40242402_3142,2014,2014,2014-01-01T00:00:00Z,exact,2013/14 annual report
micro_IA40242402_3259,2014,2014,2014-01-01T00:00:00Z,exact,"Financial statements of Forensic Psychiatric Services Commission : year ended March 31, 2014"
micro_IA40242402_3264,2014,2014,2014-01-01T00:00:00Z,exact,2014/15-2016/17 service plan
micro_IA40242402_3315,2014,2014,2014-01-01T00:00:00Z,exact,WSIB 2014 premium rates manual
micro_IA40242403_0008,2014,2014,2014-01-01T00:00:00Z,exact,"Arraagutamaarsiutiit tusartisigutiit 2013-2014 : airiri 1, 2013-mit muutji 31, 2014-mut"
micro_IA40242403_0278,2014,2014,2014-01-01T00:00:00Z,exact,Annual report 2013-2014
micro_IA40242403_0300,2014,2014,2014-01-01T00:00:00Z,exact,HIV and AIDS in Saskatchewan 2013
micro_IA40242403_0483,2014,2014,2014-01-01T00:00:00Z,exact,Special review of imazapyr : proposed decision for consultation
micro_IA40242403_0484,2014,2014,2014-01-01T00:00:00Z,exact,Special review of quintozene : proposed decision for consultation
micro_IA40242403_0729,2014,2014,2014-01-01T00:00:00Z,exact,Business plan 2014-17
micro_IA40242403_0738,2014,2014,2014-01-01T00:00:00Z,exact,"Alberta retail food prices : selected communities, November 2014"
micro_IA40242403_0739,2014,2014,2014-01-01T00:00:00Z,exact,"Alberta retail food prices : selected communities, June 2014"
micro_IA40242403_0983,2014,2014,2014-01-01T00:00:00Z,exact,Phlebiopsis gigantea strain VRA 1992
micro_IA40242403_1016,2014,2014,2014-01-01T00:00:00Z,exact,General principles for performing aggregate exposure and risk assessments
micro_IA40242403_1017,2014,2014,2014-01-01T00:00:00Z,exact,Estimating dislodgeable foliar residues and turf transferrable residues in occupational and residential postapplication exposure assessments
micro_IA40242403_1025,2014,2014,2014-01-01T00:00:00Z,exact,2013-2014 annual report
micro_IA40242403_1029,2014,2014,2014-01-01T00:00:00Z,exact,Public Health Appeal Board 2013 annual report
micro_IA40242403_1051,2014,2014,2014-01-01T00:00:00Z,exact,2014-2015 business plan
micro_IA40242403_1159,2014,2014,2014-01-01T00:00:00Z,exact,Business plan 2014/15-2016/17
micro_IA40242403_1563,2014,2014,2014-01-01T00:00:00Z,exact,New Brunswick's wellness strategy 2014-2021 : the heart of our future
micro_IA40242403_1565,2014,2014,2014-01-01T00:00:00Z,exact,New Brunswick's wellness strategy : Wellness Branch action plan (2014-2015)
micro_IA40242403_1755,2014,2014,2014-01-01T00:00:00Z,exact,Approach to special reviews
micro_IA40242403_1756,2014,2014,2014-01-01T00:00:00Z,exact,Revisions and updates to specific residue chemistry crop groups
micro_IA40242403_2000,2014,2014,2014-01-01T00:00:00Z,exact,2013-14 departmental performance report
micro_IA40242403_2257,2014,2014,2014-01-01T00:00:00Z,exact,A review of the ecological role of forage fish and management strategies
micro_IA40242403_2270,2014,2014,2014-01-01T00:00:00Z,exact,"Tidal analysis in Little Port Joli Basin, Kejimkujik National Park Seaside, NS : before and after removal of bridge and causeway"
micro_IA40242403_2271,2014,2014,2014-01-01T00:00:00Z,exact,The marine community in a nearshore rocky habitat in Nova Scotia
micro_IA40242403_2909,2014,2014,2014-01-01T00:00:00Z,exact,Updated agricultural transfer coefficients for assessing occupational postapplication exposure to pesticides
micro_IA40242403_3178,2014,2014,2014-01-01T00:00:00Z,exact,Annual report 2013-2014
micro_IA40242403_3650,2014,2014,2014-01-01T00:00:00Z,exact,Forest health and adaptation in Alberta : annual report 2013
micro_IA40242404_0025,2014,2014,2014-01-01T00:00:00Z,exact,Nova Scotia Public Service Superannuation Plan : 2013-2014 annual report
micro_IA40242404_0505,2014,2014,2014-01-01T00:00:00Z,exact,Seniors programs and services : information guide 2014-2015
micro_IA40242404_0522,2014,2014,2014-01-01T00:00:00Z,exact,Annual report 2013-2014
micro_IA40242404_1966,2014,2014,2014-01-01T00:00:00Z,exact,Inuit health : selected findings from the 2012 Aboriginal Peoples Survey
micro_IA40242404_2099,2014,2014,2014-01-01T00:00:00Z,exact,"Manitoba Health, Healthy Living & Seniors population report : June 1, 2014"
micro_IA40242404_2781,2014,2014,2014-01-01T00:00:00Z,exact,"Transforming Ontario's health care system for the future : annual report April 1, 2013 to March 31, 2014"
micro_IA40242404_2783,2014,2014,2014-01-01T00:00:00Z,exact,Health Professions Regulatory Advisory Council: Annual report / Conseil consultatif sur la reglementation des professions ...
micro_IA40242405_0172,2014,2014,2014-01-01T00:00:00Z,exact,"Financial statements : for the year ended March 31, 2014"
micro_IA40242405_2692,2014,2014,2014-01-01T00:00:00Z,exact,A portfolio for health innovation : Canadian Institutes of Health Research annual report 2013-14
micro_IA40244213_2833,2014,2014,2014-01-01T00:00:00Z,exact,Penthiopyrad
micro_IA40244213_3615,2014,2014,2014-01-01T00:00:00Z,exact,Bison Control Area Program annual report : December 2011-April 2012 : South Slave Region
micro_IA40244213_3617,2014,2014,2014-01-01T00:00:00Z,exact,Bromoxynil
micro_IA40244213_3619,2014,2014,2014-01-01T00:00:00Z,exact,Fludioxonil
micro_IA40244213_3621,2014,2014,2014-01-01T00:00:00Z,exact,Azoxystrobin
micro_IA40244213_3623,2014,2014,2014-01-01T00:00:00Z,exact,Difenoconazole
micro_IA40244213_3625,2014,2014,2014-01-01T00:00:00Z,exact,Sedaxane
micro_IA40244213_3627,2014,2014,2014-01-01T00:00:00Z,exact,Fenpropidin
micro_IA40244213_3629,2014,2014,2014-01-01T00:00:00Z,exact,Sethoxydim
micro_IA40244213_3631,2014,2014,2014-01-01T00:00:00Z,exact,Methoxyfenozide
micro_IA40244214_0639,2014,2014,2014-01-01T00:00:00Z,exact,2014-15 report on plans and priorities
micro_IA40244214_0647,2014,2014,2014-01-01T00:00:00Z,exact,2014-15 report on plans and priorities
micro_IA40244214_0723,2014,2014,2014-01-01T00:00:00Z,exact,"Review of the Eastport marine protected area monitoring indicators, protocols and strategies"
micro_IA40244214_0733,2014,2014,2014-01-01T00:00:00Z,exact,2014-15 report on plans and priorities
micro_IA40244214_1024,2014,2014,2014-01-01T00:00:00Z,exact,"Canadian survey on disability, 2012 : concepts and methods guides"
micro_IA40244214_1100,2014,2014,2014-01-01T00:00:00Z,exact,A review of the ecological role of forage fish and management strategies
micro_IA40244214_1101,2014,2014,2014-01-01T00:00:00Z,exact,2013 annual report
micro_IA40244214_1109,2014,2014,2014-01-01T00:00:00Z,exact,"Guide to field crop protection 2014 : weeds, plant diseases, insects"
micro_IA40244214_1120,2014,2014,2014-01-01T00:00:00Z,exact,Manitoba tuberculosis protocol
micro_IA40244214_1331,2014,2014,2014-01-01T00:00:00Z,exact,Core operational plan
micro_IA40244214_1580,2014,2014,2014-01-01T00:00:00Z,exact,2014 provincial policy statement : under the Planning Act
micro_IA40244214_1588,2014,2014,2014-01-01T00:00:00Z,exact,A guide to programs and services for seniors in Ontario
micro_IA40244214_1830,2014,2014,2014-01-01T00:00:00Z,exact,Review of geoduck hatchery protocols currently in place for the strait of Georgia and evaluation of potential application to other coastal areas in British Columbia
micro_IA40244214_1849,2014,2014,2014-01-01T00:00:00Z,exact,"Ceptor animal health news. Volume 22, issue no. 1 (April 2014)"
micro_IA40244214_1863,2014,2014,2014-01-01T00:00:00Z,exact,Tea tree oil
micro_IA40244214_1887,2014,2014,2014-01-01T00:00:00Z,exact,"CCDR. Volume 40, [no.] 10 (May 15, 2014)"
micro_IA40244214_1888,2014,2014,2014-01-01T00:00:00Z,exact,"CCDR. Volume 40-9 (May 1, 2014)"
micro_IA40244214_1889,2014,2014,2014-01-01T00:00:00Z,exact,"CCDR. Volume 40-8 (April 17, 2014)"
micro_IA40244214_1890,2014,2014,2014-01-01T00:00:00Z,exact,RMTC. Volume 40-7 (Le 3 avril 2014)
micro_IA40244214_1891,2014,2014,2014-01-01T00:00:00Z,exact,"CCDR. Volume 40-6 (March 20, 2014)"
micro_IA40244214_1892,2014,2014,2014-01-01T00:00:00Z,exact,RMTC. Volume 40-5 (Le 6 mars 2014)
micro_IA40244214_1893,2014,2014,2014-01-01T00:00:00Z,exact,RMTC. Volume 40-4 (Le 20 fevrier 2014)
micro_IA40244214_1894,2014,2014,2014-01-01T00:00:00Z,exact,"CCDR. Volume 40-3 (February 7, 2014)"
micro_IA40244214_2032,2014,2014,2014-01-01T00:00:00Z,exact,Plan for 2014-15
micro_IA40244214_2063,2014,2014,2014-01-01T00:00:00Z,exact,Aquatic biotechnology & genomics research and development strategy : shaping the future
micro_IA40244214_2074,2014,2014,2014-01-01T00:00:00Z,exact,Harvesting seal products of high quality for human consumption
micro_IA40244214_2080,2014,2014,2014-01-01T00:00:00Z,exact,Advice regarding harvesting seal products of high quality for human consumption
micro_IA40244214_2228,2014,2014,2014-01-01T00:00:00Z,exact,Halosulfuron-methyl
micro_IA40244214_2230,2014,2014,2014-01-01T00:00:00Z,exact,Chlorothalonil
micro_IA40244214_2232,2014,2014,2014-01-01T00:00:00Z,exact,Dimethomorph
micro_IA40244214_2234,2014,2014,2014-01-01T00:00:00Z,exact,Aminocyclopyrachlor
micro_IA40244214_2236,2014,2014,2014-01-01T00:00:00Z,exact,Penthiopyrad
micro_IA40244214_2238,2014,2014,2014-01-01T00:00:00Z,exact,Quinclorac
micro_IA40244214_2240,2014,2014,2014-01-01T00:00:00Z,exact,Cyflumetofen
micro_IA40244214_2242,2014,2014,2014-01-01T00:00:00Z,exact,Proquinazid
micro_IA40244214_2244,2014,2014,2014-01-01T00:00:00Z,exact,Propiconazole
micro_IA40244214_2246,2014,2014,2014-01-01T00:00:00Z,exact,Triticonazole
micro_IA40244214_2248,2014,2014,2014-01-01T00:00:00Z,exact,Prothioconazole
micro_IA40244214_2250,2014,2014,2014-01-01T00:00:00Z,exact,Spirodiclofen
micro_IA40244214_2252,2014,2014,2014-01-01T00:00:00Z,exact,Cypermethrin
micro_IA40244214_2254,2014,2014,2014-01-01T00:00:00Z,exact,Saflufenacil
micro_IA40244214_2256,2014,2014,2014-01-01T00:00:00Z,exact,Spiromesifen
micro_IA40244214_2258,2014,2014,2014-01-01T00:00:00Z,exact,Flubendiamide
micro_IA40244214_2260,2014,2014,2014-01-01T00:00:00Z,exact,Cyprodinil
micro_IA40244214_2262,2014,2014,2014-01-01T00:00:00Z,exact,Bifenazate
micro_IA40244214_2264,2014,2014,2014-01-01T00:00:00Z,exact,Saflufenacil
micro_IA40244214_2266,2014,2014,2014-01-01T00:00:00Z,exact,Imazapic
micro_IA40244214_2268,2014,2014,2014-01-01T00:00:00Z,exact,Halauxifen-methyl
micro_IA40244214_2270,2014,2014,2014-01-01T00:00:00Z,exact,Phlebiopsis gigantea strain VRA 1992
micro_IA40244214_2272,2014,2014,2014-01-01T00:00:00Z,exact,Fenamidone
micro_IA40244214_2274,2014,2014,2014-01-01T00:00:00Z,exact,Indaziflam
micro_IA40244214_2276,2014,2014,2014-01-01T00:00:00Z,exact,"Halosulfuron, present as methyl ester"
micro_IA40244214_2278,2014,2014,2014-01-01T00:00:00Z,exact,Beauveria bassiana strain ANT-03
micro_IA40244214_2280,2014,2014,2014-01-01T00:00:00Z,exact,Thyme oil and wintergreen oil
micro_IA40244214_2282,2014,2014,2014-01-01T00:00:00Z,exact,Aminocyclopyrachlor
micro_IA40244214_2284,2014,2014,2014-01-01T00:00:00Z,exact,Cydia pomonella Granulovirus strain M
micro_IA40244214_2286,2014,2014,2014-01-01T00:00:00Z,exact,Cyflumetofen
micro_IA40244214_2288,2014,2014,2014-01-01T00:00:00Z,exact,Hydrogen peroxide
micro_IA40244214_2290,2014,2014,2014-01-01T00:00:00Z,exact,Halauxifen-methyl
micro_IA40244214_2292,2014,2014,2014-01-01T00:00:00Z,exact,Ethaboxam
micro_IA40244214_2294,2014,2014,2014-01-01T00:00:00Z,exact,Metconazole
micro_IA40244214_2296,2014,2014,2014-01-01T00:00:00Z,exact,Acetic acid
micro_IA40244214_2298,2014,2014,2014-01-01T00:00:00Z,exact,3-decen-2-one
micro_IA40244214_2300,2014,2014,2014-01-01T00:00:00Z,exact,2-methyl-4-isothiazolin-3-one
micro_IA40244214_2302,2014,2014,2014-01-01T00:00:00Z,exact,Sodium lauryl sulfate
micro_IA40244214_2304,2014,2014,2014-01-01T00:00:00Z,exact,Dichlorprop-P
micro_IA40244214_2306,2014,2014,2014-01-01T00:00:00Z,exact,"P-Menthane-3,8-diol and related oil of lemon eucalyptus compounds"
micro_IA40244214_2308,2014,2014,2014-01-01T00:00:00Z,exact,Metrafenone
micro_IA40244214_2310,2014,2014,2014-01-01T00:00:00Z,exact,Natamycin
micro_IA40244214_2312,2014,2014,2014-01-01T00:00:00Z,exact,Bacillus subtilis strain GB03
micro_IA40244214_2314,2014,2014,2014-01-01T00:00:00Z,exact,Garlic juice
micro_IA40244214_2316,2014,2014,2014-01-01T00:00:00Z,exact,Novaluron
micro_IA40244214_2318,2014,2014,2014-01-01T00:00:00Z,exact,Flumioxazin
micro_IA40244214_2320,2014,2014,2014-01-01T00:00:00Z,exact,Diflufenzopyr-sodium
micro_IA40244214_2322,2014,2014,2014-01-01T00:00:00Z,exact,Phase II : notification/ non-notification
micro_IA40244214_2324,2014,2014,2014-01-01T00:00:00Z,exact,Dimethoxane
micro_IA40244214_2326,2014,2014,2014-01-01T00:00:00Z,exact,Special review of aminopyralid : proposed decision for consultation
micro_IA40244214_2328,2014,2014,2014-01-01T00:00:00Z,exact,Re-evaluation project plan for prosulfuron
micro_IA40244214_2493,2014,2014,2014-01-01T00:00:00Z,exact,FoodNet Canada 2010 Annual Report
micro_IA40244214_2510,2014,2014,2014-01-01T00:00:00Z,exact,"Quarter 1 financial report : for the period ended March 31, 2014"
micro_IA40244214_2531,2014,2014,2014-01-01T00:00:00Z,exact,Health Canada's 2014-15 departmental sustainable development strategy
micro_IA40244214_2533,2014,2014,2014-01-01T00:00:00Z,exact,New Brunswick shale gas air monitoring study : interim report 01
micro_IA40244214_2548,2014,2014,2014-01-01T00:00:00Z,exact,"FluWatch. Week 20 (11 to 17 May, 2014)"
micro_IA40244214_2549,2014,2014,2014-01-01T00:00:00Z,exact,"FluWatch. Week 21 and 22 (18 to 31 May, 2014)"
micro_IA40244214_2621,2014,2014,2014-01-01T00:00:00Z,exact,Prevalence of migraine in the Canadian household population
micro_IA40244214_2622,2014,2014,2014-01-01T00:00:00Z,exact,Prescription medication use by Canadians aged 6 to 79
micro_IA40244214_2762,2014,2014,2014-01-01T00:00:00Z,exact,Impact of accelerometer epoch length on physical activity and sedentary behaviour outcomes for preschool-aged children
micro_IA40244214_2764,2014,2014,2014-01-01T00:00:00Z,exact,Unintentional injury hospitalizations and socio-economic status in areas with a high percentage of First Nations identity residents
micro_IA40244214_2768,2014,2014,2014-01-01T00:00:00Z,exact,"Mortality from diabetes mellitus, 2004 to 2008 A multiple-cause of- death analysis"
micro_IA40244214_2770,2014,2014,2014-01-01T00:00:00Z,exact,Estimating the prevalence of COPD in Canada reported diagnosis versus measured airflow obstruction
micro_IA40244214_2771,2014,2014,2014-01-01T00:00:00Z,exact,Evaluation de la prevalence de la MPOC au Canada fondee sur les declarations d'un diagnostic et sur l'obstruction des voies aeriennes mesuree
micro_IA40244214_2772,2014,2014,2014-04-01T00:00:00Z,exact,Health Reports
micro_IA40244214_2774,2014,2014,2014-01-01T00:00:00Z,exact,"Trends in out-of-pocket health care expenditures in Canada, by household income, 1997 to 2009"
micro_IA40244214_2776,2014,2014,2014-01-01T00:00:00Z,exact,Are the fittest Canadian adults the healthiest?
micro_IA40244214_2778,2014,2014,2014-01-01T00:00:00Z,exact,Self-reported financial barriers to care among patients with cardiovascularrelated chronic conditions
micro_IA40244214_2794,2014,2014,2014-01-01T00:00:00Z,exact,Adjusting the scales Obesity in the Canadian population after correcting for respondent bias
micro_IA40244214_2810,2014,2014,2014-01-01T00:00:00Z,exact,"Experimental measures of output and productivity in the canadian hospital sector, 2002 to 2010"
micro_IA40244214_2846,2014,2014,2014-01-01T00:00:00Z,exact,Metconazole
micro_IA40244214_2848,2014,2014,2014-01-01T00:00:00Z,exact,Ethaboxam
micro_IA40244214_2850,2014,2014,2014-01-01T00:00:00Z,exact,Glufosinate-ammonium
micro_IA40244214_2852,2014,2014,2014-01-01T00:00:00Z,exact,Spinosad
micro_IA40244214_2854,2014,2014,2014-01-01T00:00:00Z,exact,Chlorpyrifos
micro_IA40244214_2856,2014,2014,2014-01-01T00:00:00Z,exact,Metalaxyl
micro_IA40244214_2858,2014,2014,2014-01-01T00:00:00Z,exact,Fomesafen
micro_IA40244214_2920,2014,2014,2014-01-01T00:00:00Z,exact,Evaluating coastal habitat value through metrics of ecosystem function for use in habitat restoration
micro_IA40244214_2981,2014,2014,2014-01-01T00:00:00Z,exact,2013 annual report
micro_IA40244214_2998,2014,2014,2014-01-01T00:00:00Z,exact,Review of quality assurance in continuing care health services in Alberta
micro_IA40244214_2999,2014,2014,2014-01-01T00:00:00Z,exact,Review of Alberta Health Services' continuing care wait list : first available appropriate living option policy
micro_IA40244214_3004,2014,2014,2014-01-01T00:00:00Z,exact,2013-2014 AHS influenza immunization rates : by workplace
micro_IA40244214_3046,2014,2014,2014-01-01T00:00:00Z,exact,Annual report for 2013 : Extended Health Care Plan for Retired Employees
micro_IA40244214_3048,2014,2014,2014-01-01T00:00:00Z,exact,Annual report for 2013 : Extended Health Care Plan for Certain Other Retired Employees
micro_IA40244214_3068,2014,2014,2014-01-01T00:00:00Z,exact,Sea lice monitoring and non-chemical measures
micro_IA40244214_3358,2014,2014,2014-01-01T00:00:00Z,exact,Health care and social assistance industry
micro_IA40244214_3399,2014,2014,2014-01-01T00:00:00Z,exact,Baby Annie : an investigative review
micro_IA40244214_3400,2014,2014,2014-01-01T00:00:00Z,exact,Baby Dawn : bed-sharing with infants in foster care: an investigative review
micro_IA40244214_3401,2014,2014,2014-01-01T00:00:00Z,exact,7-year-old Jack : investigative review
micro_IA40244214_3405,2014,2014,2014-01-01T00:00:00Z,exact,Performance appraisal of a chief administrative officer
micro_IA40244214_3419,2014,2014,2014-01-01T00:00:00Z,exact,Gap analysis of public mental health and addictions programs (GAP-MAP) : final report
micro_IA40244214_3478,2014,2014,2014-01-01T00:00:00Z,exact,The changing face of the Canadian hog industry
micro_IA40244214_3484,2014,2014,2014-01-01T00:00:00Z,exact,Ninety years of change in life expectancy
micro_IA40244214_3486,2014,2014,2014-01-01T00:00:00Z,exact,Association between blood lead and blood pressure : results from the Canadian Health Measures Survey (2007 to 2011)
micro_IA40244214_3655,2014,2014,2014-01-01T00:00:00Z,exact,Spirodiclofen
micro_IA40244214_3657,2014,2014,2014-01-01T00:00:00Z,exact,Fludioxonil
micro_IA40244214_3659,2014,2014,2014-01-01T00:00:00Z,exact,Pyroxasulfone
micro_IA40244214_3661,2014,2014,2014-01-01T00:00:00Z,exact,Clethodim
micro_IA40244214_3663,2014,2014,2014-01-01T00:00:00Z,exact,Tebuconazole
micro_IA40244214_3665,2014,2014,2014-01-01T00:00:00Z,exact,Pyrimethanil
micro_IA40244214_3667,2014,2014,2014-01-01T00:00:00Z,exact,Methoxyfenozide
micro_IA40244214_3668,2014,2014,2014-01-01T00:00:00Z,exact,Methoxyfenozide
micro_IA40244214_3678,2014,2014,2014-01-01T00:00:00Z,exact,"Biological sampling from a Wrigley community harvest of Bluenose-East barren-ground caribou in the Tseepantee Lake area, January 2008"
micro_IA40244214_3687,2014,2014,2014-01-01T00:00:00Z,exact,"Ceptor animal health news. Volume 22, issue no. 2 (July 2014)"
micro_IA40244214_3711,2014,2014,2014-01-01T00:00:00Z,exact,Ontario Lottery and Gaming Corporation's modernization plan : special report
micro_IA40244214_3727,2014,2014,2014-01-01T00:00:00Z,exact,"Annual report on vaccine safety in Ontario, 2012"
micro_IA40244214_3902,2014,2014,2014-01-01T00:00:00Z,exact,Annual report for 2013-14
micro_IA40244214_3930,2014,2014,2014-01-01T00:00:00Z,exact,Annual report for 2013-14
micro_IA40244214_3931,2014,2014,2014-01-01T00:00:00Z,exact,Annual statistical report for 2013-14
micro_IA40244214_3936,2014,2014,2014-01-01T00:00:00Z,exact,Annual report 2013-2014
micro_IA40244214_3955,2014,2014,2014-01-01T00:00:00Z,exact,"Report of the Auditor General of Alberta. September 2014, Health--chronic disease management"
micro_IA40244215_0010,2014,2014,2014-01-01T00:00:00Z,exact,"Annual report to the Minister of Health : for the 2013-14 fiscal year ended March 31, 2014"
micro_IA40244215_0011,2014,2014,2014-01-01T00:00:00Z,exact,Sunrise Regional Health Authority : 2013-2014 annual report
micro_IA40244215_0012,2014,2014,2014-01-01T00:00:00Z,exact,Annual report 2013-2014
micro_IA40244215_0013,2014,2014,2014-01-01T00:00:00Z,exact,"Appendices to annual report 2013-2014 : management report, financial statements, payee list, supplier list, organizational structure"
micro_IA40244215_0014,2014,2014,2014-01-01T00:00:00Z,exact,"Heartland Health Region's annual report 2013-2014 : annual report to the Minister of Health : for the 2013-14 fiscal year ending March 31, 2014"
micro_IA40244215_0015,2014,2014,2014-01-01T00:00:00Z,exact,2013/2014 annual report
micro_IA40244215_0016,2014,2014,2014-01-01T00:00:00Z,exact,2013-14 annual report to the Minister of Health
micro_IA40244215_0017,2014,2014,2014-01-01T00:00:00Z,exact,Health Quality Council 2013-2014 annual report
micro_IA40244215_0018,2014,2014,2014-01-01T00:00:00Z,exact,2013-2014 annual report : wholistic health of Keewatin Yatthe Regional residents
micro_IA40244215_0019,2014,2014,2014-01-01T00:00:00Z,exact,SHEPP annual report 2013
micro_IA40244215_0021,2014,2014,2014-01-01T00:00:00Z,exact,Sethoxydim
micro_IA40244215_0023,2014,2014,2014-01-01T00:00:00Z,exact,Clothianidin
micro_IA40244215_0024,2014,2014,2014-01-01T00:00:00Z,exact,Clothianidin
micro_IA40244215_0025,2014,2014,2014-01-01T00:00:00Z,exact,Boscalid
micro_IA40244215_0027,2014,2014,2014-01-01T00:00:00Z,exact,Pyridaben
micro_IA40244215_0029,2014,2014,2014-01-01T00:00:00Z,exact,Fludioxonil
micro_IA40244215_0031,2014,2014,2014-01-01T00:00:00Z,exact,Flumioxazin
micro_IA40244215_0033,2014,2014,2014-01-01T00:00:00Z,exact,Pyraflufen-ethyl
micro_IA40244215_0035,2014,2014,2014-01-01T00:00:00Z,exact,Azoxystrobin
micro_IA40244215_0037,2014,2014,2014-01-01T00:00:00Z,exact,Etoxazole
micro_IA40244215_0039,2014,2014,2014-01-01T00:00:00Z,exact,Flutriafol
micro_IA40244215_0041,2014,2014,2014-01-01T00:00:00Z,exact,Tembotrione
micro_IA40244215_0043,2014,2014,2014-01-01T00:00:00Z,exact,Streptomyces acidiscabies strain RL-110T and Thaxtomin A
micro_IA40244215_0045,2014,2014,2014-01-01T00:00:00Z,exact,Metallic copper
micro_IA40244215_0047,2014,2014,2014-01-01T00:00:00Z,exact,Beauveria bassiana strain ANT-03
micro_IA40244215_0049,2014,2014,2014-01-01T00:00:00Z,exact,Penthiopyrad
micro_IA40244215_0051,2014,2014,2014-01-01T00:00:00Z,exact,Indaziflam
micro_IA40244215_0053,2014,2014,2014-01-01T00:00:00Z,exact,Hydrogen peroxide
micro_IA40244215_0055,2014,2014,2014-01-01T00:00:00Z,exact,"Halosulfuron, present as methyl ester"
micro_IA40244215_0057,2014,2014,2014-01-01T00:00:00Z,exact,Thyme oil and wintergreen oil
micro_IA40244215_0059,2014,2014,2014-01-01T00:00:00Z,exact,Fenamidone
micro_IA40244215_0061,2014,2014,2014-01-01T00:00:00Z,exact,Cyflumetofen
micro_IA40244215_0063,2014,2014,2014-01-01T00:00:00Z,exact,Cydia pomonella Granulovirus strain M
micro_IA40244215_0065,2014,2014,2014-01-01T00:00:00Z,exact,Chlorantraniliprole
micro_IA40244215_0069,2014,2014,2014-01-01T00:00:00Z,exact,Propoxur
micro_IA40244215_0071,2014,2014,2014-01-01T00:00:00Z,exact,Amitrole
micro_IA40244215_0073,2014,2014,2014-01-01T00:00:00Z,exact,Fluopyram
micro_IA40244215_0091,2014,2014,2014-01-01T00:00:00Z,exact,"CIHI annual report 2013-2014 : better data, better decisions, healthier Canadians"
micro_IA40244215_0251,2014,2014,2014-01-01T00:00:00Z,exact,"CCDR. Volume 40-13 (July 10, 2014)"
micro_IA40244215_0253,2014,2014,2014-01-01T00:00:00Z,exact,"CCDR. Volume 40-14 (August 14, 2014)"
micro_IA40244215_0255,2014,2014,2014-01-01T00:00:00Z,exact,"CCDR. Volume 40-15 (September 4, 2014)"
micro_IA40244215_0333,2014,2014,2014-01-01T00:00:00Z,exact,Inuit health : selected findings from the 2012 Aboriginal Peoples Survey
micro_IA40244215_0415,2014,2014,2014-01-01T00:00:00Z,exact,Aviation safety letter. Issue 1/2014
micro_IA40244215_0419,2014,2014,2014-01-01T00:00:00Z,exact,Young Canadians providing care
micro_IA40244215_0423,2014,2014,2014-01-01T00:00:00Z,exact,Health-adjusted potential years of life lost due to treatable causes of death and illness
micro_IA40244215_0424,2014,2014,2014-01-01T00:00:00Z,exact,Annees potentielles de vie perdues ajustees sur la sante par suite des causes de deces et maladies traitables
micro_IA40244215_0425,2014,2014,2014-01-01T00:00:00Z,exact,Positive mental health and mental illness
micro_IA40244215_0426,2014,2014,2014-01-01T00:00:00Z,exact,Sante mentale positive et maladie mentale
micro_IA40244215_0427,2014,2014,2014-01-01T00:00:00Z,exact,"Symptom onset, diagnosis and management of osteoarthritis"
micro_IA40244215_0429,2014,2014,2014-01-01T00:00:00Z,exact,Two approaches to linking census and hospital data
micro_IA40244215_0431,2014,2014,2014-01-01T00:00:00Z,exact,Use of acute care hospital services by immigrant seniors in Ontario : a linkage study
micro_IA40244215_0433,2014,2014,2014-01-01T00:00:00Z,exact,Canadians with unmet home care needs
micro_IA40244215_0449,2014,2014,2014-01-01T00:00:00Z,exact,Coastal temperature monitoring program from 2010 to 2013 : southern Gulf of St. Lawrence
micro_IA40244215_0571,2014,2014,2014-01-01T00:00:00Z,exact,"Final screening assessment : petroleum sector stream approach : aviation fuels (fuels) : Chemical Abstracts Service registry numbers 64741-86-2, 64741-87-3, 68527-27-5"
micro_IA40244215_0573,2014,2014,2014-01-01T00:00:00Z,exact,"Final screening assessment : petroleum sector stream approach : fuel oil, no. 4, fuel oil, no. 6, fuel oil, residual (fuels) : Chemical Abstracts Service registry numbers 68476-31-3, 68553-00-4, 68476-33-5"
micro_IA40244215_0575,2014,2014,2014-01-01T00:00:00Z,exact,PCBs releases to the environment
micro_IA40244215_0579,2014,2014,2014-01-01T00:00:00Z,exact,Monitoring the state of the St. Lawrence River : seabirds : sentinel species for the gulf
micro_IA40244215_0589,2014,2014,2014-01-01T00:00:00Z,exact,Data sources and methods for the Air Health Indicator
micro_IA40244215_0649,2014,2014,2014-01-01T00:00:00Z,exact,Annual report 2013-14
micro_IA40244215_0650,2014,2014,2014-01-01T00:00:00Z,exact,2013-14 annual report
micro_IA40244215_0680,2014,2014,2014-01-01T00:00:00Z,exact,Annual report 2013-14
micro_IA40244215_0681,2014,2014,2014-01-01T00:00:00Z,exact,Annual report 2013-2014
micro_IA40244215_0723,2014,2014,2014-01-01T00:00:00Z,exact,Health care workers' risk perceptions of personal and work activities and willingness to report for work during an influenza pandemic
micro_IA40244215_0908,2014,2014,2014-01-01T00:00:00Z,exact,Seasonal influenza in Alberta : 2013-2014 season
micro_IA40244215_0909,2014,2014,2014-01-01T00:00:00Z,exact,Tick surveillance : 2013 summary
micro_IA40244215_0913,2014,2014,2014-01-01T00:00:00Z,exact,"Chronic diseases and injuries in Canada. Volume 34, supplement 1 (Spring 2014)"
micro_IA40244215_0914,2014,2014,2014-01-01T00:00:00Z,exact,"Chronic diseases and injuries in Canada. Volume 34, number 1 (February 2014)"
micro_IA40244215_0917,2014,2014,2014-01-01T00:00:00Z,exact,"CCDR. Volume 40-16 (September 18, 2014)"
micro_IA40244215_0918,2014,2014,2014-01-01T00:00:00Z,exact,Acetic acid
micro_IA40244215_0919,2014,2014,2014-01-01T00:00:00Z,exact,Halauxifen-methyl
micro_IA40244215_0945,2014,2014,2014-01-01T00:00:00Z,exact,"Financial statements of British Columbia Emergency Health Services Corporation : year ended March 31, 2014"
micro_IA40244215_1041,2014,2014,2014-01-01T00:00:00Z,exact,2014/15-2016/17 service plan
micro_IA40244215_1053,2014,2014,2014-01-01T00:00:00Z,exact,Bacillus thuringiensis subsp. aizawai strain ABTS-1857
micro_IA40244215_1054,2014,2014,2014-01-01T00:00:00Z,exact,Paecilomyces fumosoroseus strain FE 9901
micro_IA40244215_1055,2014,2014,2014-01-01T00:00:00Z,exact,Isofetamid
micro_IA40244215_1056,2014,2014,2014-01-01T00:00:00Z,exact,Flupyradifurone
micro_IA40244215_1098,2014,2014,2014-01-01T00:00:00Z,exact,"Aboriginal health research news. Vol. 3, no. 6 (September 2014)"
micro_IA40244215_1099,2014,2014,2014-01-01T00:00:00Z,exact,"Aboriginal health research news. Vol. 3, no. 5 (July 2014)"
micro_IA40244215_1100,2014,2014,2014-01-01T00:00:00Z,exact,"Aboriginal health research news. Vol. 3, no. 4 (June 2014)"
micro_IA40244215_1101,2014,2014,2014-01-01T00:00:00Z,exact,"Aboriginal health research news. Vol. 3, no. 3 (March 2014)"
micro_IA40244215_1102,2014,2014,2014-01-01T00:00:00Z,exact,"Aboriginal health research news. Vol. 3, no. 2 (February 2014)"
micro_IA40244215_1157,2014,2014,2014-01-01T00:00:00Z,exact,Flutriafol
micro_IA40244215_1179,2014,2014,2014-01-01T00:00:00Z,exact,"CCDR. Volume 40-17 (October 16, 2014)"
micro_IA40244215_1180,2014,2014,2014-01-01T00:00:00Z,exact,RMTC. Volume 40-17 (16 octobre 2014)
micro_IA40244215_1233,2014,2014,2014-01-01T00:00:00Z,exact,Annual report 2013
micro_IA40244215_1239,2014,2014,2014-01-01T00:00:00Z,exact,"The Crown Forest Sustainability Act, 1994 : 20 years later"
micro_IA40244215_1241,2014,2014,2014-01-01T00:00:00Z,exact,OHRC today : Ontario Human Rights Commission : 2013-2014 annual report
micro_IA40244215_1244,2014,2014,2014-01-01T00:00:00Z,exact,Forest management guide for boreal landscapes
micro_IA40244215_1287,2014,2014,2014-01-01T00:00:00Z,exact,Understanding seniors' risk of falling and their perception of risk
micro_IA40244215_1311,2014,2014,2014-01-01T00:00:00Z,exact,"COSEWIC assessment and status report on the little brown myotis, Myotis lucifugus, northern myotis, Myotis septentrionalis, tri-colored bat, Perimyotis subflavus, in Canada"
micro_IA40244215_1385,2014,2014,2014-01-01T00:00:00Z,exact,Mesotrione
micro_IA40244215_1387,2014,2014,2014-01-01T00:00:00Z,exact,Fluazinam
micro_IA40244215_1389,2014,2014,2014-01-01T00:00:00Z,exact,Pendimethalin
micro_IA40244215_1392,2014,2014,2014-01-01T00:00:00Z,exact,Fosetyl-aluminum
micro_IA40244215_1393,2014,2014,2014-01-01T00:00:00Z,exact,Clethodim
micro_IA40244215_1395,2014,2014,2014-01-01T00:00:00Z,exact,Fludioxonil
micro_IA40244215_1397,2014,2014,2014-01-01T00:00:00Z,exact,Prothioconazole
micro_IA40244215_1399,2014,2014,2014-01-01T00:00:00Z,exact,Fenamidone
micro_IA40244215_1401,2014,2014,2014-01-01T00:00:00Z,exact,Flupyradifurone
micro_IA40244215_1403,2014,2014,2014-01-01T00:00:00Z,exact,Ethaboxam
micro_IA40244215_1405,2014,2014,2014-01-01T00:00:00Z,exact,Pyriproxyfen
micro_IA40244215_1407,2014,2014,2014-01-01T00:00:00Z,exact,Glyphosate
micro_IA40244215_1409,2014,2014,2014-01-01T00:00:00Z,exact,Fluopicolide
micro_IA40244215_1411,2014,2014,2014-01-01T00:00:00Z,exact,Special review decision for compound 1080
micro_IA40244215_1413,2014,2014,2014-01-01T00:00:00Z,exact,Clofentezine
micro_IA40244215_1415,2014,2014,2014-01-01T00:00:00Z,exact,Paclobutrazol
micro_IA40244215_1417,2014,2014,2014-01-01T00:00:00Z,exact,Metiram
micro_IA40244215_1419,2014,2014,2014-01-01T00:00:00Z,exact,Isoxaben
micro_IA40244215_1421,2014,2014,2014-01-01T00:00:00Z,exact,Flumetsulam
micro_IA40244215_1423,2014,2014,2014-01-01T00:00:00Z,exact,Triflusulfuron-methyl
micro_IA40244215_1425,2014,2014,2014-01-01T00:00:00Z,exact,"1,4-Bis(bromoacetoxy)-2-butene"
micro_IA40244215_1427,2014,2014,2014-01-01T00:00:00Z,exact,Pyraflufen-ethyl
micro_IA40244215_1435,2014,2014,2014-01-01T00:00:00Z,exact,Hazard prevention program guide
micro_IA40244215_1543,2014,2014,2014-01-01T00:00:00Z,exact,"Requirements for operators of abattoirs, rendering plants and dead stock collection centres"
micro_IA40244215_1557,2014,2014,2014-01-01T00:00:00Z,exact,"Canadian Integrated Program for Antimicrobial Resistance Surveillance (CIPARS) : human antimicrobial use report, 2011"
micro_IA40244215_1618,2014,2014,2014-01-01T00:00:00Z,exact,"Departmental performance report for the period ending March 31, 2014"
micro_IA40244215_1624,2014,2014,2014-01-01T00:00:00Z,exact,2013-14 departmental performance report
micro_IA40244215_1634,2014,2014,2014-01-01T00:00:00Z,exact,2013-14 departmental performance report
micro_IA40244215_1673,2014,2014,2014-01-01T00:00:00Z,exact,2013-14 departmental performance report
micro_IA40244215_1696,2014,2014,2014-01-01T00:00:00Z,exact,2013-14 departmental performance report
micro_IA40244215_1725,2014,2014,2014-01-01T00:00:00Z,exact,2013-14 departmental performance report
micro_IA40244215_1776,2014,2014,2014-01-01T00:00:00Z,exact,Old foes and new threats : Ontario's readiness for infectious diseases : 2012 annual report of the Chief Medical Officer of Health of Ontario to the Legislative Assembly of Ontario
micro_IA40244215_1796,2014,2014,2014-01-01T00:00:00Z,exact,Annual report 2013-2014
micro_IA40244215_1810,2014,2014,2014-01-01T00:00:00Z,exact,"Chronic diseases and injuries in Canada. Volume 34, number 2-3 (July 2014)"
micro_IA40244215_1812,2014,2014,2014-01-01T00:00:00Z,exact,Annual report of the Director of Child and Family Services 2013-2014 : including the years 2004-2005 to 2013-2014
micro_IA40244215_1846,2014,2014,2014-01-01T00:00:00Z,exact,Budget 2014-2015 : address
micro_IA40244215_1855,2014,2014,2014-01-01T00:00:00Z,exact,2013/14 annual report
micro_IA40244215_2089,2014,2014,2014-01-01T00:00:00Z,exact,Captan
micro_IA40244215_2091,2014,2014,2014-01-01T00:00:00Z,exact,Methoxyfenozide
micro_IA40244215_2093,2014,2014,2014-01-01T00:00:00Z,exact,S-metolachlor
micro_IA40244215_2095,2014,2014,2014-01-01T00:00:00Z,exact,Pymetrozine
micro_IA40244215_2097,2014,2014,2014-01-01T00:00:00Z,exact,Isofetamid
micro_IA40244215_2099,2014,2014,2014-01-01T00:00:00Z,exact,Mandipropamid
micro_IA40244215_2101,2014,2014,2014-01-01T00:00:00Z,exact,Lambda-cyhalothrin
micro_IA40244215_2103,2014,2014,2014-01-01T00:00:00Z,exact,Fosetyl-aluminum
micro_IA40244215_2105,2014,2014,2014-01-01T00:00:00Z,exact,Fluxapyroxad
micro_IA40244215_2107,2014,2014,2014-01-01T00:00:00Z,exact,Ethephon
micro_IA40244215_2109,2014,2014,2014-01-01T00:00:00Z,exact,Difenoconazole
micro_IA40244215_2111,2014,2014,2014-01-01T00:00:00Z,exact,Cyprodinil
micro_IA40244215_2113,2014,2014,2014-01-01T00:00:00Z,exact,Chlorantraniliprole
micro_IA40244215_2115,2014,2014,2014-01-01T00:00:00Z,exact,Metalaxyl
micro_IA40244215_2117,2014,2014,2014-01-01T00:00:00Z,exact,Propiconazole
micro_IA40244215_2119,2014,2014,2014-01-01T00:00:00Z,exact,Maleic Hydrazide
micro_IA40244215_2121,2014,2014,2014-01-01T00:00:00Z,exact,Oxyfluorfen
micro_IA40244215_2123,2014,2014,2014-01-01T00:00:00Z,exact,Zoxamide
micro_IA40244215_2125,2014,2014,2014-01-01T00:00:00Z,exact,Nucleopolyhedrovirus for gypsy moth larvae
micro_IA40244215_2127,2014,2014,2014-01-01T00:00:00Z,exact,P-chloro-m-cresol and sodium p-chloro-m-cresolate
micro_IA40244215_2129,2014,2014,2014-01-01T00:00:00Z,exact,Isoxaben
micro_IA40244215_2133,2014,2014,2014-01-01T00:00:00Z,exact,Ethaboxam
micro_IA40244215_2135,2014,2014,2014-01-01T00:00:00Z,exact,Aminocyclopyrachlor
micro_IA40244215_2253,2014,2014,2014-01-01T00:00:00Z,exact,"Proceedings of the regional science advisory process on monitoring protocols and strategies for the Tarium Niryutait marine protected area (MPA) priority indicators : February 9-10, 2012, Winnipeg, Manitoba"
micro_IA40244215_2437,2014,2014,2014-01-01T00:00:00Z,exact,Flumetsulam
micro_IA40244215_2587,2014,2014,2014-01-01T00:00:00Z,exact,"Prevalence of Trichinella spp. in black bears in the Dehcho, 2002-2013"
micro_IA40244215_2708,2014,2014,2014-01-01T00:00:00Z,exact,Alberta's primary health care strategy
micro_IA40244215_2784,2014,2014,2014-01-01T00:00:00Z,exact,"Science strategies : executive summary, August 2014"
micro_IA40244215_2823,2014,2014,2014-01-01T00:00:00Z,exact,"Air quality health index : classroom kit--grades 5 and 6. Book I, health--learning stations to explore weather and health in today's world"
micro_IA40244215_2825,2014,2014,2014-01-01T00:00:00Z,exact,"Air quality health index : classroom kit--grades 5 and 6. Book II, environment--lesson plans to explore air quality, electricity, and natural resources"
micro_IA40244215_2890,2014,2014,2014-01-01T00:00:00Z,exact,2013-2014 Health Quality Ontario annual report
micro_IA40244215_2931,2014,2014,2014-01-01T00:00:00Z,exact,A generic and flexible simulation-based analysis tool for EMS management
micro_IA40244215_2950,2014,2014,2014-01-01T00:00:00Z,exact,Extract of Reynoutria sachalinensis
micro_IA40244215_2952,2014,2014,2014-01-01T00:00:00Z,exact,2014 report. Volume 2 (Dec. 2014) : to the Legislative Assembly of Saskatchewan : report of the provincial auditor
micro_IA40244215_2995,2014,2014,2014-01-01T00:00:00Z,exact,2014 long term care family experience report
micro_IA40244215_2996,2014,2014,2014-01-01T00:00:00Z,exact,2013-2014 annual report to the Minister of Health
micro_IA40244215_3007,2014,2014,2014-01-01T00:00:00Z,exact,Government of the Northwest Territories implementation report on its commitments under the Snap Lake Socio-economic Agreement : 2013 annual report
micro_IA40244215_3063,2014,2014,2014-01-01T00:00:00Z,exact,Bison Control Area Program annual report December 2011-April 2012 : South Slave Region
micro_IA40244215_3064,2014,2014,2014-01-01T00:00:00Z,exact,"Chronic diseases and injuries in Canada. Volume 34, number 4 (November 2014)"
micro_IA40244215_3152,2014,2014,2014-01-01T00:00:00Z,exact,"Proceedings of a maritimes workshop to scope the assessment of human impacts in the coastal zone of eastern Nova Scotia : application of the maritimes region ecosystem approach to management framework : 26-28 November 2012, Dartmouth, Nova Scotia"
micro_IA40244215_3167,2014,2014,2014-01-01T00:00:00Z,exact,"Manitoba First Nations community childhood immunization coverage report, 2008-2012"
micro_IA40244215_3168,2014,2014,2014-01-01T00:00:00Z,exact,Annual report on the Access to Information Act 2013-14 = rapport annuel concernant la Loi sur l'acces a l'information 2013-2014
micro_IA40244215_3176,2014,2014,2014-01-01T00:00:00Z,exact,Annual report on the Privacy Act 2013-14 = rapport annuel concernant la Loi sur la protection des renseignements personnels 2013-2014
micro_IA40244215_3179,2014,2014,2014-01-01T00:00:00Z,exact,"Manitoba Health, Healthy Living and Seniors annual influenza report, 2013/14 : July 1, 2013-June 30, 2014"
micro_IA40244215_3189,2014,2014,2014-01-01T00:00:00Z,exact,"An advisory committee statement (ACS) National Advisory Committee on Immunization (NACI) : influenza vaccine effectiveness, immunogenicity, and safety in healthy adults 19-64 years old"
micro_IA40244215_3190,2014,2014,2014-01-01T00:00:00Z,exact,"Une declaration d'un comite consultatif (DCC) Comite consultatif national de l'immunisation (CCNI) : efficacite, immunogenicite et innocuite des vaccins antigrippaux chez des adultes en sante ages de 19 a 64 ans"
micro_IA40244215_3191,2014,2014,2014-01-01T00:00:00Z,exact,An advisory committee statement (ACS) National Advisory Committee on Immunization (NACI) : literature review on quadrivalent influenza vaccines
micro_IA40244215_3192,2014,2014,2014-01-01T00:00:00Z,exact,Une declaration d'un comite consultatif (DCC) Comite consultatif national de l'immunisation (CCNI) : examen documentaire sur les vaccins antigrippaux quadrivalents
micro_IA40244215_3195,2014,2014,2014-01-01T00:00:00Z,exact,An advisory committee statement (ACS) National Advisory Committee on Immunization (NACI) : advice for the use of the multicomponent meningococcal serogroup B (4CMenB) vaccine
micro_IA40244215_3196,2014,2014,2014-01-01T00:00:00Z,exact,Une declaration d'un comite consultatif (DCC) Comite consultatif national de l'immunisation (CCNI) : conseils relatifs a l'utilisation du vaccin multicomposant contre le meningocoque du serogroupe B (4CMENB)
micro_IA40244215_3197,2014,2014,2014-01-01T00:00:00Z,exact,An advisory committee statement (ACS) National Advisory Committee on Immunization (NACI) : update on pertussis vaccination in pregnancy
micro_IA40244215_3198,2014,2014,2014-01-01T00:00:00Z,exact,Une declaration d'un comite consultatif (DCC) Comite consultatif national de l'immunisation (CCNI) : mise a jour sur la vaccination contre la coqueluche pendant la grossesse
micro_IA40244215_3199,2014,2014,2014-01-01T00:00:00Z,exact,An advisory committee statement (ACS) National Advisory Committee on Immunization (NACI) : update on the use of pneumococcal vaccines : addition of asthma as a high-risk condition
micro_IA40244215_3200,2014,2014,2014-01-01T00:00:00Z,exact,Une declaration d'un comite consultatif (DCC) Comite consultatif national de l'immunisation (CCNI) : mise a jour sur l'utilisation des vaccins antipneumococciques : ajout de l'asthme a titre de condition a haute risque
micro_IA40244215_3201,2014,2014,2014-01-01T00:00:00Z,exact,An advisory committee statement (ACS) National Advisory Committee on Immunization (NACI) : statement on the booster for 4-6 year-olds for protection against pertussis
micro_IA40244215_3202,2014,2014,2014-01-01T00:00:00Z,exact,Une declaration d'un comite consultatif (DCC) Comite consultatif national de l'immunisation (CCNI) : declaration sur la dose de rappel a administrer aux enfants de 4 a 6 ans contre la coqueluche
micro_IA40244215_3203,2014,2014,2014-01-01T00:00:00Z,exact,An advisory committee statement (ACS) National Advisory Committee on Immunization (NACI) : literature review on influenza vaccination in healthy 5-18-year-olds
micro_IA40244215_3204,2014,2014,2014-01-01T00:00:00Z,exact,Une declaration d'un comite consultatif (DCC) Comite consultatif national de l'immunisation (CCNI) : examen documentaire de la vaccination antigrippale chez des enfants et adolescents en sante agees de 5 a 18 ans
micro_IA40244215_3205,2014,2014,2014-01-01T00:00:00Z,exact,An advisory committee statement (ACS) National Advisory Committee on Immunization (NACI) : update on the use of herpes zoster vaccine
micro_IA40244215_3206,2014,2014,2014-01-01T00:00:00Z,exact,Une declaration d'un comite consultatif (DCC) Comite consultatif national de l'immunisation (CCNI) : mise a jour sur l'utilisation du vaccin contre le zona
micro_IA40244215_3281,2014,2014,2014-01-01T00:00:00Z,exact,"CCDR. Supplement, (09 October 2014) volume 40, S-1"
micro_IA40244215_3283,2014,2014,2014-01-01T00:00:00Z,exact,"CCDR. Supplement, (November 7, 2014) volume 40, S-2"
micro_IA40244215_3285,2014,2014,2014-01-01T00:00:00Z,exact,"CCDR. Supplement, (December 4, 2014) volume 40, S-3"
micro_IA40244215_3286,2014,2014,2014-01-01T00:00:00Z,exact,"RMTC. Supplement, (le 4 decembre 2014) volume 40, S-3"
micro_IA40244215_3329,2014,2014,2014-01-01T00:00:00Z,exact,"Parkinson's disease : prevalence, diagnosis and impact"
micro_IA40244215_3333,2014,2014,2014-01-01T00:00:00Z,exact,Professional and informal mental health support reported by Canadians aged 15 to 24
micro_IA40244215_3335,2014,2014,2014-01-01T00:00:00Z,exact,Gender gaps : life expectancy and proportion of life in poor health
micro_IA40244215_3372,2014,2014,2014-01-01T00:00:00Z,exact,Manitoba's five-year plan for workplace injury and illness prevention
micro_IA40244215_3374,2014,2014,2014-01-01T00:00:00Z,exact,2014-17 government of Alberta : strategic plan : building Alberta
micro_IA40244215_3516,2014,2014,2014-01-01T00:00:00Z,exact,"2014 guide to crop protection : weeds, plant diseases, insects"
micro_IA40244215_3571,2014,2014,2014-01-01T00:00:00Z,exact,"Budget address, 2014-2015"
micro_IA40244215_3572,2014,2014,2014-01-01T00:00:00Z,exact,"Operation & maintenance and capital estimates, 2014-2015"
micro_IA40244215_3617,2014,2014,2014-01-01T00:00:00Z,exact,Annual report for 2013
micro_IA40244215_3619,2014,2014,2014-01-01T00:00:00Z,exact,2013 annual report
micro_IA40244215_3671,2014,2014,2014-01-01T00:00:00Z,exact,Annual report 2013-2014
micro_IA40244215_3693,2014,2014,2014-01-01T00:00:00Z,exact,Health plan and business plan 2014-2017
micro_IA40244215_3766,2014,2014,2014-01-01T00:00:00Z,exact,"Manitoba Health, Healthy Living and Seniors : Manitoba annual immunization surveillance report, 2012 and 2013 : January 1, 2012 to December 31, 2013, with 5-year average comparison (January 1, 2007 to December 31, 2011)"
micro_IA40244215_3768,2014,2014,2014-01-01T00:00:00Z,exact,"Annual statistical update on HIV and AIDS 2013 : data reported to December 31, 2013"
micro_IA40244215_3769,2014,2014,2014-01-01T00:00:00Z,exact,"An advisory committee statement (ACS), National Advisory Committee on Immunization (NACI) : statement on seasonal influenza vaccine for 2014-2015"
micro_IA40244215_3770,2014,2014,2014-01-01T00:00:00Z,exact,"Une declaration d'un comite consultatif (DCC), Comite consultatif national de l'immunisation (CCNI) : declaration sur la vaccination antigrippale pour la saison 2014-2015"
micro_IA40244216_0325,2014,2014,2014-01-01T00:00:00Z,exact,A framework for early childhood development in the Northwest Territories : action plan
micro_IA40244216_0362,2014,2014,2014-01-01T00:00:00Z,exact,2013 public service annual report
micro_IA40244216_0367,2014,2014,2014-01-01T00:00:00Z,exact,NWT Health and Social Services system : 2012-2013 annual report
micro_IA40244216_0402,2014,2014,2014-01-01T00:00:00Z,exact,Caring for our people : plans to improve the Northwest Territories Health and Social Services system
micro_IA40244216_0403,2014,2014,2014-01-01T00:00:00Z,exact,Caring for our people : improving the Northwest Territories Health and Social Services system
micro_IA40244216_0404,2014,2014,2014-01-01T00:00:00Z,exact,Report of the Director of Child and Family Services : for the years 2002-2012
micro_IA40244216_0405,2014,2014,2014-01-01T00:00:00Z,exact,"Our elders : our communities : best health, best care, for a better future"
micro_IA40244216_0406,2014,2014,2014-01-01T00:00:00Z,exact,Performance measurement and accountability framework : accountability report
micro_IA40244216_0407,2014,2014,2014-01-01T00:00:00Z,exact,Performance measurement and accountability framework : accountability report
micro_IA40244216_0408,2014,2014,2014-01-01T00:00:00Z,exact,Northwest Territories health centre formulary
micro_IA40244216_0409,2014,2014,2014-01-01T00:00:00Z,exact,Cancer in the Northwest Territories : 2001-2010
micro_IA40244216_0410,2014,2014,2014-01-01T00:00:00Z,exact,"Pathways to wellness : an updated action plan for addictions and mental health, 2014-2016"
micro_IA40244216_0411,2014,2014,2014-01-01T00:00:00Z,exact,Response to Healing Voices : the report of the Minister's forum on addictions and community wellness
micro_IA40244216_0412,2014,2014,2014-01-01T00:00:00Z,exact,Discussion paper : Ground Ambulance Act
micro_IA40244216_0569,2014,2014,2014-01-01T00:00:00Z,exact,Cyantraniliprole
micro_IA40244216_0570,2014,2014,2014-01-01T00:00:00Z,exact,Clethodim
micro_IA40244216_0571,2014,2014,2014-01-01T00:00:00Z,exact,Flonicamid
micro_IA40244216_0572,2014,2014,2014-01-01T00:00:00Z,exact,Cypermethrin
micro_IA40244216_0625,2014,2014,2014-01-01T00:00:00Z,exact,"Aboriginal health research news. Vol. 3, no. 7 (December 2014)"
micro_IA40244216_0667,2014,2014,2014-01-01T00:00:00Z,exact,"Alberta health care insurance plan statistical supplement, 2013/2014"
micro_IA40244216_0668,2014,2014,2014-01-01T00:00:00Z,exact,"Alberta health care insurance plan statistical supplement, 2012-2013"
micro_IA40244216_0835,2014,2014,2014-01-01T00:00:00Z,exact,Annual report 2013
micro_IA40244216_0842,2014,2014,2014-01-01T00:00:00Z,exact,2013-14 annual report
micro_IA40244216_0843,2014,2014,2014-01-01T00:00:00Z,exact,2014-2016 strategic plan
micro_IA40244216_0868,2014,2014,2014-01-01T00:00:00Z,exact,"Canada at a glance, 2014"
micro_IA40244216_0880,2014,2014,2014-01-01T00:00:00Z,exact,Mental health of the Canadian Armed Forces
micro_IA40244216_0886,2014,2014,2014-01-01T00:00:00Z,exact,"Mental health-related disabilities among Canadians aged 15 years and older, 2012"
micro_IA40244216_1614,2014,2014,2014-01-01T00:00:00Z,exact,2015 corporate plan
micro_IA40244216_1617,2014,2014,2014-01-01T00:00:00Z,exact,2015-2017 strategic plan
micro_IA40244216_1825,2014,2014,2014-01-01T00:00:00Z,exact,Annual report 2013-14
micro_IA40244216_2143,2014,2014,2014-01-01T00:00:00Z,exact,Budget address
micro_IA40244216_2408,2014,2014,2014-01-01T00:00:00Z,exact,"Dramatically improving the patient experience through quality, integration and value : 2013-2014 annual report"
micro_IA40244216_2409,2014,2014,2014-01-01T00:00:00Z,exact,Annual business plan 2014-2015
micro_IA40244216_2842,2014,2014,2014-01-01T00:00:00Z,exact,Annual report 2013-2014
micro_IA40244216_2886,2014,2014,2014-01-01T00:00:00Z,exact,STI : annual report 2012
micro_IA40244216_2895,2014,2014,2014-01-01T00:00:00Z,exact,Provincial response to the resolutions of the 2013 Union of British Columbia Municipalities Convention
micro_IA40244216_3009,2014,2014,2014-01-01T00:00:00Z,exact,Annual report 2013-14
micro_IA40244216_3010,2014,2014,2014-01-01T00:00:00Z,exact,Annual report 2013-2014 : transforming health care across North Simcoe Muskoka
micro_IA40244216_3434,2014,2014,2014-01-01T00:00:00Z,exact,Domestic well water quality in regions of Alberta : physical & chemical testing
micro_IA40244216_3482,2014,2014,2014-01-01T00:00:00Z,exact,Protecting and promoting the health of Ontarians : annual report 2013-14
micro_IA40244216_3514,2014,2014,2014-01-01T00:00:00Z,exact,Seniors' guide 2014/2015
micro_IA40424216_0080,2014,2014,2014-01-01T00:00:00Z,exact,Vivre une ile en sante : rapport annuel de gestion 2013-2014
micro_IA40424216_1173,2014,2014,2014-01-01T00:00:00Z,exact,2014-15 report on plans and priorities
micro_IA40424216_1270,2014,2014,2014-01-01T00:00:00Z,exact,2014-15 report on plans and priorities
micro_IA44024216_0157,2014,2014,2014-01-01T00:00:00Z,exact,Nisutlin River Delta National Wildlife Area management plan
micro_IA44024216_0186,2014,2014,2014-01-01T00:00:00Z,exact,Working safely with industrial radiography
micro_IA40242401_0089,2015,2015,2015-01-01T00:00:00Z,exact,Prevalence of hearing loss among Canadians aged 20 to 79 : audiometric results from the 2012/2013 Canadian health measures survey
micro_IA40242401_0097,2015,2015,2015-01-01T00:00:00Z,exact,"Memory disabilities among Canadians aged 15 years and older, 2012"
micro_IA40242401_0123,2015,2015,2015-01-01T00:00:00Z,exact,2014-2015 annual report
micro_IA40242401_0149,2015,2015,2015-01-01T00:00:00Z,exact,OHRC today : Ontario Human Rights Commission : 2014-2015 annual report
micro_IA40242401_0274,2015,2015,2015-01-01T00:00:00Z,exact,Casebook on use of intervention evidence in health promotion and chronic disease prevention
micro_IA40242401_0276,2015,2015,2015-01-01T00:00:00Z,exact,Ways tried and true : Aboriginal methodological framework for the Canadian Best Practices Initiative
micro_IA40242401_0372,2015,2015,2015-01-01T00:00:00Z,exact,"FluWatch. Weeks 52 and 53 (December 21 to January 3, 2015)"
micro_IA40242401_0373,2015,2015,2015-01-01T00:00:00Z,exact,"FluWatch. Week 01 (January 4 to January 10, 2015)"
micro_IA40242401_0374,2015,2015,2015-01-01T00:00:00Z,exact,"FluWatch. Week 02 (January 11 to January 17, 2015)"
micro_IA40242401_0375,2015,2015,2015-01-01T00:00:00Z,exact,"FluWatch. Week 03 (January 18 to January 24, 2015)"
micro_IA40242401_0376,2015,2015,2015-01-01T00:00:00Z,exact,"FluWatch. Week 04 (January 25 to January 31, 2015)"
micro_IA40242401_0377,2015,2015,2015-01-01T00:00:00Z,exact,"FluWatch. Week 05 (February 1 to February 7, 2015)"
micro_IA40242401_0378,2015,2015,2015-01-01T00:00:00Z,exact,"FluWatch. Week 06 (February 8 to February 14, 2015)"
micro_IA40242401_0379,2015,2015,2015-01-01T00:00:00Z,exact,"FluWatch. Week 07 (February 15 to February 21, 2015)"
micro_IA40242401_0380,2015,2015,2015-01-01T00:00:00Z,exact,"FluWatch. Week 08 (February 22 to February 28, 2015)"
micro_IA40242401_0381,2015,2015,2015-01-01T00:00:00Z,exact,"FluWatch. Week 09 (March 1 to March 7, 2015)"
micro_IA40242401_0382,2015,2015,2015-01-01T00:00:00Z,exact,"FluWatch. Week 10 (March 8 to March 14, 2015)"
micro_IA40242401_0383,2015,2015,2015-01-01T00:00:00Z,exact,"FluWatch. Week 11 (March 15 to March 21, 2015)"
micro_IA40242401_0384,2015,2015,2015-01-01T00:00:00Z,exact,"FluWatch. Week 12 (March 22 to March 28, 2015)"
micro_IA40242401_0385,2015,2015,2015-01-01T00:00:00Z,exact,"FluWatch. Week 13 (March 29 to April 4, 2015)"
micro_IA40242401_0386,2015,2015,2015-01-01T00:00:00Z,exact,"FluWatch. Week 14 (April 5 to April 11, 2015)"
micro_IA40242401_0387,2015,2015,2015-01-01T00:00:00Z,exact,"FluWatch. Week 15 (April 12 to April 18, 2015)"
micro_IA40242401_0388,2015,2015,2015-01-01T00:00:00Z,exact,"FluWatch. Week 16 (April 19 to April 25, 2015)"
micro_IA40242401_0389,2015,2015,2015-01-01T00:00:00Z,exact,"FluWatch. Week 17 (April 26 to May 2, 2015)"
micro_IA40242401_0390,2015,2015,2015-01-01T00:00:00Z,exact,"FluWatch. Week 18 (May 3 to May 9, 2015)"
micro_IA40242401_0391,2015,2015,2015-01-01T00:00:00Z,exact,"FluWatch. Week 19 (May 10 to May 16, 2015)"
micro_IA40242401_0392,2015,2015,2015-01-01T00:00:00Z,exact,"FluWatch. Week 20 (May 17 to May 23, 2015)"
micro_IA40242401_0393,2015,2015,2015-01-01T00:00:00Z,exact,"FluWatch. Weeks 21 and 22 (May 24 to June 6, 2015)"
micro_IA40242401_0394,2015,2015,2015-01-01T00:00:00Z,exact,"FluWatch. Weeks 23 and 24 (June 7 to June 20, 2015)"
micro_IA40242401_0395,2015,2015,2015-01-01T00:00:00Z,exact,"FluWatch. Weeks 25 and 26 (June 21 to July 4, 2015)"
micro_IA40242401_0396,2015,2015,2015-01-01T00:00:00Z,exact,"FluWatch. Weeks 27 and 28 (July 5 to July 18, 2015)"
micro_IA40242401_0397,2015,2015,2015-01-01T00:00:00Z,exact,"FluWatch. Weeks 29 and 30 (July 19 to August 1, 2015)"
micro_IA40242401_0398,2015,2015,2015-01-01T00:00:00Z,exact,"FluWatch. Weeks 31 and 32 (August 2 to August 15, 2015)"
micro_IA40242401_0399,2015,2015,2015-01-01T00:00:00Z,exact,"FluWatch. Weeks 33 and 34 (August 16 to August 29, 2015)"
micro_IA40242401_0400,2015,2015,2015-01-01T00:00:00Z,exact,"FluWatch. Weeks 35 & 36 (August 30 to September 12, 2015)"
micro_IA40242401_0401,2015,2015,2015-01-01T00:00:00Z,exact,"FluWatch. Weeks 37 & 38 (September 13 to September 26, 2015)"
micro_IA40242401_0551,2015,2015,2015-01-01T00:00:00Z,exact,Annual report for 2014-15
micro_IA40242401_0603,2015,2015,2015-01-01T00:00:00Z,exact,"Health promotion and chronic disease prevention in Canada. Volume 35, number 6 (August 2015) : research, policy and practice"
micro_IA40242401_0604,2015,2015,2015-01-01T00:00:00Z,exact,"Health promotion and chronic disease prevention in Canada. Volume 35, number 5 (July 2015) : research, policy and practice"
micro_IA40242401_0605,2015,2015,2015-01-01T00:00:00Z,exact,"Health promotion and chronic disease prevention in Canada. Volume 35, number 4 (June 2015) : research, policy and practice"
micro_IA40242401_0606,2015,2015,2015-01-01T00:00:00Z,exact,"Health promotion and chronic disease prevention in Canada. Volume 35, number 3 (May 2015) : research, policy and practice"
micro_IA40242401_0607,2015,2015,2015-01-01T00:00:00Z,exact,"Health promotion and chronic disease prevention in Canada. Volume 35, number 2 (April 2015) : research, policy and practice"
micro_IA40242401_0608,2015,2015,2015-01-01T00:00:00Z,exact,"Health promotion and chronic disease prevention in Canada. Volume 35, number 1 (March 2015) : research, policy and practice"
micro_IA40242401_0621,2015,2015,2015-01-01T00:00:00Z,exact,"CCDR. Volume 41-9 (September 3, 2015)"
micro_IA40242401_0622,2015,2015,2015-01-01T00:00:00Z,exact,"CCDR. Volume 41-8 (August 6, 2015)"
micro_IA40242401_0628,2015,2015,2015-01-01T00:00:00Z,exact,RMTC. Volume 41-3 (le 5 mars 2015)
micro_IA40242401_0631,2015,2015,2015-01-01T00:00:00Z,exact,"CCDR. Volume 41-6 (June 4, 2015)"
micro_IA40242401_0632,2015,2015,2015-01-01T00:00:00Z,exact,"CCDR. Volume 41-5 (May 7, 2015)"
micro_IA40242401_0633,2015,2015,2015-01-01T00:00:00Z,exact,"CCDR. Volume 41-4 (April 2, 2015)"
micro_IA40242401_0634,2015,2015,2015-01-01T00:00:00Z,exact,"CCDR. Volume 41-3 (March 5, 2015)"
micro_IA40242401_0635,2015,2015,2015-01-01T00:00:00Z,exact,"CCDR. Volume 41-2 (February 5, 2015)"
micro_IA40242401_0636,2015,2015,2015-01-01T00:00:00Z,exact,"CCDR. Volume 41-1 (January 8, 2015)"
micro_IA40242401_0637,2015,2015,2015-01-01T00:00:00Z,exact,Annual report 2014-2015
micro_IA40242401_0638,2015,2015,2015-01-01T00:00:00Z,exact,2014/2015 annual report
micro_IA40242401_0639,2015,2015,2015-01-01T00:00:00Z,exact,2014-15 annual report : wholistic health of Keewatin Yatthe Region residents
micro_IA40242401_0640,2015,2015,2015-01-01T00:00:00Z,exact,"Annual report : for the 2014-15 fiscal year ended March 31, 2015"
micro_IA40242401_0641,2015,2015,2015-01-01T00:00:00Z,exact,Annual report 2014-2015
micro_IA40242401_0642,2015,2015,2015-01-01T00:00:00Z,exact,Annual report 2014-2015
micro_IA40242401_0643,2015,2015,2015-01-01T00:00:00Z,exact,Annual report for 2014-15
micro_IA40242401_0647,2015,2015,2015-01-01T00:00:00Z,exact,2014-15 annual report
micro_IA40242401_0665,2015,2015,2015-01-01T00:00:00Z,exact,Annual report 2014-15
micro_IA40242401_0667,2015,2015,2015-01-01T00:00:00Z,exact,2014-2015 annual report
micro_IA40242401_0674,2015,2015,2015-01-01T00:00:00Z,exact,"Heartland Health Region's annual report 2014-2015 : for the 2014-15 fiscal year ended March 31, 2015"
micro_IA40242401_0686,2015,2015,2015-01-01T00:00:00Z,exact,2014-2015 annual report
micro_IA40242401_0688,2015,2015,2015-01-01T00:00:00Z,exact,Annual statistical report for 2014-15
micro_IA40242401_0689,2015,2015,2015-01-01T00:00:00Z,exact,Annual report for 2014
micro_IA40242401_0691,2015,2015,2015-01-01T00:00:00Z,exact,Annual report for 2014-15
micro_IA40242401_0692,2015,2015,2015-01-01T00:00:00Z,exact,Health Quality Council annual report 2014-2015
micro_IA40242401_0693,2015,2015,2015-01-01T00:00:00Z,exact,2014 annual report
micro_IA40242401_0694,2015,2015,2015-01-01T00:00:00Z,exact,2014-15 annual report
micro_IA40242401_0747,2015,2015,2015-01-01T00:00:00Z,exact,Rethinking Canada's unbalanced mix of public and private healthcare : insights from abroad
micro_IA40242401_0857,2015,2015,2015-01-01T00:00:00Z,exact,Annual report for 2014
micro_IA40242401_0858,2015,2015,2015-01-01T00:00:00Z,exact,Annual report for 2014
micro_IA40242401_0860,2015,2015,2015-01-01T00:00:00Z,exact,Annual report for 2014
micro_IA40242401_1030,2015,2015,2015-01-01T00:00:00Z,exact,Annual performance report 2014-15
micro_IA40242401_1260,2015,2015,2015-01-01T00:00:00Z,exact,Rio Political Declaration on Social Determinants of Health : a snapshot of Canadian actions 2015
micro_IA40242401_1862,2015,2015,2015-01-01T00:00:00Z,exact,2014/15 annual service plan report
micro_IA40242401_1950,2015,2015,2015-01-01T00:00:00Z,exact,Annual report 2014/2015
micro_IA40242401_2050,2015,2015,2015-01-01T00:00:00Z,exact,"Health promotion and chronic disease prevention in Canada. Volume 35, number 7 (September 2015) : research, policy and practice"
micro_IA40242401_2436,2015,2015,2015-01-01T00:00:00Z,exact,Influenza immunization report : 2014-2015 influenza season
micro_IA40242401_2439,2015,2015,2015-01-01T00:00:00Z,exact,"Nova Scotia Medical Services Insurance annual statistical tables : 12 months ending March 31, 2015 (with comparative statistics for previous years)"
micro_IA40242401_2573,2015,2015,2015-01-01T00:00:00Z,exact,Ecological impact assessment of the use of European-origin Atlantic salmon in Newfoundland aquaculture facilities
micro_IA40242401_2633,2015,2015,2015-01-01T00:00:00Z,exact,"Assessment of the occurrence, distribution and potential impacts of piscine reovirus on the west coast of North America"
micro_IA40242401_2653,2015,2015,2015-01-01T00:00:00Z,exact,Annual report 2014/15
micro_IA40242401_2728,2015,2015,2015-01-01T00:00:00Z,exact,"The province of Manitoba annual report : for the year ended March 31, 2015 = Province du Manitoba rapport annuel : pour l'exercise termine le 31 mars, 2015"
micro_IA40242401_2770,2015,2015,2015-01-01T00:00:00Z,exact,Sustainability report 2014
micro_IA40242401_2862,2015,2015,2015-01-01T00:00:00Z,exact,Report on the budget 2016 consultations
micro_IA40242401_2925,2015,2015,2015-01-01T00:00:00Z,exact,Health Quality Ontario annual report 2014-2015
micro_IA40242401_3399,2015,2015,2015-01-01T00:00:00Z,exact,"Annual report of the Chief Inspector of Mines, 2014"
micro_IA40242401_3559,2015,2015,2015-01-01T00:00:00Z,exact,2014-15 departmental performance report
micro_IA40242401_3565,2015,2015,2015-01-01T00:00:00Z,exact,2014-15 departmental performance report
micro_IA40242401_3572,2015,2015,2015-01-01T00:00:00Z,exact,2014-15 departmental performance report
micro_IA40242402_0099,2015,2015,2015-01-01T00:00:00Z,exact,La surveillance des manifestations cliniques inhabituelles survenant apres la vaccination au Quebec : rapport de surveillance 2013-2014
micro_IA40242402_0109,2015,2015,2015-01-01T00:00:00Z,exact,"HIV and AIDS in Canada : surveillance report to December 31, 2014"
micro_IA40242402_0171,2015,2015,2015-01-01T00:00:00Z,exact,"Flash grippe. Volume 6, numero 1 (le vendredi 23 octobre 2015), Protection contre la grippe saisonniere : un defi constamment renouvele"
micro_IA40242402_0428,2015,2015,2015-01-01T00:00:00Z,exact,"Deaths from chronic obstructive pulmonary disease in Canada, 1950 to 2011"
micro_IA40242402_0429,2015,2015,2015-01-01T00:00:00Z,exact,The social determinants of higher mental distress among Inuit
micro_IA40242402_0431,2015,2015,2015-01-01T00:00:00Z,exact,Flu vaccination rates in Canada
micro_IA40242402_0453,2015,2015,2015-01-01T00:00:00Z,exact,Taux de vaccination contre la grippe au Canada
micro_IA40242402_0498,2015,2015,2015-01-01T00:00:00Z,exact,2014-15 departmental performance report
micro_IA40242402_0586,2015,2015,2015-01-01T00:00:00Z,exact,Annual report of the Office of the Correctional Investigator 2014-2015
micro_IA40242402_0613,2015,2015,2015-01-01T00:00:00Z,exact,2014-15 departmental performance report
micro_IA40242402_0620,2015,2015,2015-01-01T00:00:00Z,exact,2014-15 departmental performance report
micro_IA40242402_0816,2015,2015,2015-01-01T00:00:00Z,exact,Benzovindiflupyr
micro_IA40242402_0817,2015,2015,2015-01-01T00:00:00Z,exact,Difenoconazole
micro_IA40242402_0818,2015,2015,2015-01-01T00:00:00Z,exact,Propiconazole
micro_IA40242402_0819,2015,2015,2015-01-01T00:00:00Z,exact,Bicyclopyrone
micro_IA40242402_0820,2015,2015,2015-01-01T00:00:00Z,exact,Dimethenamid
micro_IA40242402_0821,2015,2015,2015-01-01T00:00:00Z,exact,Dichlobenil
micro_IA40242402_0822,2015,2015,2015-01-01T00:00:00Z,exact,Deltamethrin
micro_IA40242402_0823,2015,2015,2015-01-01T00:00:00Z,exact,Sedaxane
micro_IA40242402_0824,2015,2015,2015-01-01T00:00:00Z,exact,Myclobutanil
micro_IA40242402_0825,2015,2015,2015-01-01T00:00:00Z,exact,Spiroxamine
micro_IA40242402_0826,2015,2015,2015-01-01T00:00:00Z,exact,Tebuconazole
micro_IA40242402_0827,2015,2015,2015-01-01T00:00:00Z,exact,Fluensulfone
micro_IA40242402_0828,2015,2015,2015-01-01T00:00:00Z,exact,Fenpyrazamine
micro_IA40242402_0829,2015,2015,2015-01-01T00:00:00Z,exact,Tembotrione
micro_IA40242402_0830,2015,2015,2015-01-01T00:00:00Z,exact,Chlorantraniliprole
micro_IA40242402_0831,2015,2015,2015-01-01T00:00:00Z,exact,Fludioxonil
micro_IA40242402_0832,2015,2015,2015-01-01T00:00:00Z,exact,Cyprodinil
micro_IA40242402_0833,2015,2015,2015-01-01T00:00:00Z,exact,Fomesafen
micro_IA40242402_0834,2015,2015,2015-01-01T00:00:00Z,exact,Difenoconazole
micro_IA40242402_0835,2015,2015,2015-01-01T00:00:00Z,exact,Azoxystrobin
micro_IA40242402_0836,2015,2015,2015-01-01T00:00:00Z,exact,Mandipropamid
micro_IA40242402_0837,2015,2015,2015-01-01T00:00:00Z,exact,Prohexadione calcium
micro_IA40242402_0838,2015,2015,2015-01-01T00:00:00Z,exact,Sethoxydim
micro_IA40242402_0839,2015,2015,2015-01-01T00:00:00Z,exact,Quizalofop-ethyl
micro_IA40242402_0840,2015,2015,2015-01-01T00:00:00Z,exact,Abamectin
micro_IA40242402_0841,2015,2015,2015-01-01T00:00:00Z,exact,Imazamethabenz-methyl
micro_IA40242402_0842,2015,2015,2015-01-01T00:00:00Z,exact,Rimsulfuron
micro_IA40242402_0843,2015,2015,2015-01-01T00:00:00Z,exact,Benoxacor
micro_IA40242402_0844,2015,2015,2015-01-01T00:00:00Z,exact,Pendimethalin
micro_IA40242402_0845,2015,2015,2015-01-01T00:00:00Z,exact,Pyraclostrobin
micro_IA40242402_0846,2015,2015,2015-01-01T00:00:00Z,exact,Quizalofop-ethyl
micro_IA40242402_0847,2015,2015,2015-01-01T00:00:00Z,exact,S-metolachlor
micro_IA40242402_0848,2015,2015,2015-01-01T00:00:00Z,exact,Bifenthrin
micro_IA40242402_0849,2015,2015,2015-01-01T00:00:00Z,exact,Metrafenone
micro_IA40242402_0850,2015,2015,2015-01-01T00:00:00Z,exact,Chlorfenapyr
micro_IA40242402_0851,2015,2015,2015-01-01T00:00:00Z,exact,Clothianidin
micro_IA40242402_0852,2015,2015,2015-01-01T00:00:00Z,exact,Saflufenacil
micro_IA40242402_0853,2015,2015,2015-01-01T00:00:00Z,exact,Tebufenozide
micro_IA40242402_0854,2015,2015,2015-01-01T00:00:00Z,exact,Abamectin
micro_IA40242402_0855,2015,2015,2015-01-01T00:00:00Z,exact,Phorate
micro_IA40242402_0856,2015,2015,2015-01-01T00:00:00Z,exact,Spinetoram
micro_IA40242402_0857,2015,2015,2015-01-01T00:00:00Z,exact,Spinosad
micro_IA40242402_0858,2015,2015,2015-01-01T00:00:00Z,exact,Oxathiapiprolin
micro_IA40242402_0859,2015,2015,2015-01-01T00:00:00Z,exact,Fluxapyroxad
micro_IA40242402_0860,2015,2015,2015-01-01T00:00:00Z,exact,Novaluron
micro_IA40242402_0861,2015,2015,2015-01-01T00:00:00Z,exact,Cyazofamid
micro_IA40242402_0862,2015,2015,2015-01-01T00:00:00Z,exact,Flumioxazin
micro_IA40242402_0863,2015,2015,2015-01-01T00:00:00Z,exact,Triclopyr
micro_IA40242402_0864,2015,2015,2015-01-01T00:00:00Z,exact,Imazapic
micro_IA40242402_0865,2015,2015,2015-01-01T00:00:00Z,exact,Cyazofamid
micro_IA40242402_0866,2015,2015,2015-01-01T00:00:00Z,exact,Metconazole
micro_IA40242402_0867,2015,2015,2015-01-01T00:00:00Z,exact,Methoprene
micro_IA40242402_0942,2015,2015,2015-01-01T00:00:00Z,exact,Pasteuria nishizawae Pn1
micro_IA40242402_0943,2015,2015,2015-01-01T00:00:00Z,exact,Copper (present as copper octanoate)
micro_IA40242402_0944,2015,2015,2015-01-01T00:00:00Z,exact,Bacillus amyloliquefaciens strain D747
micro_IA40242402_0945,2015,2015,2015-01-01T00:00:00Z,exact,Spiroxamine
micro_IA40242402_0946,2015,2015,2015-01-01T00:00:00Z,exact,Etoxazole
micro_IA40242402_0947,2015,2015,2015-01-01T00:00:00Z,exact,Mono- and di-potassium salts of phosphorus acid
micro_IA40242402_0948,2015,2015,2015-01-01T00:00:00Z,exact,(S)-methoprene
micro_IA40242402_0949,2015,2015,2015-01-01T00:00:00Z,exact,Oxathiapiprolin
micro_IA40242402_0950,2015,2015,2015-01-01T00:00:00Z,exact,Mono- and di-potassium salts of phosphorus acid (rampart)
micro_IA40242402_0951,2015,2015,2015-01-01T00:00:00Z,exact,Prohydrojasmon
micro_IA40242402_0952,2015,2015,2015-01-01T00:00:00Z,exact,"(9Z, 12E)-9, 12-tetradecadien-1-yl acetate"
micro_IA40242402_0953,2015,2015,2015-01-01T00:00:00Z,exact,Noviflumuron
micro_IA40242402_0954,2015,2015,2015-01-01T00:00:00Z,exact,Fluoxastrobin
micro_IA40242402_0955,2015,2015,2015-01-01T00:00:00Z,exact,Difenoconazole
micro_IA40242402_0956,2015,2015,2015-01-01T00:00:00Z,exact,Acetic acid
micro_IA40242402_0957,2015,2015,2015-01-01T00:00:00Z,exact,"Male sea lamprey mating pheromone (3-ketopetromyzonol-24-sulfate, ammonium salt)"
micro_IA40242402_1002,2015,2015,2015-01-01T00:00:00Z,exact,Glyphosate
micro_IA40242402_1003,2015,2015,2015-01-01T00:00:00Z,exact,Prosulfuron
micro_IA40242402_1004,2015,2015,2015-01-01T00:00:00Z,exact,Propamocarb
micro_IA40242402_1005,2015,2015,2015-01-01T00:00:00Z,exact,Imazamox
micro_IA40242402_1006,2015,2015,2015-01-01T00:00:00Z,exact,d-Phenothrin
micro_IA40242402_1007,2015,2015,2015-01-01T00:00:00Z,exact,Deltamethrin
micro_IA40242402_1008,2015,2015,2015-01-01T00:00:00Z,exact,Octhilinone
micro_IA40242402_1313,2015,2015,2015-01-01T00:00:00Z,exact,"Manitoba Health, Healthy Living and Seniors annual influenza report, 2014/15 : July 1, 2014-June 30, 2015"
micro_IA40242402_1314,2015,2015,2015-01-01T00:00:00Z,exact,"Annual statistical update : HIV and AIDS 2014 : data reported to December 31, 2014"
micro_IA40242402_1315,2015,2015,2015-01-01T00:00:00Z,exact,"Manitoba annual summary of communicable diseases 2014 : January 1, 2009 to December 31, 2014"
micro_IA40242402_1318,2015,2015,2015-01-01T00:00:00Z,exact,Manitoba monthly surveillance report. August 2015
micro_IA40242402_1319,2015,2015,2015-01-01T00:00:00Z,exact,Manitoba monthly surveillance report. September 2015
micro_IA40242402_1320,2015,2015,2015-01-01T00:00:00Z,exact,Manitoba monthly surveillance report. July 2015
micro_IA40242402_1321,2015,2015,2015-01-01T00:00:00Z,exact,Manitoba monthly surveillance report. May 2015
micro_IA40242402_1322,2015,2015,2015-01-01T00:00:00Z,exact,Manitoba monthly surveillance report. April 2015
micro_IA40242402_1323,2015,2015,2015-01-01T00:00:00Z,exact,Manitoba monthly surveillance report. March 2015
micro_IA40242402_1324,2015,2015,2015-01-01T00:00:00Z,exact,Manitoba monthly surveillance report. February 2015
micro_IA40242402_1325,2015,2015,2015-01-01T00:00:00Z,exact,Manitoba monthly surveillance report. January 2015
micro_IA40242402_1351,2015,2015,2015-01-01T00:00:00Z,exact,Dimethoate
micro_IA40242402_1352,2015,2015,2015-01-01T00:00:00Z,exact,Prosulfuron
micro_IA40242402_1359,2015,2015,2015-01-01T00:00:00Z,exact,Re-evaluation outcome of dimethoxane
micro_IA40242402_1362,2015,2015,2015-01-01T00:00:00Z,exact,Progress update on the Pest Management Regulatory Agency's Re-evaluation Program
micro_IA40242402_1364,2015,2015,2015-01-01T00:00:00Z,exact,Pest Management Regulatory Agency re-evaluation work plan 2015-2018
micro_IA40242402_1366,2015,2015,2015-01-01T00:00:00Z,exact,Re-evaluation project plan for dimethomorph
micro_IA40242402_1367,2015,2015,2015-01-01T00:00:00Z,exact,Special review decision : paraquat
micro_IA40242402_1425,2015,2015,2015-01-01T00:00:00Z,exact,Metconazole
micro_IA40242402_1427,2015,2015,2015-01-01T00:00:00Z,exact,Metconazole
micro_IA40242402_1429,2015,2015,2015-01-01T00:00:00Z,exact,Trichoderma harzianum strain T-22
micro_IA40242402_1431,2015,2015,2015-01-01T00:00:00Z,exact,Momfluorothrin
micro_IA40242402_1432,2015,2015,2015-01-01T00:00:00Z,exact,Metconazole
micro_IA40242402_1434,2015,2015,2015-01-01T00:00:00Z,exact,Flutriafol
micro_IA40242402_1435,2015,2015,2015-01-01T00:00:00Z,exact,Extract of Reynoutria sachalinensis
micro_IA40242402_1436,2015,2015,2015-01-01T00:00:00Z,exact,Bacillus thuringiensis subsp. aizawai strain ABTS-1857
micro_IA40242402_1437,2015,2015,2015-01-01T00:00:00Z,exact,Sulfoxaflor
micro_IA40242402_1438,2015,2015,2015-01-01T00:00:00Z,exact,Sedaxane
micro_IA40242402_1439,2015,2015,2015-01-01T00:00:00Z,exact,Spinosad
micro_IA40242402_1440,2015,2015,2015-01-01T00:00:00Z,exact,Paecilomyces fumosoroseus strain FE 9901
micro_IA40242402_1441,2015,2015,2015-01-01T00:00:00Z,exact,Difenoconazole
micro_IA40242402_1442,2015,2015,2015-01-01T00:00:00Z,exact,Spiroxamine
micro_IA40242402_1443,2015,2015,2015-01-01T00:00:00Z,exact,Picoxystrobin
micro_IA40242402_1444,2015,2015,2015-01-01T00:00:00Z,exact,BLAD polypeptide
micro_IA40242402_1445,2015,2015,2015-01-01T00:00:00Z,exact,Copper (present as copper octanoate)
micro_IA40242402_1446,2015,2015,2015-01-01T00:00:00Z,exact,Mono- and di-potassium salts of phosphorus acid
micro_IA40242402_1447,2015,2015,2015-01-01T00:00:00Z,exact,Etoxazole
micro_IA40242402_1448,2015,2015,2015-01-01T00:00:00Z,exact,Bacillus amyloliquefaciens strain D747
micro_IA40242402_1449,2015,2015,2015-01-01T00:00:00Z,exact,Flupyradifurone
micro_IA40242402_1450,2015,2015,2015-01-01T00:00:00Z,exact,Benzovindiflupyr
micro_IA40242402_1451,2015,2015,2015-01-01T00:00:00Z,exact,Autographa californica nucleopolyhedrovirus FV11
micro_IA40242402_1452,2015,2015,2015-01-01T00:00:00Z,exact,Oxathiapiprolin
micro_IA40242402_1453,2015,2015,2015-01-01T00:00:00Z,exact,Mono- and di-potassium salts of phosphorus acid (Rampart)
micro_IA40242402_1529,2015,2015,2015-01-01T00:00:00Z,exact,Yukon statistical review 2014
micro_IA40242402_1588,2015,2015,2015-01-01T00:00:00Z,exact,"Consolidated financial statements. Volume 1, Public accounts for the fiscal year ended 31 March 2015"
micro_IA40242402_1675,2015,2015,2015-01-01T00:00:00Z,exact,Annual report 2014-2015
micro_IA40242402_1678,2015,2015,2015-01-01T00:00:00Z,exact,South West Local Health Integration Network annual report 2014-2015
micro_IA40242402_1681,2015,2015,2015-01-01T00:00:00Z,exact,Advancing transformation through innovation and collaboration : 2014-2015 annual report
micro_IA40242402_2146,2015,2015,2015-01-01T00:00:00Z,exact,Canadian aquaculture R & D review 2015
micro_IA40242402_2623,2015,2015,2015-01-01T00:00:00Z,exact,"CCDR. Volume 41-10 (October 1, 2015)"
micro_IA40242402_2624,2015,2015,2015-01-01T00:00:00Z,exact,"CCDR. Volume 41-11 (November 5, 2015)"
micro_IA40242402_2625,2015,2015,2015-01-01T00:00:00Z,exact,"CCDR. Volume 41-12 (December 3, 2015)"
micro_IA40242402_2645,2015,2015,2015-02-20T00:00:00Z,exact,CCDR: Canada communicable disease report Supplement
micro_IA40242402_2646,2015,2015,2015-01-01T00:00:00Z,exact,"CCDR. Supplement. (March 19, 2015) volume 41, S-2"
micro_IA40242402_2647,2015,2015,2015-01-01T00:00:00Z,exact,"CCDR. Supplement. (April 20, 2015) volume 41, S-3"
micro_IA40242402_2648,2015,2015,2015-01-01T00:00:00Z,exact,"CCDR. Supplement. (June 18, 2015) volume 41, S-4"
micro_IA40242402_2649,2015,2015,2015-01-01T00:00:00Z,exact,"CCDR. Supplement. (November 19, 2015) volume 41, S-5"
micro_IA40242402_2650,2015,2015,2015-01-01T00:00:00Z,exact,"CCDR. Supplement. (December 17, 2015) volume 41, S-6"
micro_IA40242402_2655,2015,2015,2015-01-01T00:00:00Z,exact,"RMTC. Supplement. (le 20 avril 2015) volume 41, S-3"
micro_IA40242402_2722,2015,2015,2015-01-01T00:00:00Z,exact,Yukon health status report 2015 : focus on substance abuse
micro_IA40242402_2943,2015,2015,2015-01-01T00:00:00Z,exact,Truth and Reconciliation Commission of Canada : calls to action
micro_IA40242402_2986,2015,2015,2015-01-01T00:00:00Z,exact,Strategic plan 2015-2020
micro_IA40242402_3033,2015,2015,2015-01-01T00:00:00Z,exact,2015-18 strategic plan
micro_IA40242402_3119,2015,2015,2015-01-01T00:00:00Z,exact,Better integrated health services for local communities : 2014/15 annual report
micro_IA40242402_3130,2015,2015,2015-01-01T00:00:00Z,exact,"Together, making healthy change happen : annual report 2014-2015"
micro_IA40242402_3131,2015,2015,2015-01-01T00:00:00Z,exact,Annual business plan 2015/16
micro_IA40242402_3140,2015,2015,2015-01-01T00:00:00Z,exact,Annual report 2014-15
micro_IA40242402_3141,2015,2015,2015-01-01T00:00:00Z,exact,2014/15 annual report
micro_IA40242402_3168,2015,2015,2015-01-01T00:00:00Z,exact,"Financial statements of British Columbia Emergency Health Services Corporation : year ended March 31, 2015"
micro_IA40242402_3174,2015,2015,2015-01-01T00:00:00Z,exact,"Financial statements of British Columbia Mental Health Society Branch : year ended March 31, 2015"
micro_IA40242402_3175,2015,2015,2015-01-01T00:00:00Z,exact,"Financial statements of British Columbia Mental Health Society (Riverview) Branch : year ended March 31, 2014"
micro_IA40242402_3254,2015,2015,2015-01-01T00:00:00Z,exact,2015 report. Volume 2 (Dec 2015) : to the Legislative Assembly of Saskatchewan : report of the provincial auditor
micro_IA40242402_3258,2015,2015,2015-01-01T00:00:00Z,exact,"Financial statements of Forensic Psychiatric Services Commission : year ended March 31, 2015"
micro_IA40242402_3263,2015,2015,2015-01-01T00:00:00Z,exact,2015/16-2017/18 service plan
micro_IA40242402_3316,2015,2015,2015-01-01T00:00:00Z,exact,WSIB 2015 premium rates manual
micro_IA40242402_3328,2015,2015,2015-01-01T00:00:00Z,exact,2016 corporate business plan
micro_IA40242402_3340,2015,2015,2015-01-01T00:00:00Z,exact,"Moving forward together : Erie St. Clair Local Health Integration Network annual report 2014-15 : for the year ending March 31, 2015"
micro_IA40242402_3352,2015,2015,2015-01-01T00:00:00Z,exact,"Dramatically improving the patient experience through quality, integration and value : 2014-2015 annual report"
micro_IA40242402_3355,2015,2015,2015-01-01T00:00:00Z,exact,Strengthening home and community care : Mississauga Halton Local Health Integration Network : annual report 2014-2015
micro_IA40242402_3357,2015,2015,2015-01-01T00:00:00Z,exact,Annual report 2014-2015 : transforming health care across North Simcoe Muskoka
micro_IA40242402_3360,2015,2015,2015-01-01T00:00:00Z,exact,Community report 2014-15
micro_IA40242402_3364,2015,2015,2015-01-01T00:00:00Z,exact,Protecting and promoting the health of Ontarians : annual report 2014-15
micro_IA40242402_3411,2015,2015,2015-01-01T00:00:00Z,exact,"Health promotion and chronic disease prevention in Canada. Volume 35, supplement 1 (spring 2015) : research, policy and practice"
micro_IA40242402_3416,2015,2015,2015-01-01T00:00:00Z,exact,"Health promotion and chronic disease prevention in Canada. Volume 35, number 8/9 (October/November 2015) : research, policy and practice"
micro_IA40242402_3417,2015,2015,2015-01-01T00:00:00Z,exact,"Health promotion and chronic disease prevention in Canada. Volume 35, number 10 (December 2015) : research, policy and practice"
micro_IA40242402_3468,2015,2015,2015-01-01T00:00:00Z,exact,Isopyrazam
micro_IA40242403_0007,2015,2015,2015-01-01T00:00:00Z,exact,"Annual report 2014-2015 : April 1, 2014, to March 31, 2015"
micro_IA40242403_0050,2015,2015,2015-01-01T00:00:00Z,exact,Women in Prince Edward Island : statistical review 2015
micro_IA40242403_0087,2015,2015,2015-01-01T00:00:00Z,exact,Budget 2015-2016 : address
micro_IA40242403_0277,2015,2015,2015-01-01T00:00:00Z,exact,Annual report 2014-2015
micro_IA40242403_0298,2015,2015,2015-01-01T00:00:00Z,exact,Annual report for 2014-15
micro_IA40242403_0299,2015,2015,2015-01-01T00:00:00Z,exact,HIV and AIDS in Saskatchewan 2014
micro_IA40242403_0373,2015,2015,2015-01-01T00:00:00Z,exact,2014-15 departmental performance report
micro_IA40242403_0485,2015,2015,2015-01-01T00:00:00Z,exact,Special review of Fluazifop-P-butyl : proposed decision for consultation
micro_IA40242403_0486,2015,2015,2015-01-01T00:00:00Z,exact,Special review of paraquat : proposed decision for consultation
micro_IA40242403_0487,2015,2015,2015-01-01T00:00:00Z,exact,Special review of atrazine : proposed decision for consultation
micro_IA40242403_0488,2015,2015,2015-01-01T00:00:00Z,exact,Special review of trifluralin : proposed decision for consultation
micro_IA40242403_0513,2015,2015,2015-01-01T00:00:00Z,exact,Limits of human exposure to radiofrequency electromagnetic energy in the frequency range from 3 kHz to 300 GHz
micro_IA40242403_0517,2015,2015,2015-01-01T00:00:00Z,exact,Third report on human biomonitoring of environmental chemicals in Canada : results of the Canadian Health Measures Survey cycle 3 (2012-2013)
micro_IA40242403_0563,2015,2015,2015-01-01T00:00:00Z,exact,Spinetoram
micro_IA40242403_0610,2015,2015,2015-01-01T00:00:00Z,exact,Health care spending in Manitoba 2012 to 2037
micro_IA40242403_0736,2015,2015,2015-01-01T00:00:00Z,exact,"Alberta retail food prices : selected communities, November 2015"
micro_IA40242403_0737,2015,2015,2015-01-01T00:00:00Z,exact,"Alberta retail food prices : selected communities, June 2015"
micro_IA40242403_0974,2015,2015,2015-01-01T00:00:00Z,exact,A guide to programs and services for seniors in Ontario
micro_IA40242403_0993,2015,2015,2015-01-01T00:00:00Z,exact,2014-2015 annual report
micro_IA40242403_1027,2015,2015,2015-01-01T00:00:00Z,exact,Alberta Health Services annual report 2014-15
micro_IA40242403_1030,2015,2015,2015-01-01T00:00:00Z,exact,Public Health Appeal Board 2014 annual report
micro_IA40242403_1052,2015,2015,2015-01-01T00:00:00Z,exact,2015-2016 business plan
micro_IA40242403_1757,2015,2015,2015-01-01T00:00:00Z,exact,Revisions and updates to specific residue chemistry crop groups
micro_IA40242403_1875,2015,2015,2015-01-01T00:00:00Z,exact,Charting a course for the future : 2014 annual report
micro_IA40242403_1929,2015,2015,2015-01-01T00:00:00Z,exact,2015-16 departmental performance report
micro_IA40242403_1995,2015,2015,2015-01-01T00:00:00Z,exact,2014-15 departmental performance report
micro_IA40242403_2560,2015,2015,2015-01-01T00:00:00Z,exact,Two-echelon pharmaceutical reverse supply chain coordination with customers incentives
micro_IA40242403_2655,2015,2015,2015-01-01T00:00:00Z,exact,Impacts report 2014 / Research Capacity Program
micro_IA40242403_2665,2015,2015,2015-01-01T00:00:00Z,exact,South West Local Health Integration Network (LHIN): Annual report
micro_IA40242403_2910,2015,2015,2015-01-01T00:00:00Z,exact,Guidelines for the advertising of pest control products
micro_IA40242403_3121,2015,2015,2015-01-01T00:00:00Z,exact,"Heartland Health Region's annual report 2015-2016 : for the 2015-16 fiscal year ended March 31, 2016"
micro_IA40242403_3476,2015,2015,2015-01-01T00:00:00Z,exact,Health care and social assistance industry
micro_IA40242403_3604,2015,2015,2015-01-01T00:00:00Z,exact,Pasture production
micro_IA40242403_3651,2015,2015,2015-01-01T00:00:00Z,exact,Forest health and adaptation in Alberta : annual report 2014
micro_IA40242403_3652,2015,2015,2015-01-01T00:00:00Z,exact,"Alberta health care insurance plan statistical supplement, 2014/2015"
micro_IA40242403_3658,2015,2015,2015-01-01T00:00:00Z,exact,Primary care network (PCN) profiles. Edmonton North PCN
micro_IA40242403_3659,2015,2015,2015-01-01T00:00:00Z,exact,Primary care network (PCN) profiles. Edmonton Oliver PCN
micro_IA40242403_3660,2015,2015,2015-01-01T00:00:00Z,exact,Primary care network (PCN) profiles. Edmonton Southside PCN
micro_IA40242403_3661,2015,2015,2015-01-01T00:00:00Z,exact,Primary care network (PCN) profiles. Edmonton West PCN
micro_IA40242403_3662,2015,2015,2015-01-01T00:00:00Z,exact,Primary care network (PCN) profiles. Grande Cache Primary Care Network
micro_IA40242403_3663,2015,2015,2015-01-01T00:00:00Z,exact,Primary care network (PCN) profiles. Grande Prairie Primary Care Network
micro_IA40242403_3664,2015,2015,2015-01-01T00:00:00Z,exact,Primary care network (PCN) profiles. Highland Primary Care Network
micro_IA40242403_3665,2015,2015,2015-01-01T00:00:00Z,exact,Primary care network (PCN) profiles. Kalyna Country Primary Care Network
micro_IA40242403_3666,2015,2015,2015-01-01T00:00:00Z,exact,Primary care network (PCN) profiles. Lakeland Primary Care Network
micro_IA40242403_3667,2015,2015,2015-01-01T00:00:00Z,exact,Primary care network (PCN) profiles. Leduc/Beaumont Primary Care Network
micro_IA40242403_3668,2015,2015,2015-01-01T00:00:00Z,exact,Primary care network (PCN) profiles. Lloydminster Primary Care Network
micro_IA40242403_3669,2015,2015,2015-01-01T00:00:00Z,exact,Primary care network (PCN) profiles. McLeod River PCN
micro_IA40242403_3670,2015,2015,2015-01-01T00:00:00Z,exact,Primary care network (PCN) profiles. Mosaic Primary Care Network
micro_IA40242403_3671,2015,2015,2015-01-01T00:00:00Z,exact,Primary care network (PCN) profiles. North West Primary Care Network
micro_IA40242403_3672,2015,2015,2015-01-01T00:00:00Z,exact,Primary care network (PCN) profiles. Palliser Primary Care Network
micro_IA40242403_3673,2015,2015,2015-01-01T00:00:00Z,exact,Primary care network (PCN) profiles. Peace Region Primary Care Network
micro_IA40242403_3674,2015,2015,2015-01-01T00:00:00Z,exact,Primary care network (PCN) profiles. Peaks to Prairies PCN
micro_IA40242403_3675,2015,2015,2015-01-01T00:00:00Z,exact,Primary care network (PCN) profiles. Provost Primary Care Network
micro_IA40242403_3676,2015,2015,2015-01-01T00:00:00Z,exact,Primary care network (PCN) profiles. Red Deer Primary Care Network
micro_IA40242403_3677,2015,2015,2015-01-01T00:00:00Z,exact,Primary care network (PCN) profiles. Rocky Mountain House PCN
micro_IA40242403_3678,2015,2015,2015-01-01T00:00:00Z,exact,Primary care network (PCN) profiles. Sexsmith/Spirit River Primary Care Network
micro_IA40242403_3679,2015,2015,2015-01-01T00:00:00Z,exact,Primary care network (PCN) profiles. Sherwood Park-Strathcona County PCN
micro_IA40242403_3680,2015,2015,2015-01-01T00:00:00Z,exact,Primary care network (PCN) profiles. South Calgary Primary Care Network
micro_IA40242403_3681,2015,2015,2015-01-01T00:00:00Z,exact,Primary care network (PCN) profiles. St. Albert & Sturgeon Primary Care Network
micro_IA40242403_3682,2015,2015,2015-01-01T00:00:00Z,exact,Primary care network (PCN) profiles. Wainwright Primary Care Network
micro_IA40242403_3683,2015,2015,2015-01-01T00:00:00Z,exact,Primary care network (PCN) profiles. West Peace Primary Care Network
micro_IA40242403_3684,2015,2015,2015-01-01T00:00:00Z,exact,Primary care network (PCN) profiles. WestView Primary Care Network
micro_IA40242403_3685,2015,2015,2015-01-01T00:00:00Z,exact,Primary care network (PCN) profiles. Wetaskiwin & Area PCN
micro_IA40242403_3686,2015,2015,2015-01-01T00:00:00Z,exact,Primary care network (PCN) profiles. Wolf Creek Primary Care Network
micro_IA40242403_3687,2015,2015,2015-01-01T00:00:00Z,exact,Primary care network (PCN) profiles. Wood Buffalo Primary Care Network
micro_IA40242403_3688,2015,2015,2015-01-01T00:00:00Z,exact,Primary care network (PCN) profiles. Alberta Heartland PCN
micro_IA40242403_3689,2015,2015,2015-01-01T00:00:00Z,exact,Primary care network (PCN) profiles. Aspen Primary Care Network
micro_IA40242403_3690,2015,2015,2015-01-01T00:00:00Z,exact,Primary care network (PCN) profiles. Big Country PCN
micro_IA40242403_3691,2015,2015,2015-01-01T00:00:00Z,exact,Primary care network (PCN) profiles. Bonnyville Primary Care Network
micro_IA40242403_3692,2015,2015,2015-01-01T00:00:00Z,exact,Primary care network (PCN) profiles. Bow Valley Primary Care Network
micro_IA40242403_3693,2015,2015,2015-01-01T00:00:00Z,exact,Primary care network (PCN) profiles. Calgary Foothills Primary Care Network
micro_IA40242403_3694,2015,2015,2015-01-01T00:00:00Z,exact,Primary care network (PCN) profiles. Calgary Rural Primary Care Network
micro_IA40242403_3695,2015,2015,2015-01-01T00:00:00Z,exact,Primary care network (PCN) profiles. Calgary West Central Primary Care Network
micro_IA40242403_3696,2015,2015,2015-01-01T00:00:00Z,exact,Primary care network (PCN) profiles. Camrose Primary Care Network
micro_IA40242403_3697,2015,2015,2015-01-01T00:00:00Z,exact,Primary care network (PCN) profiles. Chinook Primary Care Network
micro_IA40242403_3698,2015,2015,2015-01-01T00:00:00Z,exact,Primary care network (PCN) profiles. Cold Lake Primary Care Network
micro_IA40242403_3699,2015,2015,2015-01-01T00:00:00Z,exact,Primary care network (PCN) profiles. Drayton Valley PCN
micro_IA40242404_0024,2015,2015,2015-01-01T00:00:00Z,exact,Nova Scotia Public Service Superannuation Plan : 2014-2015 annual report
micro_IA40242404_0387,2015,2015,2015-01-01T00:00:00Z,exact,2011/2012 Alberta long-term care resident profile
micro_IA40242404_0388,2015,2015,2015-01-01T00:00:00Z,exact,2012/2013 Alberta long-term care resident profile
micro_IA40242404_0389,2015,2015,2015-01-01T00:00:00Z,exact,2013/2014 Alberta long-term care resident profile
micro_IA40242404_0415,2015,2015,2015-01-01T00:00:00Z,exact,Business plan 2015-18
micro_IA40242404_0523,2015,2015,2015-01-01T00:00:00Z,exact,Annual report 2014-15
micro_IA40242404_0592,2015,2015,2015-01-01T00:00:00Z,exact,"Healthy islanders, healthy communities : 2015-2018 strategic plan"
micro_IA40242404_0877,2015,2015,2015-01-01T00:00:00Z,exact,2014-15 annual report
micro_IA40242404_1310,2015,2015,2015-01-01T00:00:00Z,exact,Bisphenol A and child and youth behaviour : Canadian health measures survey 2007 to 2011
micro_IA40242404_1312,2015,2015,2015-01-01T00:00:00Z,exact,"All-cause and circulatory disease-related hospitalization, by generation status : evidence from linked data"
micro_IA40242404_1313,2015,2015,2015-01-01T00:00:00Z,exact,Linking 2006 census and hospital data in Canada
micro_IA40242404_1314,2015,2015,2015-01-01T00:00:00Z,exact,Oral contraceptive use among women aged 15 to 49 : results from the Canadian health measures survey
micro_IA40242404_1316,2015,2015,2015-01-01T00:00:00Z,exact,Housing and health among Inuit children
micro_IA40242404_1318,2015,2015,2015-01-01T00:00:00Z,exact,Clinical outcomes of modelling mammography screening strategies
micro_IA40242404_1320,2015,2015,2015-01-01T00:00:00Z,exact,Total cost-effectiveness of mammography screening strategies
micro_IA40242404_1486,2015,2015,2015-01-01T00:00:00Z,exact,Budget address
micro_IA40242404_1574,2015,2015,2015-01-01T00:00:00Z,exact,MHHLS 2014-2015 annual report
micro_IA40242404_1582,2015,2015,2015-01-01T00:00:00Z,exact,Annual statistics 2014-2015
micro_IA40242404_1930,2015,2015,2015-01-01T00:00:00Z,exact,Aboriginal peoples : fact sheet for Canada
micro_IA40242404_2098,2015,2015,2015-01-01T00:00:00Z,exact,"Manitoba Health, Healthy Living and Seniors population report : June 1, 2015"
micro_IA40242404_2118,2015,2015,2015-01-01T00:00:00Z,exact,Government of the Northwest Territories implementation report on its commitments under the Snap Lake Socio-economic Agreement : 2014 annual report
micro_IA40242404_2780,2015,2015,2015-01-01T00:00:00Z,exact,"Delivering on the promised benefits of an EHR for you : annual report April 1, 2014-March 31, 2015"
micro_IA40242405_0171,2015,2015,2015-01-01T00:00:00Z,exact,"Financial statements : for the year ended March 31, 2015"
micro_IA40242405_0754,2015,2015,2015-01-01T00:00:00Z,exact,A shot in the arm : how to improve vaccination policy in Canada
micro_IA40242405_0755,2015,2015,2015-01-01T00:00:00Z,exact,Missed Connections : the adoption of information technology in Canadian healthcare
micro_IA40242405_1040,2015,2015,2015-01-01T00:00:00Z,exact,Reporting under section 157 of the Highway Traffic Act
micro_IA40242405_2111,2015,2015,2015-01-01T00:00:00Z,exact,"FluWatch. Weeks 39 & 40 (September 27 to October 10, 2015)"
micro_IA40242405_2112,2015,2015,2015-01-01T00:00:00Z,exact,"FluWatch. Week 41 (October 11 to October 17, 2015)"
micro_IA40242405_2113,2015,2015,2015-01-01T00:00:00Z,exact,"West Nile Virus and other mosquito-borne disease national surveillance report. Report week 42 (Oct 18 to Oct 24, 2015)"
micro_IA40242405_2114,2015,2015,2015-01-01T00:00:00Z,exact,"FluWatch. Week 43 (October 25 to October 31, 2015)"
micro_IA40242405_2115,2015,2015,2015-01-01T00:00:00Z,exact,"FluWatch. Week 44 (November 1 to November 7, 2015)"
micro_IA40242405_2116,2015,2015,2015-01-01T00:00:00Z,exact,"FluWatch. Week 45 (November 8 to November 14, 2015)"
micro_IA40242405_2117,2015,2015,2015-01-01T00:00:00Z,exact,"FluWatch. Week 46 (November 15 to November 21, 2015)"
micro_IA40242405_2118,2015,2015,2015-01-01T00:00:00Z,exact,"FluWatch. Week 47 (November 22 to November 28, 2015)"
micro_IA40242405_2119,2015,2015,2015-01-01T00:00:00Z,exact,"FluWatch. Week 48 (November 29 to December 5, 2015)"
micro_IA40242405_2120,2015,2015,2015-01-01T00:00:00Z,exact,"FluWatch. Week 49 (December 6 to December 12, 2015)"
micro_IA40242405_2121,2015,2015,2015-01-01T00:00:00Z,exact,"FluWatch. Week 50 (December 13 to December 19, 2015)"
micro_IA40242405_2693,2015,2015,2015-01-01T00:00:00Z,exact,CIHR@15 : Canadian Institutes of Health Research annual report 2014-15
micro_IA40242405_2694,2015,2015,2015-01-01T00:00:00Z,exact,Canadian Institutes of Health Research annual report 2015-16
micro_IA40242405_3438,2015,2015,2015-01-01T00:00:00Z,exact,"Dramatically improving the patient experience through quality, integration and value : 2015-2016 annual report"
micro_IA40244215_3062,2015,2015,2015-01-01T00:00:00Z,exact,Bison Control Area Program annual report : December 2012-April 2013 : South Slave Region
micro_IA40244215_3337,2015,2015,2015-01-01T00:00:00Z,exact,Is the injury gap closing between the aboriginal and general populations of British Columbia?
micro_IA40244215_3339,2015,2015,2015-01-01T00:00:00Z,exact,"Chronic pain, activity restriction and flourishing mental health"
micro_IA40244215_3515,2015,2015,2015-01-01T00:00:00Z,exact,"2015 guide to crop protection : weeds, plant diseases, insects"
micro_IA40244215_3554,2015,2015,2015-01-01T00:00:00Z,exact,2015/16-2017/18 service plan
micro_IA40244215_3563,2015,2015,2015-01-01T00:00:00Z,exact,2015/16-2017/18 service plan
micro_IA40244215_3574,2015,2015,2015-01-01T00:00:00Z,exact,Province of British Columbia strategic plan 2015/16-2018/19
micro_IA40244215_3583,2015,2015,2015-01-01T00:00:00Z,exact,2015/16--2017/18 service plan
micro_IA40244216_0368,2015,2015,2015-01-01T00:00:00Z,exact,Measuring success and focusing on results : NWT Health and Social Services system : 2013/2014 annual report
micro_IA40244216_0493,2015,2015,2015-01-01T00:00:00Z,exact,2015-16 business plans
micro_IA40244216_0567,2015,2015,2015-01-01T00:00:00Z,exact,"Annual report, 2013-2014"
micro_IA40244216_0573,2015,2015,2015-01-01T00:00:00Z,exact,Ethoprophos
micro_IA40244216_0574,2015,2015,2015-01-01T00:00:00Z,exact,Chlorantraniliprole
micro_IA40244216_0575,2015,2015,2015-01-01T00:00:00Z,exact,Picoxystrobin
micro_IA40244216_0577,2015,2015,2015-01-01T00:00:00Z,exact,Difenoconazole
micro_IA40244216_0822,2015,2015,2015-01-01T00:00:00Z,exact,Bicyclopyrone
micro_IA40244216_0823,2015,2015,2015-01-01T00:00:00Z,exact,Benzovindiflupyr
micro_IA40244216_0824,2015,2015,2015-01-01T00:00:00Z,exact,Autographa californica nucleopolyhedrovirus FV11
micro_IA40244216_0862,2015,2015,2015-01-01T00:00:00Z,exact,"Quarterly business and employment dynamics : experimental estimates, first quarter 2001 to third quarter 2014"
micro_IA40244216_0870,2015,2015,2015-01-01T00:00:00Z,exact,"Canada at a glance, 2015"
micro_IA40244216_1161,2015,2015,2015-01-01T00:00:00Z,exact,2015-16 report on plans and priorities
micro_IA40244216_1169,2015,2015,2015-01-01T00:00:00Z,exact,2014-15 report on plans and priorities
micro_IA40244216_1171,2015,2015,2015-01-01T00:00:00Z,exact,2015-16 report on plans and priorities
micro_IA40244216_2085,2015,2015,2015-01-01T00:00:00Z,exact,"Quarter 1 financial report : for the period ended March 31, 2015"
micro_IA40244216_2144,2015,2015,2015-01-01T00:00:00Z,exact,Budget address
micro_IA40244216_2164,2015,2015,2015-01-01T00:00:00Z,exact,"Proceedings of the national peer review meeting of the monitoring design and metrics to assess the effectiveness of habitat compensation activities : December 6-8, 2011, Ottawa, ON"
micro_IA40244216_2169,2015,2015,2015-01-01T00:00:00Z,exact,Plan for 2015-16
micro_IA40244216_2194,2015,2015,2015-01-01T00:00:00Z,exact,"CCDR. Volume 41-7 (July 2, 2015)"
micro_IA40244216_2372,2015,2015,2015-01-01T00:00:00Z,exact,Plan for 2015-16
micro_IA40244216_2641,2015,2015,2015-01-01T00:00:00Z,exact,How's life in the city? : life satisfaction across census metropolitan areas and economic regions in Canada
micro_IA40244216_2645,2015,2015,2015-01-01T00:00:00Z,exact,"Mental health and contact with police in Canada, 2012"
micro_IA40244216_2664,2015,2015,2015-01-01T00:00:00Z,exact,Senior care : differences by type of housing
micro_IA40244216_2798,2015,2015,2015-01-01T00:00:00Z,exact,"Ceptor animal health news. Volume 23, issue no. 1 (June 2015)"
micro_IA40244216_2824,2015,2015,2015-01-01T00:00:00Z,exact,"Budget address, 2015-2016"
micro_IA40244216_2882,2015,2015,2015-01-01T00:00:00Z,exact,HIV : annual report 2013
micro_IA40244216_2885,2015,2015,2015-01-01T00:00:00Z,exact,STI : annual report 2013
micro_IA40244216_2894,2015,2015,2015-01-01T00:00:00Z,exact,Provincial response to the resolutions of the 2014 Union of British Columbia Municipalities Convention
micro_IA40244216_2900,2015,2015,2015-01-01T00:00:00Z,exact,North coast marine plan 2015
micro_IA40244216_2966,2015,2015,2015-01-01T00:00:00Z,exact,"Vegetable crop protection guide, 2014-2015"
micro_IA40244216_3018,2015,2015,2015-01-01T00:00:00Z,exact,Developing a non-categorical measure of child health using administrative data
micro_IA40244216_3019,2015,2015,2015-01-01T00:00:00Z,exact,Elaboration d'une mesure non categorielle de la sante des enfants en se servant de donnees administratives
micro_IA40244216_3020,2015,2015,2015-01-01T00:00:00Z,exact,Stillbirth and infant mortality in Aboriginal communities in Quebec
micro_IA40244216_3022,2015,2015,2015-01-01T00:00:00Z,exact,"A spatial analysis of COPD prevalence, incidence, mortality and health service use in Ontario"
micro_IA40244216_3024,2015,2015,2015-01-01T00:00:00Z,exact,Canadian health measures survey : a tool for immigrant health research?
micro_IA40244216_3028,2015,2015,2015-01-01T00:00:00Z,exact,"Prevalence and correlates of marijuana use in Canada, 2012"
micro_IA40244216_3030,2015,2015,2015-01-01T00:00:00Z,exact,Assessment of the quality of the childhood physical abuse measure in the national population health survey
micro_IA40244216_3036,2015,2015,2015-01-01T00:00:00Z,exact,Using personal health insurance numbers to link the Canadian cancer registry and the discharge abstract database
micro_IA40244216_3187,2015,2015,2015-01-01T00:00:00Z,exact,Wellness strategy
micro_IA40244216_3432,2015,2015,2015-01-01T00:00:00Z,exact,Health : annual report 2014-15
micro_IA40244216_3435,2015,2015,2015-01-01T00:00:00Z,exact,Tick surveillance : 2014 summary
micro_IA40244216_3640,2015,2015,2015-01-01T00:00:00Z,exact,City of Whitehorse: Municipal public health and wellbeing plan 2013-2017
micro_IA40424216_1249,2015,2015,2015-01-01T00:00:00Z,exact,2015-16 report on plans and priorities
micro_IA40424216_1266,2015,2015,2015-01-01T00:00:00Z,exact,2015-16 report on plans and priorities
micro_IA40424216_1268,2015,2015,2015-01-01T00:00:00Z,exact,2015-16 report on plans and priorities
micro_IA40424216_1309,2015,2015,2015-01-01T00:00:00Z,exact,2015-16 report on plans and priorities
micro_IA40424216_1314,2015,2015,2015-01-01T00:00:00Z,exact,"Evaluating transfers of harvested shellfish products, from the west to the east coast of Vancouver Island, as a potential vector for European green crabs (Carcinus maenas) and other non-indigenous invertebrate species"
micro_IA40242401_3639,2016,2016,2016-01-01T00:00:00Z,exact,Investigation report. IR16-01 : Office of the Premier.
micro_IA40242402_0176,2016,2016,2016-01-01T00:00:00Z,exact,Vaccination contre les virus du papillome humain (VPH) des hommes ayant des relations sexuelles avec des hommes : questions et reponses a l'intention des intervenants
micro_IA40242402_0177,2016,2016,2016-01-01T00:00:00Z,exact,"Immunisation des travailleurs de la sante, des stagiaires et de leurs professeurs : recommandations"
micro_IA40242402_0415,2016,2016,2016-01-01T00:00:00Z,exact,Assessing the social determinants of self-reported Inuit health in Inuit Nunangat
micro_IA40242402_0418,2016,2016,2016-01-01T00:00:00Z,exact,"Lifetime suicidal thoughts among First Nations living off reserve, Metis and Inuit aged 26 to 59 : prevalence and associated characteristics"
micro_IA40242402_0484,2016,2016,2016-01-01T00:00:00Z,exact,"Connections : equality of opportunity and freedom from discrimination. Volume 16, number 1 (January 1, 2016)"
micro_IA40242402_0563,2016,2016,2016-01-01T00:00:00Z,exact,2016/17-2018/19 service plan
micro_IA40242402_0654,2016,2016,2016-01-01T00:00:00Z,exact,2016-17 report on plans and priorities
micro_IA40242402_0662,2016,2016,2016-01-01T00:00:00Z,exact,2016-17 report on plans and priorities
micro_IA40242402_0668,2016,2016,2016-01-01T00:00:00Z,exact,2016-17 report on plans and priorities
micro_IA40242402_0700,2016,2016,2016-01-01T00:00:00Z,exact,Report on plans and priorities
micro_IA40242402_0719,2016,2016,2016-01-01T00:00:00Z,exact,2016/17--2018/19 service plan
micro_IA40242402_0868,2016,2016,2016-01-01T00:00:00Z,exact,Fenpyroximate
micro_IA40242402_0869,2016,2016,2016-01-01T00:00:00Z,exact,Propoxycarbazone-sodium
micro_IA40242402_0870,2016,2016,2016-01-01T00:00:00Z,exact,Mandestrobin
micro_IA40242402_0871,2016,2016,2016-01-01T00:00:00Z,exact,Buprofezin
micro_IA40242402_0872,2016,2016,2016-01-01T00:00:00Z,exact,Clothianidin
micro_IA40242402_0873,2016,2016,2016-01-01T00:00:00Z,exact,Imazapyr
micro_IA40242402_0874,2016,2016,2016-01-01T00:00:00Z,exact,Azoxystrobin
micro_IA40242402_0875,2016,2016,2016-01-01T00:00:00Z,exact,Fludioxonil
micro_IA40242402_0876,2016,2016,2016-01-01T00:00:00Z,exact,Cyprodinil
micro_IA40242402_0877,2016,2016,2016-01-01T00:00:00Z,exact,Azoxystrobin
micro_IA40242402_0878,2016,2016,2016-01-01T00:00:00Z,exact,Abamectin
micro_IA40242402_0958,2016,2016,2016-01-01T00:00:00Z,exact,Fenpyroximate
micro_IA40242402_0959,2016,2016,2016-01-01T00:00:00Z,exact,Sulfoxaflor
micro_IA40242402_0960,2016,2016,2016-01-01T00:00:00Z,exact,Clothianidin
micro_IA40242402_0961,2016,2016,2016-01-01T00:00:00Z,exact,Fluopyram
micro_IA40242402_0962,2016,2016,2016-01-01T00:00:00Z,exact,Propoxycarbazone-sodium
micro_IA40242402_0963,2016,2016,2016-01-01T00:00:00Z,exact,Buprofezin
micro_IA40242402_0964,2016,2016,2016-01-01T00:00:00Z,exact,Chlorantraniliprole
micro_IA40242402_0965,2016,2016,2016-01-01T00:00:00Z,exact,Metofluthrin
micro_IA40242402_0966,2016,2016,2016-01-01T00:00:00Z,exact,Metofluthrin
micro_IA40242402_0967,2016,2016,2016-01-01T00:00:00Z,exact,Fluopyram
micro_IA40242402_0968,2016,2016,2016-01-01T00:00:00Z,exact,Copper (present as cuprous oxide)
micro_IA40242402_0969,2016,2016,2016-01-01T00:00:00Z,exact,Amitraz
micro_IA40242402_1009,2016,2016,2016-01-01T00:00:00Z,exact,Fludioxonil
micro_IA40242402_1010,2016,2016,2016-01-01T00:00:00Z,exact,Pyridaben
micro_IA40242402_1011,2016,2016,2016-01-01T00:00:00Z,exact,Ferbam
micro_IA40242402_1012,2016,2016,2016-01-01T00:00:00Z,exact,Ziram
micro_IA40242402_1013,2016,2016,2016-01-01T00:00:00Z,exact,Thiram
micro_IA40242402_1014,2016,2016,2016-01-01T00:00:00Z,exact,Iprodione
micro_IA40242402_1015,2016,2016,2016-01-01T00:00:00Z,exact,Tetramethrin
micro_IA40242402_1016,2016,2016,2016-01-01T00:00:00Z,exact,Clethodim
micro_IA40242402_1017,2016,2016,2016-01-01T00:00:00Z,exact,Sodium omadine
micro_IA40242402_1018,2016,2016,2016-01-01T00:00:00Z,exact,Captan
micro_IA40242402_1066,2016,2016,2016-01-01T00:00:00Z,exact,2016-17 report on plans and priorities
micro_IA40242402_1267,2016,2016,2016-01-01T00:00:00Z,exact,2016/17-2018/19 service plan
micro_IA40242402_1275,2016,2016,2016-01-01T00:00:00Z,exact,2016/17-2018/19 service plan
micro_IA40242402_1294,2016,2016,2016-01-01T00:00:00Z,exact,Province of British Columbia strategic plan 2016/17-2019/20
micro_IA40242402_1316,2016,2016,2016-01-01T00:00:00Z,exact,Manitoba monthly surveillance report. December 2015
micro_IA40242402_1317,2016,2016,2016-01-01T00:00:00Z,exact,Manitoba monthly surveillance report. January 2016
micro_IA40242402_1348,2016,2016,2016-01-01T00:00:00Z,exact,Mandestrobin
micro_IA40242402_1353,2016,2016,2016-01-01T00:00:00Z,exact,Carbaryl
micro_IA40242402_1354,2016,2016,2016-01-01T00:00:00Z,exact,Propamocarb
micro_IA40242402_1369,2016,2016,2016-01-01T00:00:00Z,exact,Special review decision : quintozene
micro_IA40242402_1371,2016,2016,2016-01-01T00:00:00Z,exact,Special review decision : imazapyr
micro_IA40242402_1373,2016,2016,2016-01-01T00:00:00Z,exact,Joint PMRA/USEPA re-evaluation update for the pollinator risk assessment of the neonicotinoid insecticides
micro_IA40242402_1454,2016,2016,2016-01-01T00:00:00Z,exact,Pyroxasulfone
micro_IA40242402_1455,2016,2016,2016-01-01T00:00:00Z,exact,"(9Z, 12E)-9, 12-tetradecadien-1-yl acetate"
micro_IA40242402_1456,2016,2016,2016-01-01T00:00:00Z,exact,Noviflumuron
micro_IA40242402_1457,2016,2016,2016-01-01T00:00:00Z,exact,Pryhydojasmon
micro_IA40242402_1458,2016,2016,2016-01-01T00:00:00Z,exact,Fluoxastrobin
micro_IA40242402_1459,2016,2016,2016-01-01T00:00:00Z,exact,(S)-methoprene
micro_IA40242402_1460,2016,2016,2016-01-01T00:00:00Z,exact,Difenoconazole
micro_IA40242402_1662,2016,2016,2016-01-01T00:00:00Z,exact,"The chicken farmer Volume 18, issue 1 (February/March 2016)"
micro_IA40242402_1996,2016,2016,2016-01-01T00:00:00Z,exact,Business plan 2016-2017
micro_IA40242402_2002,2016,2016,2016-01-01T00:00:00Z,exact,Business plan 2016-2017
micro_IA40242402_2609,2016,2016,2016-01-01T00:00:00Z,exact,Special review of simazine : proposed decision for consultation
micro_IA40242402_2610,2016,2016,2016-01-01T00:00:00Z,exact,Special review decision : trifluralin
micro_IA40242402_2617,2016,2016,2016-01-01T00:00:00Z,exact,Imidacloprid
micro_IA40242402_2618,2016,2016,2016-01-01T00:00:00Z,exact,Tea tree oil
micro_IA40242402_2619,2016,2016,2016-01-01T00:00:00Z,exact,Octhilinone
micro_IA40242402_2626,2016,2016,2016-01-01T00:00:00Z,exact,"CCDR. Volume 42-1 (January 7, 2016)"
micro_IA40242402_2627,2016,2016,2016-01-01T00:00:00Z,exact,"CCDR. Volume 42-2 (February 4, 2016)"
micro_IA40242402_2628,2016,2016,2016-01-01T00:00:00Z,exact,"CCDR. Volume 42-3 (March 3, 2016)"
micro_IA40242402_2629,2016,2016,2016-01-01T00:00:00Z,exact,"CCDR. Volume 42-4 (April 7, 2016)"
micro_IA40242402_2630,2016,2016,2016-01-01T00:00:00Z,exact,"CCDR. Volume 42-5 (May 5, 2016)"
micro_IA40242402_2631,2016,2016,2016-01-01T00:00:00Z,exact,"CCDR. Volume 42-6 (June 2, 2016)"
micro_IA40242402_2632,2016,2016,2016-01-01T00:00:00Z,exact,"CCDR. Volume 42-7 (July 7, 2016)"
micro_IA40242402_2633,2016,2016,2016-01-01T00:00:00Z,exact,"CCDR. Volume 42-8 (August 4, 2016)"
micro_IA40242402_2640,2016,2016,2016-01-01T00:00:00Z,exact,RMTC. Volume 42-4 (le 7 avril 2016)
micro_IA40242402_2651,2016,2016,2016-01-01T00:00:00Z,exact,"CCDR. Supplement. (February 18, 2016) volume 42-S1"
micro_IA40242402_2652,2016,2016,2016-01-01T00:00:00Z,exact,"CCDR. Supplement. (March 17, 2016) volume 42-S2"
micro_IA40242402_2706,2016,2016,2016-01-01T00:00:00Z,exact,Yukon statistical review 2015
micro_IA40242402_2854,2016,2016,2016-01-01T00:00:00Z,exact,"Flexibility disabilities among Canadians aged 15 years and older, 2012"
micro_IA40242402_2855,2016,2016,2016-01-01T00:00:00Z,exact,"Mobility disabilities among Canadians aged 15 years and older, 2012"
micro_IA40242402_2856,2016,2016,2016-01-01T00:00:00Z,exact,"Dexterity disabilities among Canadians aged 15 years and older, 2012"
micro_IA40242402_2857,2016,2016,2016-01-01T00:00:00Z,exact,"Pain-related disabilities among Canadians aged 15 years and older, 2012"
micro_IA40242402_2884,2016,2016,2016-01-01T00:00:00Z,exact,Report on the performance evaluation of the Fluidigm BioMark Platform for high-throughput microbe monitoring in salmon
micro_IA40242402_3043,2016,2016,2016-01-01T00:00:00Z,exact,Mercury in fish in Alberta water bodies 2009-2013
micro_IA40242402_3077,2016,2016,2016-01-01T00:00:00Z,exact,Health care and social assistance industry
micro_IA40242402_3163,2016,2016,2016-01-01T00:00:00Z,exact,TB : annual report 2014
micro_IA40242402_3167,2016,2016,2016-01-01T00:00:00Z,exact,"Financial statements of British Columbia Emergency Health Services Corporation : year ended March 31, 2016"
micro_IA40242402_3173,2016,2016,2016-01-01T00:00:00Z,exact,"Financial statements of British Columbia Mental Health Society Branch : year ended March 31, 2016"
micro_IA40242402_3189,2016,2016,2016-01-01T00:00:00Z,exact,Forest health strategy : Nadina district 2016-2017
micro_IA40242402_3190,2016,2016,2016-01-01T00:00:00Z,exact,2015/16 annual service plan report
micro_IA40242402_3257,2016,2016,2016-01-01T00:00:00Z,exact,"Financial statements of Forensic Psychiatric Services Commission : year ended March 31, 2016"
micro_IA40242402_3317,2016,2016,2016-01-01T00:00:00Z,exact,WSIB 2016 premium rates manual
micro_IA40242402_3359,2016,2016,2016-01-01T00:00:00Z,exact,Community report 2015-16
micro_IA40242402_3418,2016,2016,2016-01-01T00:00:00Z,exact,"Health promotion and chronic disease prevention in Canada. Volume 36, number 1 (January 2016) : research, policy and practice"
micro_IA40242402_3419,2016,2016,2016-01-01T00:00:00Z,exact,"Health promotion and chronic disease prevention in Canada. Volume 36, number 2 (February 2016) : research, policy and practice"
micro_IA40242402_3420,2016,2016,2016-01-01T00:00:00Z,exact,"Health promotion and chronic disease prevention in Canada. Volume 36, number 3 (March 2016) : research, policy and practice"
micro_IA40242402_3421,2016,2016,2016-01-01T00:00:00Z,exact,"Health promotion and chronic disease prevention in Canada. Volume 36, number 4 (April 2016) : research, policy and practice"
micro_IA40242402_3422,2016,2016,2016-01-01T00:00:00Z,exact,"Health promotion and chronic disease prevention in Canada. Volume 36, number 5 (May 2016) : research, policy and practice"
micro_IA40242402_3423,2016,2016,2016-01-01T00:00:00Z,exact,"Health promotion and chronic disease prevention in Canada. Volume 36, number 6 (June 2016) : research, policy and practice"
micro_IA40242402_3429,2016,2016,2016-01-01T00:00:00Z,exact,"Health promotion and chronic disease prevention in Canada. Volume 36, number 7 (July 2016) : research, policy and practice"
micro_IA40242402_3449,2016,2016,2016-01-01T00:00:00Z,exact,Strategic plan 2016-2021
micro_IA40242402_3452,2016,2016,2016-01-01T00:00:00Z,exact,Boscalid
micro_IA40242402_3454,2016,2016,2016-01-01T00:00:00Z,exact,Pyraclostrobin
micro_IA40242402_3456,2016,2016,2016-01-01T00:00:00Z,exact,Carfentrazone-ethyl
micro_IA40242402_3458,2016,2016,2016-01-01T00:00:00Z,exact,Difenoconazole
micro_IA40242402_3460,2016,2016,2016-01-01T00:00:00Z,exact,Pyroxasulfone
micro_IA40242402_3462,2016,2016,2016-01-01T00:00:00Z,exact,Fluazifop-butyl
micro_IA40242402_3464,2016,2016,2016-01-01T00:00:00Z,exact,Sedaxane
micro_IA40242402_3466,2016,2016,2016-01-01T00:00:00Z,exact,Cyantraniliprole
micro_IA40242402_3470,2016,2016,2016-01-01T00:00:00Z,exact,Fluopyram
micro_IA40242402_3472,2016,2016,2016-01-01T00:00:00Z,exact,Trifloxystrobin
micro_IA40242402_3474,2016,2016,2016-01-01T00:00:00Z,exact,Metaldehyde
micro_IA40242402_3476,2016,2016,2016-01-01T00:00:00Z,exact,Fenhexamid
micro_IA40242402_3478,2016,2016,2016-01-01T00:00:00Z,exact,Pyraflufen-ethyl
micro_IA40242402_3480,2016,2016,2016-01-01T00:00:00Z,exact,Cyantraniliprole
micro_IA40242402_3482,2016,2016,2016-01-01T00:00:00Z,exact,Pyraclostrobin
micro_IA40242402_3484,2016,2016,2016-01-01T00:00:00Z,exact,Tebuconazole
micro_IA40242402_3486,2016,2016,2016-01-01T00:00:00Z,exact,Ametoctradin
micro_IA40242402_3488,2016,2016,2016-01-01T00:00:00Z,exact,Imazapyr
micro_IA40242402_3490,2016,2016,2016-01-01T00:00:00Z,exact,Pyriproxyfen
micro_IA40242402_3491,2016,2016,2016-01-01T00:00:00Z,exact,Kasugamycin
micro_IA40242402_3493,2016,2016,2016-01-01T00:00:00Z,exact,Cyazofamid
micro_IA40242402_3495,2016,2016,2016-01-01T00:00:00Z,exact,Tebuconazole
micro_IA40242402_3497,2016,2016,2016-01-01T00:00:00Z,exact,Clopyralid
micro_IA40242402_3499,2016,2016,2016-01-01T00:00:00Z,exact,Fosetyl-aluminum
micro_IA40242402_3501,2016,2016,2016-01-01T00:00:00Z,exact,Hexythiazox
micro_IA40242402_3503,2016,2016,2016-01-01T00:00:00Z,exact,Pyrimethanil
micro_IA40242402_3505,2016,2016,2016-01-01T00:00:00Z,exact,Spiromesifen
micro_IA40242402_3507,2016,2016,2016-01-01T00:00:00Z,exact,Bromoxynil
micro_IA40242402_3509,2016,2016,2016-01-01T00:00:00Z,exact,Benoxacor
micro_IA40242402_3511,2016,2016,2016-01-01T00:00:00Z,exact,S-metolachlor
micro_IA40242402_3513,2016,2016,2016-01-01T00:00:00Z,exact,Cyantraniliprole
micro_IA40242402_3515,2016,2016,2016-01-01T00:00:00Z,exact,Spinosad
micro_IA40242402_3517,2016,2016,2016-01-01T00:00:00Z,exact,Pyriofenone
micro_IA40242402_3519,2016,2016,2016-01-01T00:00:00Z,exact,Special review decision : fluazinam
micro_IA40242402_3520,2016,2016,2016-01-01T00:00:00Z,exact,Special review of carbaryl : proposed decision for consultation
micro_IA40242402_3523,2016,2016,2016-01-01T00:00:00Z,exact,Cypermethrin
micro_IA40242402_3525,2016,2016,2016-01-01T00:00:00Z,exact,Boric acid and its salts (boron)
micro_IA40242402_3526,2016,2016,2016-01-01T00:00:00Z,exact,Imazamox
micro_IA40242402_3527,2016,2016,2016-01-01T00:00:00Z,exact,d-Phenothrin
micro_IA40242402_3528,2016,2016,2016-01-01T00:00:00Z,exact,4-Aminopyridine
micro_IA40242402_3533,2016,2016,2016-01-01T00:00:00Z,exact,"Male sea lamprey mating pheromone (3-ketopetromyzonol-24-sulfate, ammonium salt)"
micro_IA40242402_3534,2016,2016,2016-01-01T00:00:00Z,exact,Acetic acid
micro_IA40242402_3535,2016,2016,2016-01-01T00:00:00Z,exact,Propoxycarbazone-sodium
micro_IA40242402_3536,2016,2016,2016-01-01T00:00:00Z,exact,Fenpyroximate
micro_IA40242402_3537,2016,2016,2016-01-01T00:00:00Z,exact,Sulfoxaflor
micro_IA40242402_3538,2016,2016,2016-01-01T00:00:00Z,exact,Clothianidin
micro_IA40242402_3539,2016,2016,2016-01-01T00:00:00Z,exact,Mandestrobin
micro_IA40242402_3540,2016,2016,2016-01-01T00:00:00Z,exact,Fluopyram
micro_IA40242402_3541,2016,2016,2016-01-01T00:00:00Z,exact,Thymol
micro_IA40242402_3542,2016,2016,2016-01-01T00:00:00Z,exact,Chlorantraniliprole
micro_IA40242402_3543,2016,2016,2016-01-01T00:00:00Z,exact,Hydrogen peroxide
micro_IA40242402_3544,2016,2016,2016-01-01T00:00:00Z,exact,Isofetamid
micro_IA40242402_3545,2016,2016,2016-01-01T00:00:00Z,exact,Metofluthrin
micro_IA40242402_3546,2016,2016,2016-01-01T00:00:00Z,exact,Metofluthrin
micro_IA40242402_3547,2016,2016,2016-01-01T00:00:00Z,exact,Buprofezin
micro_IA40242402_3548,2016,2016,2016-01-01T00:00:00Z,exact,Copper (present as cuprous oxide)
micro_IA40242402_3549,2016,2016,2016-01-01T00:00:00Z,exact,Fluopyram
micro_IA40242402_3550,2016,2016,2016-01-01T00:00:00Z,exact,Cyantraniliprole
micro_IA40242402_3551,2016,2016,2016-01-01T00:00:00Z,exact,Dyson humidifier
micro_IA40242402_3572,2016,2016,2016-01-01T00:00:00Z,exact,Mandipropamid
micro_IA40242402_3573,2016,2016,2016-01-01T00:00:00Z,exact,Pyriofenone
micro_IA40242402_3696,2016,2016,2016-01-01T00:00:00Z,exact,Pyriproxyfen
micro_IA40242403_0028,2016,2016,2016-01-01T00:00:00Z,exact,Understanding your health by using reference ranges
micro_IA40242403_0031,2016,2016,2016-01-01T00:00:00Z,exact,Linking the Canadian immigrant landing file to hospital data : a new data source for immigrant health research
micro_IA40242403_0076,2016,2016,2016-01-01T00:00:00Z,exact,Accountability report 2015-2016
micro_IA40242403_0088,2016,2016,2016-01-01T00:00:00Z,exact,Budget 2016-2017 : budget address
micro_IA40242403_0123,2016,2016,2016-01-01T00:00:00Z,exact,Northwest Territories state of the conservation network 2016
micro_IA40242403_0176,2016,2016,2016-01-01T00:00:00Z,exact,Annual report for 2015
micro_IA40242403_0177,2016,2016,2016-01-01T00:00:00Z,exact,Annual report for 2015
micro_IA40242403_0178,2016,2016,2016-01-01T00:00:00Z,exact,Annual report for 2015
micro_IA40242403_0181,2016,2016,2016-01-01T00:00:00Z,exact,2015 annual report
micro_IA40242403_0182,2016,2016,2016-01-01T00:00:00Z,exact,2014 annual report
micro_IA40242403_0185,2016,2016,2016-01-01T00:00:00Z,exact,Annual report for 2015
micro_IA40242403_0215,2016,2016,2016-01-01T00:00:00Z,exact,Annual report 2015-16
micro_IA40242403_0216,2016,2016,2016-01-01T00:00:00Z,exact,Annual report 2015-2016
micro_IA40242403_0219,2016,2016,2016-01-01T00:00:00Z,exact,2015-2016 annual report
micro_IA40242403_0220,2016,2016,2016-01-01T00:00:00Z,exact,SHEPP 2015 annual report
micro_IA40242403_0221,2016,2016,2016-01-01T00:00:00Z,exact,Strategic plan 2021
micro_IA40242403_0224,2016,2016,2016-01-01T00:00:00Z,exact,Health Quality Council annual report 2015-2016
micro_IA40242403_0225,2016,2016,2016-01-01T00:00:00Z,exact,Annual report 2015-2016
micro_IA40242403_0226,2016,2016,2016-01-01T00:00:00Z,exact,Annual report 2015-2016
micro_IA40242403_0227,2016,2016,2016-01-01T00:00:00Z,exact,2015-2016 annual report
micro_IA40242403_0228,2016,2016,2016-01-01T00:00:00Z,exact,2015-2016 annual report
micro_IA40242403_0276,2016,2016,2016-01-01T00:00:00Z,exact,Better together : annual report 2015-16
micro_IA40242403_0295,2016,2016,2016-01-01T00:00:00Z,exact,"Annual report : for the 2015-16 fiscal year ended March 31, 2016"
micro_IA40242403_0296,2016,2016,2016-01-01T00:00:00Z,exact,Annual statistical report for 2015-16
micro_IA40242403_0297,2016,2016,2016-01-01T00:00:00Z,exact,Annual report for 2015-16
micro_IA40242403_0394,2016,2016,2016-01-01T00:00:00Z,exact,"CCDR: Canada communicable disease report. (September 1, 2016) volume 42-9, Scientific writing"
micro_IA40242403_0434,2016,2016,2016-01-01T00:00:00Z,exact,Azamethiphos
micro_IA40242403_0435,2016,2016,2016-01-01T00:00:00Z,exact,Sulfuryl fluoride
micro_IA40242403_0436,2016,2016,2016-01-01T00:00:00Z,exact,Chlorantraniliprole
micro_IA40242403_0437,2016,2016,2016-01-01T00:00:00Z,exact,Tolfenpyrad
micro_IA40242403_0438,2016,2016,2016-01-01T00:00:00Z,exact,Zoxamide
micro_IA40242403_0444,2016,2016,2016-01-01T00:00:00Z,exact,Canola oil
micro_IA40242403_0445,2016,2016,2016-01-01T00:00:00Z,exact,Azamethiphos
micro_IA40242403_0446,2016,2016,2016-01-01T00:00:00Z,exact,Bacillus mycoides isolate J
micro_IA40242403_0447,2016,2016,2016-01-01T00:00:00Z,exact,4-chloroindole-3-acetic acid
micro_IA40242403_0448,2016,2016,2016-01-01T00:00:00Z,exact,Flumethrin
micro_IA40242403_0454,2016,2016,2016-01-01T00:00:00Z,exact,Antisapstain and joinery uses of propiconazole
micro_IA40242403_0456,2016,2016,2016-01-01T00:00:00Z,exact,Imidacloprid
micro_IA40242403_0457,2016,2016,2016-01-01T00:00:00Z,exact,Potassium bicarbonate
micro_IA40242403_0460,2016,2016,2016-01-01T00:00:00Z,exact,Amitraz
micro_IA40242403_0462,2016,2016,2016-01-01T00:00:00Z,exact,"Value assessment of corn and soybean seed treatment use of clothianidin, imidacloprid and thiamethoxam"
micro_IA40242403_0464,2016,2016,2016-01-01T00:00:00Z,exact,Re-evaluation of imidacloprid : preliminary pollinator assessment
micro_IA40242403_0466,2016,2016,2016-01-01T00:00:00Z,exact,Chlorothalonil : amendment to the proposed re-evaluation decision
micro_IA40242403_0468,2016,2016,2016-01-01T00:00:00Z,exact,Pest Management Regulatory Agency re-evaluation and special review work plan 2015-2020
micro_IA40242403_0470,2016,2016,2016-01-01T00:00:00Z,exact,"Special review of 2,4-D : proposed decision for consultation"
micro_IA40242403_0474,2016,2016,2016-01-01T00:00:00Z,exact,Special review decision : fluazifop-p-butyl
micro_IA40242403_0476,2016,2016,2016-01-01T00:00:00Z,exact,Special review of dichlobenil : proposed decision for consultation
micro_IA40242403_0502,2016,2016,2016-01-01T00:00:00Z,exact,"Copper pesticides environmental assessment of wood preservative, material preservative and antifouling uses"
micro_IA40242403_0521,2016,2016,2016-01-01T00:00:00Z,exact,Canadian computed tomography survey : national diagnostic reference levels
micro_IA40242403_0553,2016,2016,2016-01-01T00:00:00Z,exact,Guidelines on public engagement
micro_IA40242403_0557,2016,2016,2016-01-01T00:00:00Z,exact,HPFB strategic plan 2016-2021
micro_IA40242403_0561,2016,2016,2016-01-01T00:00:00Z,exact,Summary report on active soil depressurization (ASD) field study
micro_IA40242403_0564,2016,2016,2016-01-01T00:00:00Z,exact,Flonicamid
micro_IA40242403_0565,2016,2016,2016-01-01T00:00:00Z,exact,Clethodim
micro_IA40242403_0566,2016,2016,2016-01-01T00:00:00Z,exact,Spinosad
micro_IA40242403_0567,2016,2016,2016-01-01T00:00:00Z,exact,Cyazofamid
micro_IA40242403_0598,2016,2016,2016-01-01T00:00:00Z,exact,Weekly economic review. EI claims jump as benefits extended
micro_IA40242403_0981,2016,2016,2016-01-01T00:00:00Z,exact,Tea tree oil
micro_IA40242403_0982,2016,2016,2016-01-01T00:00:00Z,exact,Octhilinone
micro_IA40242403_0987,2016,2016,2016-01-01T00:00:00Z,exact,Special review of acephate : proposed decision for consultation
micro_IA40242403_0989,2016,2016,2016-01-01T00:00:00Z,exact,Acrolein
micro_IA40242403_0990,2016,2016,2016-01-01T00:00:00Z,exact,Quinclorac
micro_IA40242403_0995,2016,2016,2016-01-01T00:00:00Z,exact,Cyantraniliprole
micro_IA40242403_0996,2016,2016,2016-01-01T00:00:00Z,exact,Dyson humidifier
micro_IA40242403_0997,2016,2016,2016-01-01T00:00:00Z,exact,Potassium Bicarbonate
micro_IA40242403_0998,2016,2016,2016-01-01T00:00:00Z,exact,Imidacloprid
micro_IA40242403_0999,2016,2016,2016-01-01T00:00:00Z,exact,Phoma macrostoma strain 94-44B
micro_IA40242403_1000,2016,2016,2016-01-01T00:00:00Z,exact,Sulfuryl fluoride
micro_IA40242403_1007,2016,2016,2016-01-01T00:00:00Z,exact,Beta-cyfluthrin
micro_IA40242403_1009,2016,2016,2016-01-01T00:00:00Z,exact,Clomazone
micro_IA40242403_1010,2016,2016,2016-01-01T00:00:00Z,exact,Spinetoram
micro_IA40242403_1011,2016,2016,2016-01-01T00:00:00Z,exact,Mandipropamid
micro_IA40242403_1018,2016,2016,2016-01-01T00:00:00Z,exact,Restricted use of human studies with pesticides for regulatory purposes
micro_IA40242403_1019,2016,2016,2016-01-01T00:00:00Z,exact,Dermal absorption : position papers from the North American Free Trade Agreement (NAFTA) Technical Working Group (TWG)
micro_IA40242403_1026,2016,2016,2016-01-01T00:00:00Z,exact,2016-17 Alberta Health Services health plan & business plan
micro_IA40242403_1028,2016,2016,2016-01-01T00:00:00Z,exact,Alberta Health Services 2015-16 annual report
micro_IA40242403_1152,2016,2016,2016-01-01T00:00:00Z,exact,Resident handbook : Prince Edward Home
micro_IA40242403_1153,2016,2016,2016-01-01T00:00:00Z,exact,PEI cancer strategy 2016-2019
micro_IA40242403_1161,2016,2016,2016-01-01T00:00:00Z,exact,Tick surveillance : 2015 summary
micro_IA40242403_1203,2016,2016,2016-01-01T00:00:00Z,exact,Annual report 2015-2016
micro_IA40242403_1493,2016,2016,2016-01-01T00:00:00Z,exact,State of knowledge of the oceanography and water exchange on the south coast of Newfoundland to support the development of bay management areas for finfish aquaculture
micro_IA40242403_1693,2016,2016,2016-01-01T00:00:00Z,exact,Spinetoram
micro_IA40242403_1694,2016,2016,2016-01-01T00:00:00Z,exact,Spirotetramat
micro_IA40242403_1695,2016,2016,2016-01-01T00:00:00Z,exact,Abamectin
micro_IA40242403_1696,2016,2016,2016-01-01T00:00:00Z,exact,Fenpyroximate
micro_IA40242403_1697,2016,2016,2016-01-01T00:00:00Z,exact,Chlorothalonil
micro_IA40242403_1698,2016,2016,2016-01-01T00:00:00Z,exact,Abamectin
micro_IA40242403_1699,2016,2016,2016-01-01T00:00:00Z,exact,Metconazole
micro_IA40242403_1700,2016,2016,2016-01-01T00:00:00Z,exact,Teflubenzuron
micro_IA40242403_1701,2016,2016,2016-01-01T00:00:00Z,exact,Formetanate hydrochloride
micro_IA40242403_1702,2016,2016,2016-01-01T00:00:00Z,exact,Quinoxyfen
micro_IA40242403_1703,2016,2016,2016-01-01T00:00:00Z,exact,Chlorantraniliprole
micro_IA40242403_1704,2016,2016,2016-01-01T00:00:00Z,exact,Penflufen
micro_IA40242403_1705,2016,2016,2016-01-01T00:00:00Z,exact,Carfentrazone-ethyl
micro_IA40242403_1706,2016,2016,2016-01-01T00:00:00Z,exact,Flumethrin
micro_IA40242403_1707,2016,2016,2016-01-01T00:00:00Z,exact,Myclobutanil
micro_IA40242403_1723,2016,2016,2016-01-01T00:00:00Z,exact,Mandipropamid
micro_IA40242403_1724,2016,2016,2016-01-01T00:00:00Z,exact,Pyriofenone
micro_IA40242403_1725,2016,2016,2016-01-01T00:00:00Z,exact,Flumethrin
micro_IA40242403_1726,2016,2016,2016-01-01T00:00:00Z,exact,Canola oil
micro_IA40242403_1731,2016,2016,2016-01-01T00:00:00Z,exact,Garlic juice
micro_IA40242403_1732,2016,2016,2016-01-01T00:00:00Z,exact,Pyraflufen-ethyl
micro_IA40242403_1733,2016,2016,2016-01-01T00:00:00Z,exact,Tebuconazole
micro_IA40242403_1734,2016,2016,2016-01-01T00:00:00Z,exact,Cyazofamid
micro_IA40242403_1739,2016,2016,2016-01-01T00:00:00Z,exact,Initiation of special reviews : potential environmental risk to aquatic invertebrates related to the use of clothianidin and thiamethoxam
micro_IA40242403_1740,2016,2016,2016-01-01T00:00:00Z,exact,Special review of diazinon : subsection 17(1) of Pest Control Products Act : proposed decision for consultation
micro_IA40242403_1758,2016,2016,2016-01-01T00:00:00Z,exact,Guidelines for the advertising of pest control products
micro_IA40242403_1759,2016,2016,2016-01-01T00:00:00Z,exact,Notification/non-notification
micro_IA40242403_1760,2016,2016,2016-01-01T00:00:00Z,exact,Final decision regarding conditional registrations under the pest control products regulations
micro_IA40242403_1761,2016,2016,2016-01-01T00:00:00Z,exact,Management of pesticides re-evaluation policy
micro_IA40242403_1874,2016,2016,2016-01-01T00:00:00Z,exact,2015 annual report
micro_IA40242403_1903,2016,2016,2016-01-01T00:00:00Z,exact,Advancing person-centered care to improve health outcomes : 2015-2016 annual report
micro_IA40242403_1924,2016,2016,2016-01-01T00:00:00Z,exact,2015-16 departmental performance report
micro_IA40242403_1932,2016,2016,2016-01-01T00:00:00Z,exact,2015-16 departmental performance report
micro_IA40242403_1942,2016,2016,2016-01-01T00:00:00Z,exact,2015-16 departmental performance report
micro_IA40242403_1952,2016,2016,2016-01-01T00:00:00Z,exact,2015-16 departmental performance report
micro_IA40242403_1980,2016,2016,2016-01-01T00:00:00Z,exact,2015-16 departmental performance report
micro_IA40242403_1994,2016,2016,2016-01-01T00:00:00Z,exact,2015-16 departmental performance report
micro_IA40242403_2277,2016,2016,2016-01-01T00:00:00Z,exact,Development of RT-qPCR methodologies for the detection of viral pathogens in various shrimp species
micro_IA40242403_2584,2016,2016,2016-01-01T00:00:00Z,exact,Annual report for 2015-16
micro_IA40242403_2659,2016,2016,2016-01-01T00:00:00Z,exact,Report to the Legislature 2015
micro_IA40242403_2663,2016,2016,2016-01-01T00:00:00Z,exact,Annual report 2015-2016
micro_IA40242403_2674,2016,2016,2016-01-01T00:00:00Z,exact,Annual report 2015-2016
micro_IA40242403_2698,2016,2016,2016-01-01T00:00:00Z,exact,Annual report 2015-2016
micro_IA40242403_2762,2016,2016,2016-01-01T00:00:00Z,exact,2015-16 annual report
micro_IA40242403_2773,2016,2016,2016-01-01T00:00:00Z,exact,Annual report for 2015-16
micro_IA40242403_2865,2016,2016,2016-01-01T00:00:00Z,exact,Bacillus mycoides isolate J
micro_IA40242403_2866,2016,2016,2016-01-01T00:00:00Z,exact,4-chloroindole-3-acetic acid
micro_IA40242403_2867,2016,2016,2016-01-01T00:00:00Z,exact,Sulfuryl fluoride
micro_IA40242403_2868,2016,2016,2016-01-01T00:00:00Z,exact,Phoma macrostoma strain 94-44B
micro_IA40242403_2869,2016,2016,2016-01-01T00:00:00Z,exact,Pyraflufen-ethyl
micro_IA40242403_2883,2016,2016,2016-01-01T00:00:00Z,exact,Ammonia (present as ammonium carbamate)
micro_IA40242403_2887,2016,2016,2016-01-01T00:00:00Z,exact,Special review of diazinon - subsection 17(2) of Pest Control Products Act : proposed decision for consultation
micro_IA40242403_2895,2016,2016,2016-01-01T00:00:00Z,exact,Imidacloprid
micro_IA40242403_2896,2016,2016,2016-01-01T00:00:00Z,exact,Joinery use of tebuconazole
micro_IA40242403_2897,2016,2016,2016-01-01T00:00:00Z,exact,Antisapstain and joinery uses of boron
micro_IA40242403_2898,2016,2016,2016-01-01T00:00:00Z,exact,Antisapstain use of 2-(thiocyanomethylthio) benzothiazole (TCMTB)
micro_IA40242403_2899,2016,2016,2016-01-01T00:00:00Z,exact,Antisapstain and joinery uses of didecyl dimethyl ammonium chloride (DDAC)
micro_IA40242403_2900,2016,2016,2016-01-01T00:00:00Z,exact,Antisapstain and joinery uses of iodocarb
micro_IA40242403_2901,2016,2016,2016-01-01T00:00:00Z,exact,Antisapstain use of copper-8-quinolinolate
micro_IA40242403_2911,2016,2016,2016-01-01T00:00:00Z,exact,Revised environmental data requirements
micro_IA40242403_2912,2016,2016,2016-01-01T00:00:00Z,exact,Management of the pesticide re-evaluation process
micro_IA40242403_2913,2016,2016,2016-01-01T00:00:00Z,exact,Essential oil-based personal insect repellents (EOPIR) : information requirements for assessment of risks to human health : addendum to the guidelines for the registration of non-conventional pest control products (DIR2012-01)
micro_IA40242403_2914,2016,2016,2016-01-01T00:00:00Z,exact,Policy on cancellations and amendments following re-evaluation and special review
micro_IA40242403_3146,2016,2016,2016-01-01T00:00:00Z,exact,Regional differences in the prevalence of Trichinella spp. in wolves in the Northwest Territories
micro_IA40242403_3177,2016,2016,2016-01-01T00:00:00Z,exact,2015-2016 Risk Management and Insurance annual report
micro_IA40242403_3191,2016,2016,2016-01-01T00:00:00Z,exact,Budget address
micro_IA40242403_3223,2016,2016,2016-01-01T00:00:00Z,exact,"Flash grippe. Volume 7, numero 1 (le mercredi 21 septembre 2016), Proteger les plus vulnerables, la vaccination demeure le meilleur moyen de prevenir les complications de la grippe, qui sont plus frequentes chez les personnes vulnerables"
micro_IA40242403_3531,2016,2016,2016-01-01T00:00:00Z,exact,Refrigeration and air conditioning mechanic : apprenticeship course outline
micro_IA40242403_3648,2016,2016,2016-01-01T00:00:00Z,exact,Annual report 2015-16
micro_IA40242403_3649,2016,2016,2016-01-01T00:00:00Z,exact,Public Health Appeal Board 2015 annual report
micro_IA40242403_3653,2016,2016,2016-01-01T00:00:00Z,exact,"Alberta health care insurance plan statistical supplement, 2015/2016"
micro_IA40242403_3657,2016,2016,2016-01-01T00:00:00Z,exact,Primary care networks review
micro_IA40242404_0023,2016,2016,2016-01-01T00:00:00Z,exact,2015-2016 annual report Nova Scotia Public Service Superannuation Plan
micro_IA40242404_0390,2016,2016,2016-01-01T00:00:00Z,exact,2014/2015 Alberta long-term care resident profile
micro_IA40242404_0416,2016,2016,2016-01-01T00:00:00Z,exact,Business plan 2016-19
micro_IA40242404_0422,2016,2016,2016-01-01T00:00:00Z,exact,"Communities and diamonds : 2015 annual report of the Government of the Northwest Territories under the Ekati, Diavik and Snap Lake socio-economic agreements"
micro_IA40242404_0524,2016,2016,2016-01-01T00:00:00Z,exact,2015-2016 annual report
micro_IA40242404_0590,2016,2016,2016-01-01T00:00:00Z,exact,Strategic plan 2016-2018
micro_IA40242404_0642,2016,2016,2016-01-01T00:00:00Z,exact,A fish sampling protocol for the Musquash Estuary Marine Protected Area
micro_IA40242404_0653,2016,2016,2016-01-01T00:00:00Z,exact,Coastal biodiversity trawl of the Passamaquoddy Bay area : 2009 to 2014
micro_IA40242404_0856,2016,2016,2016-01-01T00:00:00Z,exact,Annual report 2015-2016
micro_IA40242404_0878,2016,2016,2016-01-01T00:00:00Z,exact,2015-16 annual report
micro_IA40242404_0954,2016,2016,2016-01-01T00:00:00Z,exact,2015-2016 annual report
micro_IA40242404_1052,2016,2016,2016-01-01T00:00:00Z,exact,Report on the budget 2017 consultations
micro_IA40242404_1084,2016,2016,2016-01-01T00:00:00Z,exact,"Social determinants of health for the off-reserve First Nations population, 15 years of age and older, 2012"
micro_IA40242404_1124,2016,2016,2016-01-01T00:00:00Z,exact,Annual report for 2015-16
micro_IA40242404_1130,2016,2016,2016-01-01T00:00:00Z,exact,"2016 guide to crop protection : for the chemical management of weeds, plant diseases and insects"
micro_IA40242404_1259,2016,2016,2016-01-01T00:00:00Z,exact,Health and work in the family : evidence from spouses' cancer diagnoses
micro_IA40242404_1285,2016,2016,2016-01-01T00:00:00Z,exact,"Impaired driving in Canada, 2015"
micro_IA40242404_1321,2016,2016,2016-01-01T00:00:00Z,exact,Population health impact of statin treatment in Canada
micro_IA40242404_1322,2016,2016,2016-01-01T00:00:00Z,exact,The 2006 Canadian birth-census cohort
micro_IA40242404_1323,2016,2016,2016-01-01T00:00:00Z,exact,Validation of the 10-item Kessler psychological distress scale (K10) in the 2012 Aboriginal peoples survey
micro_IA40242404_1324,2016,2016,2016-01-01T00:00:00Z,exact,Cadmium levels and sources of exposure among Canadian adults
micro_IA40242404_1325,2016,2016,2016-01-01T00:00:00Z,exact,"Exposure to industrial air pollutant emissions and lung function in children : Canadian health measures survey, 2007 to 2011"
micro_IA40242404_1326,2016,2016,2016-01-01T00:00:00Z,exact,Child abuse and physical health in adulthood
micro_IA40242404_1328,2016,2016,2016-01-01T00:00:00Z,exact,Development and implementation of microsimulation models of neurological conditions
micro_IA40242404_1329,2016,2016,2016-01-01T00:00:00Z,exact,Active travel and adults' health : the 2007-to-2011 Canadian health measures surveys
micro_IA40242404_1332,2016,2016,2016-01-01T00:00:00Z,exact,Alzheimer's disease and other dementias in Canada
micro_IA40242404_1333,2016,2016,2016-01-01T00:00:00Z,exact,"Mortality from Alzheimer's disease in Canada : a multiple-cause-of-death analysis, 2004 to 2011"
micro_IA40242404_1334,2016,2016,2016-01-01T00:00:00Z,exact,Vitamin C status of Canadian adults : findings from the 2012/2013 Canadian health measures survey
micro_IA40242404_1335,2016,2016,2016-01-01T00:00:00Z,exact,Child functional characteristics explain child and family outcomes better than diagnosis : population-based study of children with autism or other neurodevelopmental disorders/disabilities
micro_IA40242404_1336,2016,2016,2016-01-01T00:00:00Z,exact,Out-of-pocket spending on drugs and pharmaceutical products and cost-related prescription non-adherence among Canadians with chronic disease
micro_IA40242404_1338,2016,2016,2016-01-01T00:00:00Z,exact,Socioeconomic differences in nitrogen dioxide ambient air pollution exposure among children in the three largest Canadian cities
micro_IA40242404_1341,2016,2016,2016-01-01T00:00:00Z,exact,"Acute care hospitalization, by immigrant category : linking hospital data and the immigrant landing file in Canada"
micro_IA40242404_1342,2016,2016,2016-01-01T00:00:00Z,exact,Epilepsy in Canada : prevalence and impact
micro_IA40242404_1343,2016,2016,2016-01-01T00:00:00Z,exact,"Outdoor time, physical activity, sedentary time, and health indicators at ages 7 to 14 : 2012/2013 Canadian health measures survey"
micro_IA40242404_1344,2016,2016,2016-01-01T00:00:00Z,exact,Physical activity and sedentary behaviour of Canadian children aged 3 to 5
micro_IA40242404_1345,2016,2016,2016-01-01T00:00:00Z,exact,"Grip strength reference values for Canadians aged 6 to 79 : Canadian health measures survey, 2007 to 2013"
micro_IA40242404_1346,2016,2016,2016-01-01T00:00:00Z,exact,"Reduced muscular strength among Canadians aged 60 to 79 : Canadian health measures survey, 2007 to 2013"
micro_IA40242404_1347,2016,2016,2016-01-01T00:00:00Z,exact,Hearing difficulties and feelings of social isolation among Canadians aged 45 or older
micro_IA40242404_1348,2016,2016,2016-01-01T00:00:00Z,exact,Threshold and subthreshold generalized anxiety disorder (GAD) and suicide ideation
micro_IA40242404_1349,2016,2016,2016-01-01T00:00:00Z,exact,"Acute care hospitalization of refugees to Canada : linked data for immigrants from Poland, Vietnam and the Middle East"
micro_IA40242404_1350,2016,2016,2016-01-01T00:00:00Z,exact,Linking the Canadian community health survey and the Canadian mortality database : an enhanced data source for the study of mortality
micro_IA40242404_1359,2016,2016,2016-01-01T00:00:00Z,exact,"Acute care hospitalization by Aboriginal identity, Canada, 2006 through 2008"
micro_IA40242404_1398,2016,2016,2016-01-01T00:00:00Z,exact,"Reduction de la force musculaire chez les Canadiens ages de 60 a 79 ans : enquete canadienne sur les mesures de la sante, 2007 a 2013"
micro_IA40242404_1436,2016,2016,2016-01-01T00:00:00Z,exact,Cyberbullying and cyberstalking among Internet users aged 15 to 29 in Canada
micro_IA40242404_1487,2016,2016,2016-01-01T00:00:00Z,exact,Prince Edward Island 2016-2026 mental health and addiction strategy
micro_IA40242404_1535,2016,2016,2016-01-01T00:00:00Z,exact,Radon awareness in Canada
micro_IA40242404_1562,2016,2016,2016-01-01T00:00:00Z,exact,The 2001 Canadian census-tax-mortality cohort : a 10-year follow-up
micro_IA40242404_1573,2016,2016,2016-01-01T00:00:00Z,exact,Annual report 2015-2016
micro_IA40242404_1581,2016,2016,2016-01-01T00:00:00Z,exact,Annual statistics 2015-2016
micro_IA40242404_1678,2016,2016,2016-01-01T00:00:00Z,exact,Plan for 2016-17
micro_IA40242404_1684,2016,2016,2016-01-01T00:00:00Z,exact,Plan for 2016-17
micro_IA40242404_1709,2016,2016,2016-01-01T00:00:00Z,exact,2015-16 annual report
micro_IA40242404_1888,2016,2016,2016-01-01T00:00:00Z,exact,The health of girls and women
micro_IA40242404_1889,2016,2016,2016-01-01T00:00:00Z,exact,Senior women
micro_IA40242404_1926,2016,2016,2016-01-01T00:00:00Z,exact,Inuit : fact sheet for Nunavut
micro_IA40242404_1927,2016,2016,2016-01-01T00:00:00Z,exact,Inuit : fact sheet for Nunavik
micro_IA40242404_1928,2016,2016,2016-01-01T00:00:00Z,exact,Inuit : fact sheet for Nunatsiavut
micro_IA40242404_1929,2016,2016,2016-01-01T00:00:00Z,exact,Inuit : fact sheet for Inuit Nunangat
micro_IA40242404_1931,2016,2016,2016-01-01T00:00:00Z,exact,Aboriginal peoples : fact sheet for Newfoundland and Labrador
micro_IA40242404_1932,2016,2016,2016-01-01T00:00:00Z,exact,Aboriginal peoples : fact sheet for Prince Edward Island
micro_IA40242404_1933,2016,2016,2016-01-01T00:00:00Z,exact,Aboriginal peoples : fact sheet for Nova Scotia
micro_IA40242404_1934,2016,2016,2016-01-01T00:00:00Z,exact,Aboriginal peoples : fact sheet for New Brunswick
micro_IA40242404_1935,2016,2016,2016-01-01T00:00:00Z,exact,Aboriginal peoples : fact sheet for Quebec
micro_IA40242404_1936,2016,2016,2016-01-01T00:00:00Z,exact,Aboriginal peoples : fact sheet for Ontario
micro_IA40242404_1937,2016,2016,2016-01-01T00:00:00Z,exact,Aboriginal peoples : fact sheet for Manitoba
micro_IA40242404_1938,2016,2016,2016-01-01T00:00:00Z,exact,Aboriginal peoples : fact sheet for Saskatchewan
micro_IA40242404_1939,2016,2016,2016-01-01T00:00:00Z,exact,Aboriginal peoples : fact sheet for Alberta
micro_IA40242404_1940,2016,2016,2016-01-01T00:00:00Z,exact,Aboriginal peoples : fact sheet for British Columbia
micro_IA40242404_1941,2016,2016,2016-01-01T00:00:00Z,exact,Aboriginal peoples : fact sheet for Yukon
micro_IA40242404_1942,2016,2016,2016-01-01T00:00:00Z,exact,Aboriginal peoples : fact sheet for Northwest Territories
micro_IA40242404_1943,2016,2016,2016-01-01T00:00:00Z,exact,Inuit : fact sheet for Inuvialuit Region
micro_IA40242404_2097,2016,2016,2016-01-01T00:00:00Z,exact,"Manitoba Health, Healthy Living and Seniors population report : June 1, 2016"
micro_IA40242404_2119,2016,2016,2016-01-01T00:00:00Z,exact,"Ekati, Diavik and Snap Lake socio-economic agreements : implementation report, 2015"
micro_IA40242404_2157,2016,2016,2016-01-01T00:00:00Z,exact,Annual report for 2015
micro_IA40242404_2693,2016,2016,2016-01-01T00:00:00Z,exact,Two thousand and sixteen annual report
micro_IA40242404_2710,2016,2016,2016-01-01T00:00:00Z,exact,"Annual report 2015-2016 : (fiscal period--April 1, 2015 to March 31, 2016)"
micro_IA40242404_2712,2016,2016,2016-01-01T00:00:00Z,exact,Vaccines : the best medicine : 2014 annual report of the Chief Medical Officer of Health of Ontario to the Legislative Assembly of Ontario
micro_IA40242404_3402,2016,2016,2016-01-01T00:00:00Z,exact,Market overview. United Arab Emirates
micro_IA40242404_3421,2016,2016,2016-01-01T00:00:00Z,exact,Health and wellness series. Organic packaged foods and beverages in the Netherlands
micro_IA40242404_3422,2016,2016,2016-01-01T00:00:00Z,exact,Health and wellness series. Rhodiola rosea in packaged foods and beverages
micro_IA40242404_3423,2016,2016,2016-10-01T00:00:00Z,exact,Market Access Secretariat: Global analysis report - Health and wellness series
micro_IA40242404_3424,2016,2016,2016-01-01T00:00:00Z,exact,Health and wellness series. Pea protein isolate in food and beverage products
micro_IA40242404_3619,2016,2016,2016-01-01T00:00:00Z,exact,Annual report 2015-2016
micro_IA40242405_0122,2016,2016,2016-01-01T00:00:00Z,exact,2015-16 annual report : wholistic health of Keewatin Yatthe Region residents
micro_IA40242405_0170,2016,2016,2016-01-01T00:00:00Z,exact,"Financial statements : for the year ended March 31, 2016"
micro_IA40242405_0254,2016,2016,2016-01-01T00:00:00Z,exact,HIV prevention and control program report for 2015
micro_IA40242405_0255,2016,2016,2016-01-01T00:00:00Z,exact,Annual report 2016-17
micro_IA40242405_0465,2016,2016,2016-01-01T00:00:00Z,exact,Pathfinder : bakery in the European Union
micro_IA40242405_0471,2016,2016,2016-01-01T00:00:00Z,exact,Functional foods and beverages in Japan
micro_IA40242405_0528,2016,2016,2016-01-01T00:00:00Z,exact,Acephate
micro_IA40242405_0529,2016,2016,2016-01-01T00:00:00Z,exact,Methomyl
micro_IA40242405_0530,2016,2016,2016-01-01T00:00:00Z,exact,4-Aminopyridine
micro_IA40242405_0532,2016,2016,2016-01-01T00:00:00Z,exact,Quinclorac
micro_IA40242405_0533,2016,2016,2016-01-01T00:00:00Z,exact,Acrolein
micro_IA40242405_0534,2016,2016,2016-01-01T00:00:00Z,exact,Cyfluthrin
micro_IA40242405_0776,2016,2016,2016-01-01T00:00:00Z,exact,Shifting towards autonomy : a continuing care model for Canada
micro_IA40242405_0794,2016,2016,2016-01-01T00:00:00Z,exact,"CCDR. volume 42-10 (October 6, 2016), Emerging challenges of vector-borne diseases and cities"
micro_IA40242405_0795,2016,2016,2016-01-01T00:00:00Z,exact,"CCDR. volume 42-11 (November 3, 2016), Antimicrobial resistance (AMR)"
micro_IA40242405_0796,2016,2016,2016-01-01T00:00:00Z,exact,"CCDR. volume 42-12 (December 1, 2016), Improving vaccination rates"
micro_IA40242405_0807,2016,2016,2016-01-01T00:00:00Z,exact,RMTC. Volume 42-12 (le 1er decembre 2016)
micro_IA40242405_2122,2016,2016,2016-01-01T00:00:00Z,exact,"FluWatch. Weeks 51 & 52 (December 20, 2015 to January 2, 2016)"
micro_IA40242405_2123,2016,2016,2016-01-01T00:00:00Z,exact,"FluWatch. Week 1 (January 3 to January 9, 2016)"
micro_IA40242405_2124,2016,2016,2016-01-01T00:00:00Z,exact,"FluWatch. Week 2 (January 10 to January 16, 2016)"
micro_IA40242405_2125,2016,2016,2016-01-01T00:00:00Z,exact,"FluWatch. Week 3 (January 17 to January 23, 2016)"
micro_IA40242405_2126,2016,2016,2016-01-01T00:00:00Z,exact,"FluWatch. Week 4 (January 24 to January 30, 2016)"
micro_IA40242405_2127,2016,2016,2016-01-01T00:00:00Z,exact,"FluWatch. Week 5 (January 31 to February 6, 2016)"
micro_IA40242405_2128,2016,2016,2016-01-01T00:00:00Z,exact,"FluWatch. Week 7 (February 14 to February 20, 2016)"
micro_IA40242405_2129,2016,2016,2016-01-01T00:00:00Z,exact,"FluWatch. Week 6 (February 7 to February 13, 2016)"
micro_IA40242405_2130,2016,2016,2016-01-01T00:00:00Z,exact,"FluWatch. Week 8 (February 21 to February 27, 2016)"
micro_IA40242405_2131,2016,2016,2016-01-01T00:00:00Z,exact,"FluWatch. Week 9 (February 28 to March 5, 2016)"
micro_IA40242405_2132,2016,2016,2016-01-01T00:00:00Z,exact,"FluWatch. Week 10 (March 6 to March 12, 2016)"
micro_IA40242405_2133,2016,2016,2016-01-01T00:00:00Z,exact,"FluWatch. Week 11 (March 13 to March 19, 2016)"
micro_IA40242405_2134,2016,2016,2016-01-01T00:00:00Z,exact,"FluWatch. Week 12 (March 20 to March 26, 2016)"
micro_IA40242405_2135,2016,2016,2016-01-01T00:00:00Z,exact,"FluWatch. Week 13 (March 27 to April 2, 2016)"
micro_IA40242405_2136,2016,2016,2016-01-01T00:00:00Z,exact,"FluWatch. Week 14 (April 3 to April 9, 2016)"
micro_IA40242405_2137,2016,2016,2016-01-01T00:00:00Z,exact,"FluWatch. Week 15 (April 10 to April 16, 2016)"
micro_IA40242405_2138,2016,2016,2016-01-01T00:00:00Z,exact,"FluWatch. Week 16 (April 17 to April 23, 2016)"
micro_IA40242405_2139,2016,2016,2016-01-01T00:00:00Z,exact,"FluWatch. Week 17 (April 24 to April 30, 2016)"
micro_IA40242405_2141,2016,2016,2016-01-01T00:00:00Z,exact,"FluWatch. Weeks 21-24 (May 22 to June 18, 2016)"
micro_IA40242405_2142,2016,2016,2016-01-01T00:00:00Z,exact,"FluWatch. Weeks 25-28 (June 19 to July 16, 2016)"
micro_IA40242405_2143,2016,2016,2016-01-01T00:00:00Z,exact,"FluWatch. Weeks 29-32 (July 17 to August 13, 2016)"
micro_IA40242405_2144,2016,2016,2016-01-01T00:00:00Z,exact,"FluWatch. Weeks 33-34 (August 14 to August 27, 2016)"
micro_IA40242405_3334,2016,2016,2016-01-01T00:00:00Z,exact,"Health promotion and chronic disease prevention in Canada. Volume 36, number 8 (August 2016) : research, policy and practice"
micro_IA40242405_3335,2016,2016,2016-01-01T00:00:00Z,exact,"Health promotion and chronic disease prevention in Canada. Volume 36, number 9 (September 2016) : research, policy and practice"
micro_IA40242405_3336,2016,2016,2016-01-01T00:00:00Z,exact,"Health promotion and chronic disease prevention in Canada. Volume 36, number 10 (October 2016) : research, policy and practice"
micro_IA40242405_3337,2016,2016,2016-01-01T00:00:00Z,exact,"Health promotion and chronic disease prevention in Canada. Volume 36, number 11 (November 2016) : research, policy and practice"
micro_IA40242405_3338,2016,2016,2016-01-01T00:00:00Z,exact,"Health promotion and chronic disease prevention in Canada. Volume 36, number 12 (December 2016) : research, policy and practice"
micro_IA40242405_3436,2016,2016,2016-01-01T00:00:00Z,exact,Building connections : Mississauga Halton Local Health Integration Network : annual report 2015-2016
micro_IA40242405_3442,2016,2016,2016-01-01T00:00:00Z,exact,"A snapshot of local health care : Erie St. Clair Local Health Integration Network annual report 2015-16 : for the year ending March 31, 2016"
micro_IA40242405_3443,2016,2016,2016-01-01T00:00:00Z,exact,"The momentum of better : Erie St. Clair Local Health Integration Network annual report 2016-17 : for the year ending March 31, 2017"
micro_IA40242405_3447,2016,2016,2016-01-01T00:00:00Z,exact,"Together, making healthy change happen : annual report 2015-2016"
micro_IA40242406_2092,2016,2016,2016-01-01T00:00:00Z,exact,Canadian Centre for Occupational Health and Safety : Departmental Results Report
micro_IA40242403_2763,2017,2017,2017-01-01T00:00:00Z,exact,"Strategic plan : March 31, 2017"
micro_IA40242403_2870,2017,2017,2017-01-01T00:00:00Z,exact,Beta-cyfluthrin
micro_IA40242403_2871,2017,2017,2017-01-01T00:00:00Z,exact,Imidacloprid
micro_IA40242403_2872,2017,2017,2017-01-01T00:00:00Z,exact,Garlic juice
micro_IA40242403_2873,2017,2017,2017-01-01T00:00:00Z,exact,Tebuconazole
micro_IA40242403_2884,2017,2017,2017-01-01T00:00:00Z,exact,Nicarbazin
micro_IA40242403_2889,2017,2017,2017-01-01T00:00:00Z,exact,Special review decision : simazine
micro_IA40242403_2890,2017,2017,2017-01-01T00:00:00Z,exact,Re-evaluation of neonicotinoid insecticides : update on pollinator risk assessments
micro_IA40242403_3132,2017,2017,2017-01-01T00:00:00Z,exact,The girl child
micro_IA40242404_0068,2017,2017,2017-01-01T00:00:00Z,exact,WSIB 2017 premium rates manual
micro_IA40242404_0078,2017,2017,2017-01-01T00:00:00Z,exact,2017-18 departmental plan
micro_IA40242404_0082,2017,2017,2017-01-01T00:00:00Z,exact,2017-18 departmental plan
micro_IA40242404_0085,2017,2017,2017-01-01T00:00:00Z,exact,2017-18 departmental plan
micro_IA40242404_0104,2017,2017,2017-01-01T00:00:00Z,exact,2017-18 departmental plan
micro_IA40242404_0134,2017,2017,2017-01-01T00:00:00Z,exact,2017-18 departmental plan
micro_IA40242404_0394,2017,2017,2017-01-01T00:00:00Z,exact,"Bios. Volume 32, number 2 (Spring 2017)"
micro_IA40242404_0417,2017,2017,2017-01-01T00:00:00Z,exact,Business plan 2017-20
micro_IA40242404_0589,2017,2017,2017-01-01T00:00:00Z,exact,Strategic plan 2017-2020
micro_IA40242404_0591,2017,2017,2017-01-01T00:00:00Z,exact,Nursing strategy 2017-2020 : nurses transforming health care
micro_IA40242404_0776,2017,2017,2017-01-01T00:00:00Z,exact,Polyoxin D zinc salt
micro_IA40242404_0777,2017,2017,2017-01-01T00:00:00Z,exact,Ammonium salt of fatty acid
micro_IA40242404_0778,2017,2017,2017-01-01T00:00:00Z,exact,Deltamethrin
micro_IA40242404_0779,2017,2017,2017-01-01T00:00:00Z,exact,1-methylcyclopropene
micro_IA40242404_0780,2017,2017,2017-01-01T00:00:00Z,exact,Saflufenacil
micro_IA40242404_0781,2017,2017,2017-01-01T00:00:00Z,exact,Aureobasidium pullulans strain DSM 14940 and Aureobasidium pullulans strain DSM 14941
micro_IA40242404_0782,2017,2017,2017-01-01T00:00:00Z,exact,Fluxapyroxad
micro_IA40242404_0783,2017,2017,2017-01-01T00:00:00Z,exact,Sulfentrazone
micro_IA40242404_0784,2017,2017,2017-01-01T00:00:00Z,exact,Prothioconazole
micro_IA40242404_0785,2017,2017,2017-01-01T00:00:00Z,exact,Trifloxystrobin
micro_IA40242404_0786,2017,2017,2017-01-01T00:00:00Z,exact,Flupyradifurone
micro_IA40242404_0787,2017,2017,2017-01-01T00:00:00Z,exact,Flupyradifurone
micro_IA40242404_0788,2017,2017,2017-01-01T00:00:00Z,exact,Fluoxastrobin
micro_IA40242404_0789,2017,2017,2017-01-01T00:00:00Z,exact,Ethaboxam
micro_IA40242404_0790,2017,2017,2017-01-01T00:00:00Z,exact,Penthiopyrad
micro_IA40242404_0791,2017,2017,2017-01-01T00:00:00Z,exact,Flumioxazin
micro_IA40242404_0792,2017,2017,2017-01-01T00:00:00Z,exact,Fluopicolide
micro_IA40242404_0793,2017,2017,2017-01-01T00:00:00Z,exact,Oxyfluorfen
micro_IA40242404_0794,2017,2017,2017-01-01T00:00:00Z,exact,Quizalofop-ethyl
micro_IA40242404_0795,2017,2017,2017-01-01T00:00:00Z,exact,Simazine
micro_IA40242404_0796,2017,2017,2017-01-01T00:00:00Z,exact,Isofetamid
micro_IA40242404_0797,2017,2017,2017-01-01T00:00:00Z,exact,Cyazofamid
micro_IA40242404_0926,2017,2017,2017-01-01T00:00:00Z,exact,Health care and social assistance industry
micro_IA40242404_0965,2017,2017,2017-01-01T00:00:00Z,exact,Business plan 2017-2018
micro_IA40242404_0968,2017,2017,2017-01-01T00:00:00Z,exact,Business plan 2017-2018
micro_IA40242404_0971,2017,2017,2017-01-01T00:00:00Z,exact,Business plan 2017-2018
micro_IA40242404_1132,2017,2017,2017-01-01T00:00:00Z,exact,Guidance document : pest control products fees and charges regulations
micro_IA40242404_1134,2017,2017,2017-01-01T00:00:00Z,exact,Pyroxasulfone
micro_IA40242404_1135,2017,2017,2017-01-01T00:00:00Z,exact,Clethodim
micro_IA40242404_1138,2017,2017,2017-01-01T00:00:00Z,exact,Management of submissions policy
micro_IA40242404_1140,2017,2017,2017-01-01T00:00:00Z,exact,Cumulative risk assessment framework
micro_IA40242404_1142,2017,2017,2017-01-01T00:00:00Z,exact,Glyphosate
micro_IA40242404_1144,2017,2017,2017-01-01T00:00:00Z,exact,Ammonia (present as ammonium carbamate)
micro_IA40242404_1145,2017,2017,2017-01-01T00:00:00Z,exact,Nicarbazin
micro_IA40242404_1148,2017,2017,2017-01-01T00:00:00Z,exact,Re-evaluation project plan for dodecylguanidine hydrochloride
micro_IA40242404_1149,2017,2017,2017-01-01T00:00:00Z,exact,Special review decision : diazinon--subsection 17(2) of Pest Control Products Act
micro_IA40242404_1150,2017,2017,2017-01-01T00:00:00Z,exact,Special review decision : diazinon--subsection 17(1) of Pest Control Products Act
micro_IA40242404_1151,2017,2017,2017-01-01T00:00:00Z,exact,Special review of hexazinone : proposed decision for consultation
micro_IA40242404_1152,2017,2017,2017-01-01T00:00:00Z,exact,Special review initiation : atrazine
micro_IA40242404_1153,2017,2017,2017-01-01T00:00:00Z,exact,Special review decision : atrazine
micro_IA40242404_1154,2017,2017,2017-01-01T00:00:00Z,exact,Re-evaluation project plan for tebufenozide
micro_IA40242404_1155,2017,2017,2017-01-01T00:00:00Z,exact,Re-evaluation project plan for cyprodinil
micro_IA40242404_1156,2017,2017,2017-01-01T00:00:00Z,exact,Re-evaluation project plan for pyriproxyfen
micro_IA40242404_1157,2017,2017,2017-01-01T00:00:00Z,exact,Special review decision : chloropicrin
micro_IA40242404_1168,2017,2017,2017-01-01T00:00:00Z,exact,Essential oil-based personal insect repellents (EOPIR) : information requirements for assessment of risks to human health : addendum to the Guidelines for the registration of non-conventional pest control products (DIR2012-01)
micro_IA40242404_1199,2017,2017,2017-01-01T00:00:00Z,exact,Chloropicrin
micro_IA40242404_1201,2017,2017,2017-01-01T00:00:00Z,exact,Octhilinone
micro_IA40242404_1203,2017,2017,2017-01-01T00:00:00Z,exact,Nicosulfuron
micro_IA40242404_1204,2017,2017,2017-01-01T00:00:00Z,exact,Dodine
micro_IA40242404_1207,2017,2017,2017-01-01T00:00:00Z,exact,Re-evaluation project plan for isoxaflutole
micro_IA40242404_1208,2017,2017,2017-01-01T00:00:00Z,exact,Re-evaluation project plan for copper thiocyanate
micro_IA40242404_1211,2017,2017,2017-01-01T00:00:00Z,exact,Indaziflam
micro_IA40242404_1213,2017,2017,2017-01-01T00:00:00Z,exact,Deltamethrin
micro_IA40242404_1214,2017,2017,2017-01-01T00:00:00Z,exact,Ammonium salt of fatty acid
micro_IA40242404_1215,2017,2017,2017-01-01T00:00:00Z,exact,Polyoxin D zinc salt
micro_IA40242404_1217,2017,2017,2017-01-01T00:00:00Z,exact,Re-evaluation project plan for isoxaflutole
micro_IA40242404_1352,2017,2017,2017-01-01T00:00:00Z,exact,Depression and suicidal ideation among Canadians aged 15 to 24
micro_IA40242404_1353,2017,2017,2017-01-01T00:00:00Z,exact,Tanning equipment use : 2014 Canadian community health survey
micro_IA40242404_1355,2017,2017,2017-01-01T00:00:00Z,exact,Smoking prevalence among Inuit in Canada
micro_IA40242404_1357,2017,2017,2017-01-01T00:00:00Z,exact,"Medically unexplained physical symptoms (MUPS) among adults in Canada : comorbidity, health care use and employment"
micro_IA40242404_1410,2017,2017,2017-01-01T00:00:00Z,exact,La pratique de la bicyclette au Canada
micro_IA40242404_1437,2017,2017,2017-01-01T00:00:00Z,exact,Food insecurity among Inuit living in Inuit Nunangat
micro_IA40242404_1526,2017,2017,2017-01-01T00:00:00Z,exact,"Health care professionals and official-language minorities in Canada, 2001 and 2011"
micro_IA40242404_1679,2017,2017,2017-01-01T00:00:00Z,exact,Plan for 2017-18
micro_IA40242404_1683,2017,2017,2017-01-01T00:00:00Z,exact,Plan for 2017-18
micro_IA40242404_1704,2017,2017,2017-01-01T00:00:00Z,exact,Budget address
micro_IA40242404_1782,2017,2017,2017-01-01T00:00:00Z,exact,"Association between breastfeeding and select chronic conditions among off-reserve First Nations, Metis and Inuit children in Canada"
micro_IA40242404_1916,2017,2017,2017-01-01T00:00:00Z,exact,Development of a population-based microsimulation model of body mass index
micro_IA40242404_1919,2017,2017,2017-01-01T00:00:00Z,exact,Acute care hospitalization of Aboriginal children and youth
micro_IA40242404_1920,2017,2017,2017-01-01T00:00:00Z,exact,Hospitalization rates among economic immigrants to Canada
micro_IA40242404_2069,2017,2017,2017-01-01T00:00:00Z,exact,Yukon statistical review 2016
micro_IA40242404_2116,2017,2017,2017-01-01T00:00:00Z,exact,Communities and diamonds : 2016 annual report
micro_IA40242404_2120,2017,2017,2017-01-01T00:00:00Z,exact,"Socio-economic agreements implementation report : 2016 annual report : Ekati, Diavik, Snap Lake and Gahcho Kue"
micro_IA40242404_2156,2017,2017,2017-01-01T00:00:00Z,exact,Annual report for 2016
micro_IA40242404_2158,2017,2017,2017-01-01T00:00:00Z,exact,Annual report for 2016
micro_IA40242404_2159,2017,2017,2017-01-01T00:00:00Z,exact,Annual report for 2016
micro_IA40242404_2160,2017,2017,2017-01-01T00:00:00Z,exact,Annual report for 2016
micro_IA40242404_2165,2017,2017,2017-01-01T00:00:00Z,exact,2016 annual report
micro_IA40242404_2169,2017,2017,2017-01-01T00:00:00Z,exact,Annual report for 2016
micro_IA40242404_2538,2017,2017,2017-01-01T00:00:00Z,exact,"Proceedings of the national science response process for the environmental and indirect human health risk assessment of the AquAdvantage salmon : July 17-19, 2013, Ottawa, Ontario"
micro_IA40242404_2684,2017,2017,2017-01-01T00:00:00Z,exact,2017/18-2019/20 service plan
micro_IA40242404_2713,2017,2017,2017-01-01T00:00:00Z,exact,Mapping wellness : Ontario's route to healthier communities : 2015 annual report of the Chief Medical Officer of Health of Ontario to the Legislative Assembly of Ontario
micro_IA40242404_3174,2017,2017,2017-01-01T00:00:00Z,exact,Annual report 2016-2017
micro_IA40242404_3418,2017,2017,2017-01-01T00:00:00Z,exact,"Health and wellness series. Healthy biscuits, snacks and snack bar trends in the United Kingdom"
micro_IA40242404_3419,2017,2017,2017-01-01T00:00:00Z,exact,Health and wellness series. Functional foods and beverages in China
micro_IA40242404_3420,2017,2017,2017-01-01T00:00:00Z,exact,Health and wellness series. Vegetarian and vegan food in Germany
micro_IA40242404_3425,2017,2017,2017-01-01T00:00:00Z,exact,Health and wellness series. Functional foods and beverages in the United Arab Emirates
micro_IA40242404_3678,2017,2017,2017-01-01T00:00:00Z,exact,Annual report 2016-2017
micro_IA40242404_3679,2017,2017,2017-01-01T00:00:00Z,exact,PEI cancer strategy annual progress report 2016-2017
micro_IA40242405_0121,2017,2017,2017-01-01T00:00:00Z,exact,Annual report for 2016-17
micro_IA40242405_0123,2017,2017,2017-01-01T00:00:00Z,exact,Annual report 2016-17
micro_IA40242405_0145,2017,2017,2017-01-01T00:00:00Z,exact,Annual report 2016-2017
micro_IA40242405_0146,2017,2017,2017-01-01T00:00:00Z,exact,2016-2017 annual report
micro_IA40242405_0159,2017,2017,2017-01-01T00:00:00Z,exact,2016-2017 annual report
micro_IA40242405_0168,2017,2017,2017-01-01T00:00:00Z,exact,Health Quality Council annual report 2016-2017
micro_IA40242405_0169,2017,2017,2017-01-01T00:00:00Z,exact,"Financial statements : for the year ended March 31, 2017"
micro_IA40242405_0173,2017,2017,2017-01-01T00:00:00Z,exact,"Heartland Health Region's annual report 2016-2017 : for the 2016-17 fiscal year ended March 31, 2017"
micro_IA40242405_0188,2017,2017,2017-01-01T00:00:00Z,exact,"Annual report : for the 2016-17 fiscal year ended March 31, 2017"
micro_IA40242405_0230,2017,2017,2017-01-01T00:00:00Z,exact,2016-2017 annual report
micro_IA40242405_0249,2017,2017,2017-01-01T00:00:00Z,exact,Annual report 2016-2017
micro_IA40242405_0253,2017,2017,2017-01-01T00:00:00Z,exact,Annual statistical report for 2016-17
micro_IA40242405_0459,2017,2017,2017-01-01T00:00:00Z,exact,Health and wellness series. Organic trends in the United Kingdom
micro_IA40242405_0473,2017,2017,2017-01-01T00:00:00Z,exact,Consumer profile : Poland
micro_IA40242405_0516,2017,2017,2017-01-01T00:00:00Z,exact,2016-17 departmental results report
micro_IA40242405_0535,2017,2017,2017-01-01T00:00:00Z,exact,Potassium peroxymonosulfate
micro_IA40242405_0540,2017,2017,2017-01-01T00:00:00Z,exact,Update on the neonicotinoid pesticides
micro_IA40242405_0544,2017,2017,2017-01-01T00:00:00Z,exact,Lambda-cyhalothrin
micro_IA40242405_0545,2017,2017,2017-01-01T00:00:00Z,exact,Diflufenzopyr-sodium
micro_IA40242405_0546,2017,2017,2017-01-01T00:00:00Z,exact,"E-8-dodecenyl acetate, Z-8-dodecenol and Z-8-dodecenyl acetate"
micro_IA40242405_0547,2017,2017,2017-01-01T00:00:00Z,exact,Amitraz
micro_IA40242405_0548,2017,2017,2017-01-01T00:00:00Z,exact,Phosmet
micro_IA40242405_0549,2017,2017,2017-01-01T00:00:00Z,exact,Acetic acid
micro_IA40242405_0550,2017,2017,2017-01-01T00:00:00Z,exact,Guidance for implementation of revisions to residue chemistry crop groups 4 and 5
micro_IA40242405_0551,2017,2017,2017-01-01T00:00:00Z,exact,Joint Canada/United States field trial requirements
micro_IA40242405_0552,2017,2017,2017-01-01T00:00:00Z,exact,Acute dermal toxicity study waiver
micro_IA40242405_0553,2017,2017,2017-01-01T00:00:00Z,exact,Rimsulfuron
micro_IA40242405_0554,2017,2017,2017-01-01T00:00:00Z,exact,Flonicamid
micro_IA40242405_0555,2017,2017,2017-01-01T00:00:00Z,exact,Ethylene oxide
micro_IA40242405_0556,2017,2017,2017-01-01T00:00:00Z,exact,Tioxazafen
micro_IA40242405_0557,2017,2017,2017-01-01T00:00:00Z,exact,Special review of sodium chlorate : proposed decision for consultation
micro_IA40242405_0558,2017,2017,2017-01-01T00:00:00Z,exact,Pest Management Regulatory Agency re-evaluation and special review work plan 2017-2022
micro_IA40242405_0559,2017,2017,2017-01-01T00:00:00Z,exact,Special review of chlorthal-dimethyl : proposed decision for consultation
micro_IA40242405_0560,2017,2017,2017-01-01T00:00:00Z,exact,Fluensulfone
micro_IA40242405_0561,2017,2017,2017-01-01T00:00:00Z,exact,Tioxazafen and MON 102133 SC nematicide seed treatment
micro_IA40242405_0581,2017,2017,2017-01-01T00:00:00Z,exact,1-methylcyclopropene
micro_IA40242405_0582,2017,2017,2017-01-01T00:00:00Z,exact,Aureobasidium pullulans strain DSM 14940 and Aureobasidium pullulans strain DSM 14941
micro_IA40242405_0583,2017,2017,2017-01-01T00:00:00Z,exact,Isopropyl alcohol
micro_IA40242405_0584,2017,2017,2017-01-01T00:00:00Z,exact,Sodium bromide
micro_IA40242405_0585,2017,2017,2017-01-01T00:00:00Z,exact,Fluroxypyr (present as ester) and Its associated end-use products : consultation document
micro_IA40242405_0586,2017,2017,2017-01-01T00:00:00Z,exact,"2,4-D update"
micro_IA40242405_0587,2017,2017,2017-01-01T00:00:00Z,exact,Re-evaluation project plan for kresoxim-methyl
micro_IA40242405_0588,2017,2017,2017-01-01T00:00:00Z,exact,Re-evaluation project plan for fenhexamid
micro_IA40242405_0589,2017,2017,2017-01-01T00:00:00Z,exact,"Re-evaluation project plan for 1,3-bis(hydroxymethyl)-5,5-dimethylhydantoin and 1- or 3-monomethylol-5,5-dimethylhydantoin"
micro_IA40242405_0590,2017,2017,2017-01-01T00:00:00Z,exact,Re-evaluation project plan for uniconazole-P
micro_IA40242405_0591,2017,2017,2017-01-01T00:00:00Z,exact,Re-evaluation project plan for tebuconazole
micro_IA40242405_0592,2017,2017,2017-01-01T00:00:00Z,exact,Cyclaniliprole
micro_IA40242405_0593,2017,2017,2017-01-01T00:00:00Z,exact,Bifenthrin and Capture 240 EC
micro_IA40242405_0594,2017,2017,2017-01-01T00:00:00Z,exact,Cyclaniliprole and cyclaniliprole 50SL insecticide
micro_IA40242405_0609,2017,2017,2017-01-01T00:00:00Z,exact,Tolpyralate and tolpyralate 400SC herbicide
micro_IA40242405_0610,2017,2017,2017-01-01T00:00:00Z,exact,"Oxathiapiprolin, DuPont Lumisena fungicide seed treatment and Plenaris 200FS seed treatment"
micro_IA40242405_0611,2017,2017,2017-01-01T00:00:00Z,exact,Indaziflam
micro_IA40242405_0612,2017,2017,2017-01-01T00:00:00Z,exact,Fluensulfone
micro_IA40242405_0613,2017,2017,2017-01-01T00:00:00Z,exact,Registration of pesticides for emergency use : revised procedures
micro_IA40242405_0614,2017,2017,2017-01-01T00:00:00Z,exact,Hydrogen peroxide and its associated end-use products : consultation document
micro_IA40242405_0615,2017,2017,2017-01-01T00:00:00Z,exact,Peroxyacetic acid and its associated end-use products : consultation document
micro_IA40242405_0616,2017,2017,2017-01-01T00:00:00Z,exact,Aminoethoxyvinylglycine hydrochloride and its associated end-use products : consultation document
micro_IA40242405_0617,2017,2017,2017-01-01T00:00:00Z,exact,N-octyl bicycloheptene dicarboximide (MGK-264) and its associated end-use products : consultation document
micro_IA40242405_0618,2017,2017,2017-01-01T00:00:00Z,exact,Special review of diphenylamine and its associated end-use products : proposed decision for consultation
micro_IA40242405_0619,2017,2017,2017-01-01T00:00:00Z,exact,Sulfentrazone
micro_IA40242405_0620,2017,2017,2017-01-01T00:00:00Z,exact,Tolpyralate
micro_IA40242405_0621,2017,2017,2017-01-01T00:00:00Z,exact,Chlorantraniliprole
micro_IA40242405_0622,2017,2017,2017-01-01T00:00:00Z,exact,Thiabendazole
micro_IA40242405_0637,2017,2017,2017-01-01T00:00:00Z,exact,Re-evaluation decision for antisapstain and joinery uses of propiconazole
micro_IA40242405_0638,2017,2017,2017-01-01T00:00:00Z,exact,Re-evaluation decision for antisapstain and joinery uses of boron
micro_IA40242405_0639,2017,2017,2017-01-01T00:00:00Z,exact,Re-evaluation decision for joinery use of tebuconazole
micro_IA40242405_0640,2017,2017,2017-01-01T00:00:00Z,exact,Re-evaluation decision for antisapstain use of copper-8-quinolinolate
micro_IA40242405_0641,2017,2017,2017-01-01T00:00:00Z,exact,Re-evaluation decision for antisapstain use of of 2 (thiocyanomethylthio) benzothiazole (TCMTB)
micro_IA40242405_0642,2017,2017,2017-01-01T00:00:00Z,exact,Re-evaluation decision for antisapstain and joinery uses of didecyl dimethyl ammonium chloride (DDAC)
micro_IA40242405_0643,2017,2017,2017-01-01T00:00:00Z,exact,Clethodim and its associated end-use products
micro_IA40242405_0644,2017,2017,2017-01-01T00:00:00Z,exact,Dichlorvos and its associated end-use products : consultation document
micro_IA40242405_0645,2017,2017,2017-01-01T00:00:00Z,exact,Zinc oxide and its associated end-use products (swimming pool and spa uses) : consultation document
micro_IA40242405_0646,2017,2017,2017-01-01T00:00:00Z,exact,Permethrin and its associated end-use products : consultation document
micro_IA40242405_0647,2017,2017,2017-01-01T00:00:00Z,exact,Fosetyl-aluminum and its associated end-use products : consultation document
micro_IA40242405_0648,2017,2017,2017-01-01T00:00:00Z,exact,Trichoderma harzianum Rifai strain KRL-AG2 and its associated end-use products : consultation document
micro_IA40242405_0649,2017,2017,2017-01-01T00:00:00Z,exact,Cyclaniliprole and cyclaniliprole 50SL insecticide
micro_IA40242405_0650,2017,2017,2017-01-01T00:00:00Z,exact,Re-evaluation project plan for flucarbazone
micro_IA40242405_0651,2017,2017,2017-01-01T00:00:00Z,exact,Clethodim
micro_IA40242405_0652,2017,2017,2017-01-01T00:00:00Z,exact,Bicyclopyrone
micro_IA40242405_0653,2017,2017,2017-01-01T00:00:00Z,exact,Re-evaluation decision for antisapstain and joinery uses of iodocarb
micro_IA40242405_0671,2017,2017,2017-01-01T00:00:00Z,exact,Spirotetramat
micro_IA40242405_0672,2017,2017,2017-01-01T00:00:00Z,exact,Flumioxazin
micro_IA40242405_0797,2017,2017,2017-01-01T00:00:00Z,exact,"CCDR. volume 43-1 (January 5, 2017), Enteric disease outbreaks"
micro_IA40242405_0798,2017,2017,2017-01-01T00:00:00Z,exact,"CCDR. volume 43-2 (February 2, 2017), Sexually transmitted infections"
micro_IA40242405_0799,2017,2017,2017-01-01T00:00:00Z,exact,"CCDR. volume 43-3/4 (March 2, 2017), Tuberculosis (TB)"
micro_IA40242405_0800,2017,2017,2017-01-01T00:00:00Z,exact,"CCDR. volume 43-5 (May 4, 2017), Implementation science"
micro_IA40242405_0801,2017,2017,2017-01-01T00:00:00Z,exact,"CCDR. volume 43-6 (June 1, 2017), Indigenous health"
micro_IA40242405_0802,2017,2017,2017-01-01T00:00:00Z,exact,"CCDR. volume 43-7/8 (July 6, 2017), Outbreak detection"
micro_IA40242405_0803,2017,2017,2017-01-01T00:00:00Z,exact,"CCDR. volume 43-9 (September 7, 2017), Scientific writing"
micro_IA40242405_0804,2017,2017,2017-01-01T00:00:00Z,exact,"CCDR. volume 43-10 (October 5, 2017), Emerging infections"
micro_IA40242405_1274,2017,2017,2017-01-01T00:00:00Z,exact,Annual report 2016-17
micro_IA40242405_1359,2017,2017,2017-01-01T00:00:00Z,exact,Residual infectious pancreatic necrosis (IPN) transmission risk from arctic char transfers into British Columbia
micro_IA40242405_2110,2017,2017,2017-01-01T00:00:00Z,exact,2016-17 departmental results report
micro_IA40242405_2145,2017,2017,2017-01-01T00:00:00Z,exact,"FluWatch. Week 1 (January 1 to 7, 2017)"
micro_IA40242405_2146,2017,2017,2017-01-01T00:00:00Z,exact,"FluWatch. Week 02 (January 8 to 14, 2017)"
micro_IA40242405_2147,2017,2017,2017-01-01T00:00:00Z,exact,"FluWatch. Week 03 (January 15 to 21, 2017)"
micro_IA40242405_2148,2017,2017,2017-01-01T00:00:00Z,exact,"FluWatch. Week 04 (January 22 to 28, 2017)"
micro_IA40242405_2149,2017,2017,2017-01-01T00:00:00Z,exact,"FluWatch. Week 05 (January 29 to February 4, 2017)"
micro_IA40242405_2150,2017,2017,2017-01-01T00:00:00Z,exact,"FluWatch. Week 06 (February 5 to February 11, 2017)"
micro_IA40242405_2151,2017,2017,2017-01-01T00:00:00Z,exact,"FluWatch. Week 07 (February 12 to February 18, 2017)"
micro_IA40242405_2152,2017,2017,2017-01-01T00:00:00Z,exact,"FluWatch. Week 08 (February 19 to February 25, 2017)"
micro_IA40242405_2153,2017,2017,2017-01-01T00:00:00Z,exact,"FluWatch. Week 09 (February 26 to March 4, 2017)"
micro_IA40242405_2154,2017,2017,2017-01-01T00:00:00Z,exact,"FluWatch. Week 10 (March 5 to March 11, 2017)"
micro_IA40242405_2155,2017,2017,2017-01-01T00:00:00Z,exact,"FluWatch. Week 11 (March 12 to March 18, 2017)"
micro_IA40242405_2156,2017,2017,2017-01-01T00:00:00Z,exact,"FluWatch. Week 12 (March 19 to March 25, 2017)"
micro_IA40242405_2157,2017,2017,2017-01-01T00:00:00Z,exact,"FluWatch. Week 13 (March 26 to April 1, 2017)"
micro_IA40242405_2158,2017,2017,2017-01-01T00:00:00Z,exact,"FluWatch. Week 14 (April 2 to April 8, 2017)"
micro_IA40242405_2159,2017,2017,2017-01-01T00:00:00Z,exact,"FluWatch. Week 15 (April 9 to April 15, 2017)"
micro_IA40242405_2160,2017,2017,2017-01-01T00:00:00Z,exact,"FluWatch. Week 16 (April 16 to April 22, 2017)"
micro_IA40242405_2161,2017,2017,2017-01-01T00:00:00Z,exact,"FluWatch. Week 17 (April 23 to April 29, 2017)"
micro_IA40242405_2162,2017,2017,2017-01-01T00:00:00Z,exact,"FluWatch. Week 18 (April 30 to May 6, 2017)"
micro_IA40242405_2163,2017,2017,2017-01-01T00:00:00Z,exact,"FluWatch. Week 19 (May 7 to May 13, 2017)"
micro_IA40242405_2164,2017,2017,2017-01-01T00:00:00Z,exact,"FluWatch. Week 20 (May 14 to May 20, 2017)"
micro_IA40242405_2165,2017,2017,2017-01-01T00:00:00Z,exact,"FluWatch. Weeks 25-29 (June 18 to July 22, 2017)"
micro_IA40242405_2166,2017,2017,2017-01-01T00:00:00Z,exact,"FluWatch. Weeks 21-24 (May 21 to June 17, 2017)"
micro_IA40242405_2167,2017,2017,2017-01-01T00:00:00Z,exact,"FluWatch. Weeks 30-33 (July 23 to August 19, 2017)"
micro_IA40242405_2168,2017,2017,2017-01-01T00:00:00Z,exact,"FluWatch. Week 34 (August 20 to 26, 2017)"
micro_IA40242405_2169,2017,2017,2017-01-01T00:00:00Z,exact,"FluWatch. Weeks 35-36 (August 27 to September 9, 2017)"
micro_IA40242405_2170,2017,2017,2017-01-01T00:00:00Z,exact,"FluWatch. Weeks 37-38 (September 10 to 23, 2017)"
micro_IA40242405_2171,2017,2017,2017-01-01T00:00:00Z,exact,"FluWatch. Weeks 39-40 (September 24 to October 7, 2017)"
micro_IA40242405_2172,2017,2017,2017-01-01T00:00:00Z,exact,"FluWatch. Week 41 (October 8 to 14, 2017)"
micro_IA40242405_2173,2017,2017,2017-01-01T00:00:00Z,exact,"FluWatch. Week 42 (October 15 to 21, 2017)"
micro_IA40242405_2174,2017,2017,2017-01-01T00:00:00Z,exact,"FluWatch. Week 43 (October 22 to 28, 2017)"
micro_IA40242405_2175,2017,2017,2017-01-01T00:00:00Z,exact,"FluWatch. Week 44 (October 29 to November 4, 2017)"
micro_IA40242405_2176,2017,2017,2017-01-01T00:00:00Z,exact,"FluWatch. Week 45 (November 5 to 11, 2017)"
micro_IA40242405_2177,2017,2017,2017-01-01T00:00:00Z,exact,"FluWatch. Week 46 (November 12 to 18, 2017)"
micro_IA40242405_2178,2017,2017,2017-01-01T00:00:00Z,exact,"FluWatch. Week 47 (November 19 to 25, 2017)"
micro_IA40242405_2179,2017,2017,2017-01-01T00:00:00Z,exact,"FluWatch. Week 48 (November 26 to December 2, 2017)"
micro_IA40242405_2180,2017,2017,2017-01-01T00:00:00Z,exact,"FluWatch. Week 49 (December 3 to 9, 2017)"
micro_IA40242405_2181,2017,2017,2017-01-01T00:00:00Z,exact,"FluWatch. Week 50 (December 10 to 16, 2017)"
micro_IA40242405_2182,2017,2017,2017-01-01T00:00:00Z,exact,"FluWatch. Weeks 51 and 52 (December 17 to 30, 2017)"
micro_IA40242405_2245,2017,2017,2017-01-01T00:00:00Z,exact,Canadian aquaculture R & D review 2017
micro_IA40242405_2695,2017,2017,2017-01-01T00:00:00Z,exact,Canadian Institutes of Health Research annual report 2016-17
micro_IA40242405_3269,2017,2017,2017-01-01T00:00:00Z,exact,2017/18--2019/20 service plan
micro_IA40242405_3296,2017,2017,2017-01-01T00:00:00Z,exact,2017/18-2019/20 service plan
micro_IA40242405_3298,2017,2017,2017-01-01T00:00:00Z,exact,2017/18-2019/20 service plan
micro_IA40242405_3339,2017,2017,2017-01-01T00:00:00Z,exact,"Health promotion and chronic disease prevention in Canada. Volume 37, number 1 (January 2017) : research, policy and practice"
micro_IA40242405_3340,2017,2017,2017-01-01T00:00:00Z,exact,"Health promotion and chronic disease prevention in Canada. Volume 37, number 2 (February 2017) : research, policy and practice"
micro_IA40242405_3341,2017,2017,2017-01-01T00:00:00Z,exact,"Health promotion and chronic disease prevention in Canada. Volume 37, number 3 (March 2017) : research, policy and practice"
micro_IA40242405_3342,2017,2017,2017-01-01T00:00:00Z,exact,"Health promotion and chronic disease prevention in Canada. Volume 37, number 4 (April 2017) : research, policy and practice"
micro_IA40242405_3343,2017,2017,2017-01-01T00:00:00Z,exact,"Health promotion and chronic disease prevention in Canada. Volume 37, number 5 (May 2017) : research, policy and practice"
micro_IA40242405_3344,2017,2017,2017-01-01T00:00:00Z,exact,"Health promotion and chronic disease prevention in Canada. Volume 37, number 6 (June 2017) : research, policy and practice"
micro_IA40242405_3345,2017,2017,2017-01-01T00:00:00Z,exact,"Health promotion and chronic disease prevention in Canada. Volume 37, number 7 (July 2017) : research, policy and practice"
micro_IA40242405_3346,2017,2017,2017-01-01T00:00:00Z,exact,"Health promotion and chronic disease prevention in Canada. Volume 37, number 8 (August 2017) : research, policy and practice"
micro_IA40242405_3347,2017,2017,2017-01-01T00:00:00Z,exact,"Health promotion and chronic disease prevention in Canada. Volume 37, number 9 (September 2017) : research, policy and practice"
micro_IA40242405_3348,2017,2017,2017-01-01T00:00:00Z,exact,"Health promotion and chronic disease prevention in Canada. Volume 37, number 10 (October 2017) : research, policy and practice"
micro_IA40242405_3349,2017,2017,2017-01-01T00:00:00Z,exact,"Health promotion and chronic disease prevention in Canada. Volume 37, number 11 (November 2017) : research, policy and practice"
micro_IA40242405_3350,2017,2017,2017-01-01T00:00:00Z,exact,"Health promotion and chronic disease prevention in Canada. Volume 37, number 12 (December 2017) : research, policy and practice"
micro_IA40242405_3386,2017,2017,2017-01-01T00:00:00Z,exact,2016-17 annual report
micro_IA40242405_3410,2017,2017,2017-01-01T00:00:00Z,exact,Advancing the future of health care : North West LHIN annual report 2016-2017
micro_IA40242405_3437,2017,2017,2017-01-01T00:00:00Z,exact,Through our local lens : Mississauga Halton Local Health Integration Network : annual report 2016-2017
micro_IA40242405_3439,2017,2017,2017-01-01T00:00:00Z,exact,"Dramatically improving the patient experience through quality, integration and value : 2016-2017 annual report"
micro_IA40242405_3448,2017,2017,2017-01-01T00:00:00Z,exact,"Together, making healthy change happen : annual report 2016-2017"
micro_IA40242405_3450,2017,2017,2017-01-01T00:00:00Z,exact,Annual business plan 2017-2018
micro_IA40242405_3457,2017,2017,2017-01-01T00:00:00Z,exact,South West Local Health Integration Network annual report 2016-17
micro_IA40242406_0175,2017,2017,2017-01-01T00:00:00Z,exact,Annual report for 2016-17
micro_IA40242406_0202,2017,2017,2017-01-01T00:00:00Z,exact,Annual report for 2016-17
micro_IA40242406_1043,2017,2017,2017-01-01T00:00:00Z,exact,Health Canada's Climate Change and Health Adaptation Program for First Nations south of 60N : funding application guide
micro_IA40242406_1049,2017,2017,2017-01-01T00:00:00Z,exact,Residential indoor air quality guideline : acetaldehyde
micro_IA40242406_1050,2017,2017,2017-01-01T00:00:00Z,exact,Residential indoor air quality guideline : science assessment document : acetaldehyde
micro_IA40242406_3324,2017,2017,2017-01-01T00:00:00Z,exact,Canadian Arctic Contaminants Assessment Report - Human Health Assessment 2017
micro_IA40242405_2183,2018,2018,2018-01-01T00:00:00Z,exact,"FluWatch. Week 01 (December 31, 2017 to January 6, 2018)"
micro_IA40242405_3270,2018,2018,2018-01-01T00:00:00Z,exact,2018/19--2020/21 service plan
micro_IA40242405_3280,2018,2018,2018-01-01T00:00:00Z,exact,2018/19-2020/21 service plan
micro_IA40242405_3295,2018,2018,2018-01-01T00:00:00Z,exact,2018/19-2020/21 service plan
micro_IA40242405_3297,2018,2018,2018-01-01T00:00:00Z,exact,2018/19-2020/21 service plan
micro_IA40242405_3351,2018,2018,2018-01-01T00:00:00Z,exact,"Health promotion and chronic disease prevention in Canada. Volume 38, number 1 (January 2018) : research, policy and practice"
micro_IA40242405_3352,2018,2018,2018-01-01T00:00:00Z,exact,"Health promotion and chronic disease prevention in Canada. Volume 38, number 2 (February 2018) : research, policy and practice"
micro_IA40242406_0029,2018,2018,2018-01-01T00:00:00Z,exact,Business plan 2018-19
micro_IA40242406_0032,2018,2018,2018-01-01T00:00:00Z,exact,Business plan 2018-19
micro_IA40242406_0035,2018,2018,2018-01-01T00:00:00Z,exact,Business plan 2018-19
micro_IA40242406_0163,2018,2018,2018-01-01T00:00:00Z,exact,Plan for 2018-19
micro_IA40242406_0165,2018,2018,2018-01-01T00:00:00Z,exact,Plan for 2018-19
micro_IA40242406_0223,2018,2018,2018-01-01T00:00:00Z,exact,Association between the frequency of cannabis use and selected social indicators
micro_IA40242406_0261,2018,2018,2018-01-01T00:00:00Z,exact,2018-19 departmental plan
micro_IA40242406_0269,2018,2018,2018-01-01T00:00:00Z,exact,U.S. Environmental Protection Agency significant new use rule (SNUR) programs and Environment and Climate Change Canada/Health Canada significant new activity (SNAc) provisions
micro_IA40242406_0325,2018,2018,2018-01-01T00:00:00Z,exact,Proposed approach to the regulation of cannabis : summary of comments received during the public consultation
micro_IA40242406_0327,2018,2018,2018-01-01T00:00:00Z,exact,2018-19 departmental plan
micro_IA40242406_0329,2018,2018,2018-01-01T00:00:00Z,exact,Cumulative health risk assessment framework
micro_IA40242406_0331,2018,2018,2018-01-01T00:00:00Z,exact,"E-8-dodecenyl acetate, Z-8-dodecenol and Z-8-dodecenyl acetate, and their associated end-use products : final decision"
micro_IA40242406_0333,2018,2018,2018-01-01T00:00:00Z,exact,Diflufenzopyr-sodium and its associated end-use products : final decision document
micro_IA40242406_0335,2018,2018,2018-01-01T00:00:00Z,exact,Ventilation and the indoor environment
micro_IA40242406_0337,2018,2018,2018-01-01T00:00:00Z,exact,Consultation summary : proposals for the regulation of vaping products
micro_IA40242406_0339,2018,2018,2018-01-01T00:00:00Z,exact,Canada's food guide consultation. Phase 2 : what we heard report
micro_IA40242406_0341,2018,2018,2018-01-01T00:00:00Z,exact,Health product infowatch. April 2018
micro_IA40242406_0343,2018,2018,2018-01-01T00:00:00Z,exact,"CCDR. Volume 44-5 (May 3, 2018), Emergency response"
micro_IA40242406_0345,2018,2018,2018-01-01T00:00:00Z,exact,The time is now : CPHO spotlight on eliminating tuberculosis in Canada
micro_IA40242406_0347,2018,2018,2018-01-01T00:00:00Z,exact,"Report from the Canadian chronic disease surveillance system : asthma and chronic obstructive pulmonary disease (COPD) in Canada, 2018"
micro_IA40242406_0349,2018,2018,2018-01-01T00:00:00Z,exact,"Parkinsonism in Canada, including Parkinson's disease : highlights from the Canadian chronic disease surveillance system"
micro_IA40242406_0351,2018,2018,2018-01-01T00:00:00Z,exact,Literature review update on the efficacy and effectiveness of high-dose (Fluzone high-dose) and MF59-adjuvanted (Fluad) Trivalent inactivated influenza vaccines in adults 65 years of age and older
micro_IA40242406_0352,2018,2018,2018-01-01T00:00:00Z,exact,Mise a jour sur la revue de la litterature portant sur l'efficacite potentielle et reelle des vaccins antigrippaux trivalents inactives a forte dose (Fluzone haute dose) et contenant l'adjuvant MF59 (Fluad) chez les adultes ages de 65 ans et plus
micro_IA40242406_0353,2018,2018,2018-01-01T00:00:00Z,exact,Literature review on individuals with neurologic or neurodevelopment conditions and risk of serious influenza-related complications
micro_IA40242406_0355,2018,2018,2018-01-01T00:00:00Z,exact,"FluWatch. Week 15 (April 8 to 14, 2018)"
micro_IA40242406_0357,2018,2018,2018-01-01T00:00:00Z,exact,"FluWatch. Week 16 (April 15 to 21, 2018)"
micro_IA40242406_0359,2018,2018,2018-01-01T00:00:00Z,exact,"FluWatch. Week 17 (April 22 to 28, 2018)"
micro_IA40242406_0556,2018,2018,2018-01-01T00:00:00Z,exact,2018-19 departmental plan
micro_IA40242406_0566,2018,2018,2018-01-01T00:00:00Z,exact,2018-19 departmental plan
micro_IA40242406_0592,2018,2018,2018-01-01T00:00:00Z,exact,2018-19 departmental plan
micro_IA40242406_0616,2018,2018,2018-01-01T00:00:00Z,exact,"Report 4, oral health programs for First Nations and Inuit : Health Canada, of the 2017 fall reports of the Auditor General of Canada : report of the Standing Committee on Public Accounts"
micro_IA40242406_0714,2018,2018,2018-01-01T00:00:00Z,exact,A study on the status of antimicrobial resistance in Canada and related recommendations : report of the Standing Committee on Health
micro_IA40242406_0716,2018,2018,2018-01-01T00:00:00Z,exact,"Evidence. Number 099 (1st session, 42nd Parliament)"
micro_IA40242406_0718,2018,2018,2018-01-01T00:00:00Z,exact,"Evidence. Number 100 (1st session, 42nd Parliament)"
micro_IA40242406_0720,2018,2018,2018-01-01T00:00:00Z,exact,"Evidence. Number 101 (1st session, 42nd Parliament)"
micro_IA40242406_0722,2018,2018,2018-01-01T00:00:00Z,exact,"Evidence. Number 102 (1st session, 42nd Parliament)"
micro_IA40242406_0724,2018,2018,2018-01-01T00:00:00Z,exact,"Evidence. Number 103 (1st session, 42nd Parliament)"
micro_IA40242406_0819,2018,2018,2018-01-01T00:00:00Z,exact,"Standing Senate Committee on National Security and Defence, proceedings of the Subcommittee on Veterans Affairs. Issue no. 11 (Wednesday, March 21, 2018)"
micro_IA40242406_0837,2018,2018,2018-01-01T00:00:00Z,exact,Waste management. Volume II : assessing the long-term safety of radioactive waste management
micro_IA40242406_0843,2018,2018,2018-01-01T00:00:00Z,exact,Aircrew neck-trouble future solutions : state-of-the-art-report
micro_IA40242406_0874,2018,2018,2018-01-01T00:00:00Z,exact,Helicoverpa armigera nucleopolyhedrovirus isolate BV-0003 and Helicovex
micro_IA40242406_0965,2018,2018,2018-01-01T00:00:00Z,exact,"Evidence. Number 104 (1st session, 42nd Parliament)"
micro_IA40242406_0966,2018,2018,2018-01-01T00:00:00Z,exact,"Evidence. Number 105 (1st session, 42nd Parliament)"
micro_IA40242406_0967,2018,2018,2018-01-01T00:00:00Z,exact,"Evidence. Number 106 (1st session, 42nd Parliament)"
micro_IA40242406_1010,2018,2018,2018-01-01T00:00:00Z,exact,Ethics in research : a science lifecycle approach
micro_IA40242406_1015,2018,2018,2018-01-01T00:00:00Z,exact,Assessment of the relevance of the inclusion of radionuclides as a chemical of mutual concern under annex 3 of the Canada-United States Great Lakes Water Quality Agreement
micro_IA40242406_1035,2018,2018,2018-01-01T00:00:00Z,exact,Chlorothalonil and its associated end-use products for agricultural and turf uses : final decision
micro_IA40242406_1037,2018,2018,2018-01-01T00:00:00Z,exact,Captan and its associated end-use products : final decision
micro_IA40242406_1039,2018,2018,2018-01-01T00:00:00Z,exact,Acetic acid and its associated end-use products : final decision document
micro_IA40242406_1041,2018,2018,2018-01-01T00:00:00Z,exact,Drug benefit list. Winter 2018
micro_IA40242406_1045,2018,2018,2018-01-01T00:00:00Z,exact,Hydrogen peroxide and peroxyacetic acid and OxiDate 2.0
micro_IA40242406_1047,2018,2018,2018-01-01T00:00:00Z,exact,Flazasulfuron and flazasulfuron 25WG herbicide
micro_IA40242406_1061,2018,2018,2018-01-01T00:00:00Z,exact,Preventing and managing chronic disease in First Nations communities : a guidance framework
micro_IA40242406_1062,2018,2018,2018-01-01T00:00:00Z,exact,Preventing and managing chronic disease in First Nations communities : a guidance framework (summary version)
micro_IA40242406_1076,2018,2018,2018-01-01T00:00:00Z,exact,Improving support for jurors in Canada : report of the Standing Committee on Justice and Human Rights
micro_IA40242406_1114,2018,2018,2018-01-01T00:00:00Z,exact,An advisory committee review National Advisory Committee on Immunization (NACI) : NACI literature review on the comparative effectiveness and immunogenicity of subunit and split virus inactivated influenza vaccines in adults 65 years of age and older
micro_IA40242406_1116,2018,2018,2018-01-01T00:00:00Z,exact,"Health promotion and chronic disease prevention in Canada. Volume 38, number 5 (May 2018) : research, policy and practice"
micro_IA40242406_1118,2018,2018,2018-01-01T00:00:00Z,exact,"FluWatch. Week 19 (May 6 to 12, 2018)"
micro_IA40242406_1120,2018,2018,2018-01-01T00:00:00Z,exact,2017-20 departmental sustainable development strategy : 2018-19 update
micro_IA40242406_1127,2018,2018,2018-01-01T00:00:00Z,exact,"Partial sinking with loss of life : commercial sport fishing vessel BC1329967 (Catatonic), Tofino, British Columbia, 30 April 2017"
micro_IA40242406_1187,2018,2018,2018-01-01T00:00:00Z,exact,Federal contaminated site risk assessment in Canada : supplemental guidance on human health risk assessment of indoor settled dust (HHRAdust)
micro_IA40242406_1189,2018,2018,2018-01-01T00:00:00Z,exact,Gluten : a group of proteins that people with gluten-related disorders should avoid
micro_IA40242406_1191,2018,2018,2018-01-01T00:00:00Z,exact,Re-evaluation project plan for zoxamide
micro_IA40242406_1193,2018,2018,2018-01-01T00:00:00Z,exact,Building trust to advance competition in the marketplace : 2018-19 annual plan
micro_IA40242406_1259,2018,2018,2018-01-01T00:00:00Z,exact,"Evidence. Number 107 (1st session, 42nd Parliament)"
micro_IA40242406_1261,2018,2018,2018-01-01T00:00:00Z,exact,"Report 5, preparing women offenders for release : Correctional Service Canada, of the 2017 fall reports of the Auditor General of Canada : report of the Standing Committee on Public Accounts"
micro_IA40242406_1306,2018,2018,2018-01-01T00:00:00Z,exact,"FluWatch. Week 20 (May 13 to 19, 2018)"
micro_IA40242406_1308,2018,2018,2018-01-01T00:00:00Z,exact,An advisory committee statement (ACS) National Advisory Committee on Immunization (NACI) : Canadian immunization guide chapter on influenza and statement on seasonal influenza vaccine for 2018-2019
micro_IA40242406_1309,2018,2018,2018-01-01T00:00:00Z,exact,Une declaration d'un comite consultatif (DCC) Comite consultatif national de l'immunisation (CCNI) : chapitre sur la grippe du guide canadien d'immunisation et declaration sur la vaccination antigrippale pour la saison 2018-2019
micro_IA40242406_1391,2018,2018,2018-01-01T00:00:00Z,exact,Re-evaluation project plan for flufenacet
micro_IA40242406_1393,2018,2018,2018-01-01T00:00:00Z,exact,Generic criteria and operational intervention levels for nuclear emergency planning and response
micro_IA40242406_1395,2018,2018,2018-01-01T00:00:00Z,exact,Pyrimethanil
micro_IA40242406_1397,2018,2018,2018-01-01T00:00:00Z,exact,Abamectin
micro_IA40242406_1399,2018,2018,2018-01-01T00:00:00Z,exact,"Pydiflumetofen, A19649 fungicide, A19649TO fungicide, A20259 fungicide, A20560 fungicide, and A21462 fungicide"
micro_IA40242406_1401,2018,2018,2018-01-01T00:00:00Z,exact,Cyantraniliprole
micro_IA40242406_1403,2018,2018,2018-01-01T00:00:00Z,exact,Fenpicoxamid
micro_IA40242406_1405,2018,2018,2018-01-01T00:00:00Z,exact,Protecting access to immune globulins for Canadians : final report of the expert panel on immune globulin product supply and related impacts in Canada
micro_IA40242406_1417,2018,2018,2018-01-01T00:00:00Z,exact,Building trust to advance competition in the marketplace : 2018-19 annual plan
micro_IA40242406_1430,2018,2018,2018-05-24T00:00:00Z,exact,Taxation of employer-provided health benefits
micro_IA40242406_1450,2018,2018,2018-05-01T00:00:00Z,exact,Pan-Canadian Health Inequalities Reporting Initiative: Key Health Inequalities in Canada - A National Portrait
micro_IA40242406_1614,2018,2018,2018-01-01T00:00:00Z,exact,Health Canada's departmental sustainable development strategy 2018-2019
micro_IA40242406_1622,2018,2018,2018-01-01T00:00:00Z,exact,Natural and Non-Prescription Health Products Directorate : Drug Submission Performance Annual Report-Fiscal Year 2017-2018 April 1 2017-March 31 2018
micro_IA40242406_1672,2018,2018,2018-06-07T00:00:00Z,exact,Standing Committee on Health: Evidence
micro_IA40242406_1745,2018,2018,2018-05-01T00:00:00Z,exact,Pan-Canadian Health Inequalities Reporting Initiative: Key Health Inequalities in Canada - A National Portrait - Executive Summary
micro_IA40242406_1747,2018,2018,2018-06-07T00:00:00Z,exact,CCDR: Canada communicable disease report - Vaccine Update
micro_IA40242406_1748,2018,2018,2018-01-01T00:00:00Z,exact,Office of the Ombudsman for Mental Health: 2017-2018 Annual Report to the Deputy Minister
micro_IA40242406_1799,2018,2018,2018-06-01T00:00:00Z,exact,Report of the Standing Committee on Health : Report on Highly Sweetened Pre-Mixed Alcoholic Beverages
micro_IA40242406_1830,2018,2018,2018-06-13T00:00:00Z,exact,Standing Committee on Health: Evidence
micro_IA40242406_1911,2018,2018,2018-06-01T00:00:00Z,exact,"Health promotion and chronic disease prevention in Canada: Research, policy and practice (Continues: Chronic Diseases and Injuries in Canada)"
micro_IA40242406_1993,2018,2018,2018-01-01T00:00:00Z,exact,Health Canada - Guidance Document : Management of Disinfectant Drug Applications (2018)
micro_IA40242406_1995,2018,2018,2018-09-01T00:00:00Z,exact,Health Canada - Guidance Document : Conduct and Analysis of Comparative Bioavailability Studies
micro_IA40242406_1997,2018,2018,2018-07-01T00:00:00Z,exact,Health Canada - Guidance Document : Comparative Bioavailability Standards: Formulations Used for System Effects
micro_IA40242406_1999,2018,2018,2018-06-13T00:00:00Z,exact,Guidance Document : Cancellation of a Drug Identification Number (DIN) and Notification of Discontinuation of Sales
micro_IA40242406_2001,2018,2018,2018-05-11T00:00:00Z,exact,Guidance Document : Patented Medicines (Notice of Compliance) Regulations
micro_IA40242406_2009,2018,2018,2018-06-01T00:00:00Z,exact,Third Interim Report on Medical Assistance in Dying in Canada
micro_IA40242406_2101,2018,2018,2018-06-01T00:00:00Z,exact,Correctional Service Canada: Research Report: An Examination of the Mental Health Continuum of Care
micro_IA40242406_2103,2018,2018,2018-06-01T00:00:00Z,exact,Correctional Service Canada: Research Report: Inter-rater Reliability and Concurrent Validity of the Mental Health Need Scale
micro_IA40242406_2138,2018,2018,2018-04-11T00:00:00Z,exact,Natural Health Product Licence Amendment and Notification Form User Guide
micro_IA40242406_2144,2018,2018,2018-06-01T00:00:00Z,exact,Health Product InfoWatch
micro_IA40242406_2170,2018,2018,2018-01-01T00:00:00Z,exact,Federal/Provincial/Territorial Public Health Response Plan for Biological Events
micro_IA40242406_2262,2018,2018,2018-05-01T00:00:00Z,exact,Report from the Canadian Chronic Disease Surveillance System : Heart Disease in Canada 2018
micro_IA40242406_2264,2018,2018,2018-07-05T00:00:00Z,exact,CCDR: Canada communicable disease report
micro_IA40242406_2349,2018,2018,2018-01-01T00:00:00Z,exact,Proposed approach to cost recovery for the regulation of cannabis : for consultation
micro_IA40242406_2351,2018,2018,2018-01-01T00:00:00Z,exact,Guidance document : fees for the right to sell drugs
micro_IA40242406_2353,2018,2018,2018-01-01T00:00:00Z,exact,Trifloxystrobin
micro_IA40242406_2355,2018,2018,2018-01-01T00:00:00Z,exact,Chlorimuron and its associated end-use products : consultation document
micro_IA40242406_2357,2018,2018,2018-01-01T00:00:00Z,exact,Mandipropamid
micro_IA40242406_2359,2018,2018,2018-01-01T00:00:00Z,exact,Flubendiamide
micro_IA40242406_2361,2018,2018,2018-01-01T00:00:00Z,exact,Therapeutic Products Directorate statistical report 2017/2018 : Patented Medicines (notice of compliance) Regulations and Data Protection (C.08.004.1 of the Food and Drug Regulations
micro_IA40242406_2365,2018,2018,2018-01-01T00:00:00Z,exact,Rimsulfuron
micro_IA40242406_2367,2018,2018,2018-01-01T00:00:00Z,exact,Pyroxasulfone
micro_IA40242406_2369,2018,2018,2018-01-01T00:00:00Z,exact,"Ethylene bis-dithiocarbamate (EBDC) fungicides: mancozeb, metiram, maneb and zineb"
micro_IA40242406_2505,2018,2018,2018-01-01T00:00:00Z,exact,Guidance for evaluating human health impacts in environmental assessment : country foods
micro_IA40242406_2507,2018,2018,2018-01-01T00:00:00Z,exact,Submission of targeted risk management plans and follow-up commitments for prescription opioid-containing products : guidance for industry
micro_IA40242406_2509,2018,2018,2018-01-01T00:00:00Z,exact,"Annual performance report : April 1, 2017 through March 31, 2018"
micro_IA40242406_2511,2018,2018,2018-01-01T00:00:00Z,exact,Reporting adverse reactions to marketed health products : guidance document for industry
micro_IA40242406_2513,2018,2018,2018-01-01T00:00:00Z,exact,Preparing and submitting summary reports for marketed drugs and natural health products : guidance document for industry
micro_IA40242406_2515,2018,2018,2018-01-01T00:00:00Z,exact,Flupyradifurone; BCS 2960 insecticide; Altus insecticide
micro_IA40242406_2557,2018,2018,2018-01-01T00:00:00Z,exact,In sickness and in health : the association between health and household income
micro_IA40242406_2625,2018,2018,2018-01-01T00:00:00Z,exact,Canadian environmental sustainability indicators : drinking water advisories
micro_IA40242406_2700,2018,2018,2018-07-01T00:00:00Z,exact,Health Product InfoWatch
micro_IA40242406_2730,2018,2018,2018-06-01T00:00:00Z,exact,"West Nile Virus and Other Mosquito-borne Disease Report: June 24-June 30, 2018"
micro_IA40242406_2731,2018,2018,2018-07-01T00:00:00Z,exact,"West Nile Virus and Other Mosquito-borne Disease Report: July 1-July 7, 2018"
micro_IA40242406_2732,2018,2018,2018-07-01T00:00:00Z,exact,"West Nile Virus and Other Mosquito-borne Disease Report: July 8-July 14, 2018"
micro_IA40242406_2733,2018,2018,2018-07-01T00:00:00Z,exact,"West Nile Virus and Other Mosquito-borne Disease Report: July 15-July 21, 2018"
micro_IA40242406_2998,2018,2018,2018-08-01T00:00:00Z,exact,Guidance for the Environmental Public Health Management of Crude Oil Incidents
micro_IA40242406_3004,2018,2018,2018-01-01T00:00:00Z,exact,Celiac Disease : The gluten connection
micro_IA40242406_3013,2018,2018,2018-07-01T00:00:00Z,exact,La Vaccination chez les Adultes Canadiens : Resultats de l'enquete nationale sur la couverture vaccinale des Adultes de 2016 (ENCVA)
micro_IA40242406_3014,2018,2018,2018-06-01T00:00:00Z,exact,A Pan-Canadian Framework for Action : Reducing the Health Impact of Sexually Transmitted and Blood-Borne Infections in Canada by 2030
micro_IA40242406_3017,2018,2018,2018-07-01T00:00:00Z,exact,La Vaccination chez les Adultes Canadiens : Faits saillants de l'enquete nationale sur la couverture vaccinale des Adultes (ENCVA)
micro_IA40242406_3018,2018,2018,2018-07-01T00:00:00Z,exact,"Health promotion and chronic disease prevention in Canada: Research, policy and practice (Continues: Chronic Diseases and Injuries in Canada)"
micro_IA40242406_3020,2018,2018,2018-07-22T00:00:00Z,exact,West Nile Virus and Other Mosquito-borne Disease Report
micro_IA40242406_3021,2018,2018,2018-07-29T00:00:00Z,exact,West Nile Virus and Other Mosquito-borne Disease Report
micro_IA40242406_3080,2018,2018,2018-08-01T00:00:00Z,exact,Natural and Non-Prescription Health Products Directorate : Drug Submission Performance Quarterly Report April-June 2018
micro_IA40242406_3084,2018,2018,2018-01-01T00:00:00Z,exact,Non-Insured Health Benefits First Nations and Inuit Health Branch : Drug Benefit List
micro_IA40242406_3137,2018,2018,2018-08-01T00:00:00Z,exact,West Nile Virus and Other Mosquito-borne Disease Report
micro_IA40242406_3164,2018,2018,2018-05-01T00:00:00Z,exact,Institute of Circulatory & Respiratory Health : Strategic Plan 2017/18-2019/20
micro_IA40242406_3166,2018,2018,2018-01-01T00:00:00Z,exact,Canadian Institutes of Health Research: Annual report 2017-2018
micro_IA40242406_3170,2018,2018,2018-03-01T00:00:00Z,exact,Occupational Health and Safety Audit - Audit Report
micro_IA40242406_3210,2018,2018,2018-08-27T00:00:00Z,exact,Post-Notice of Compliance (NOC) Changes: Framework Document
micro_IA40242406_3212,2018,2018,2018-06-26T00:00:00Z,exact,Guidance Document : Post-Notice of Compliance (NOC) Changes: Safety and Efficacy Document
micro_IA40242406_3214,2018,2018,2018-07-12T00:00:00Z,exact,Guidance Document : Use of a Foreign-sourced Reference Product as a Canadian Reference Product
micro_IA40242406_3216,2018,2018,2018-04-01T00:00:00Z,exact,Helping you maintain and improve your health - Drug and medical device highlights 2017
micro_IA40242406_3218,2018,2018,2018-01-01T00:00:00Z,exact,Guidelines for Canadian Drinking Water Quality - Guideline Technical Document: Bromate
micro_IA40242406_3402,2018,2018,2018-08-01T00:00:00Z,exact,Health Product InfoWatch
micro_IA40242406_3426,2018,2018,2018-08-01T00:00:00Z,exact,West Nile Virus and Other Mosquito-borne Disease Report
micro_IA40242406_3427,2018,2018,2018-08-19T00:00:00Z,exact,West Nile Virus and Other Mosquito-borne Disease Report
micro_IA40242406_3520,2018,2018,2018-08-26T00:00:00Z,exact,West Nile Virus and Other Mosquito-borne Disease Report
micro_IA40242406_3621,2018,2018,2018-05-01T00:00:00Z,exact,Canada's federal programs in biotechnology for human health
micro_IA40242406_3665,2018,2018,2018-09-01T00:00:00Z,exact,"Health promotion and chronic disease prevention in Canada: Research, policy and practice (Continues: Chronic Diseases and Injuries in Canada)"
micro_IA40242406_3730,2018,2018,2018-09-25T00:00:00Z,exact,Health Canada Pest Management Regulatory Agency : Special Review Decision
micro_IA40242406_3777,2018,2018,2018-09-01T00:00:00Z,exact,Report of the Standing Committee on Health : Organ Donation in Canada
micro_IA40242406_3795,2018,2018,2018-09-02T00:00:00Z,exact,West Nile Virus and Other Mosquito-borne Disease Report
micro_IA40242406_3870,2018,2018,2018-09-01T00:00:00Z,exact,Canadian environmental sustainability indicators: Air Health Trends
micro_IA40242407_0002,2018,2018,2018-09-01T00:00:00Z,exact,Health Product InfoWatch
micro_IA40242407_0092,2018,2018,2018-09-27T00:00:00Z,exact,Standing Committee on Health: Evidence
micro_IA40242407_0138,2018,2018,2018-01-01T00:00:00Z,exact,The Canadian Chronic Disease Surveillance System
micro_IA40242407_0140,2018,2018,2018-09-01T00:00:00Z,exact,West Nile Virus and Other Mosquito-borne Disease Report
micro_IA40242407_0210,2018,2018,2018-10-01T00:00:00Z,exact,Health Canada - Guidance Document : Applications for Medical Device Investigational Testing Authorizations
micro_IA40242407_0276,2018,2018,2018-10-02T00:00:00Z,exact,Standing Committee on Health: Evidence
micro_IA40242407_0294,2018,2018,2018-09-06T00:00:00Z,exact,CCDR: Canada communicable disease report
micro_IA40242407_0295,2018,2018,2018-10-04T00:00:00Z,exact,CCDR: Canada communicable disease report
micro_IA40242407_0298,2018,2018,2018-10-01T00:00:00Z,exact,"Health promotion and chronic disease prevention in Canada: Research, policy and practice (Continues: Chronic Diseases and Injuries in Canada)"
micro_IA40242407_0394,2018,2018,2018-09-16T00:00:00Z,exact,West Nile Virus and Other Mosquito-borne Disease Report
micro_IA40242407_0444,2018,2018,2018-10-04T00:00:00Z,exact,Standing Committee on Health: Evidence
